name,latitude,longitude,subtype,year,date_reported,description,image_url,official_url,county,city
Mormon Print Shop,45.746111,-85.521111,Museum,2012,2012,"museum on Beaver Island, Michigan",http://commons.wikimedia.org/wiki/Special:FilePath/Mormon%20Print%20shop.JPG,https://en.wikipedia.org/wiki/Mormon_Print_Shop,Charlevoix,
Meadow Brook Hall,42.67194444,-83.20111111,Historic house,1979,1979,"110-room, 88,000-square-foot (8,200 m2) mansion, contains paintings by Rembrandt, Anthony van Dyck, Rosa Bonheur, Gilbert Stuart, Joshua Reynolds, John Constable and Thomas Gainsborough, and sculpture by Antoine-Louis Barye, Frederic Remington, Cyrus Edwin Dallin, and Herbert Haseltine",,https://en.wikipedia.org/wiki/Meadow_Brook_Hall,Oakland,Rochester Hills
Pine Grove Historical Museum,42.64783,-83.30482,Multiple,1961,1961,"former estate of Governor Moses Wisner, Pontiac, Michigan",https://services3.arcgis.com/Jdnp1TjADvSDxMAX/arcgis/rest/services/Historical_Markers_Public_View/FeatureServer/0/97/attachments/117,https://en.wikipedia.org/wiki/Pine_Grove_Historical_Museum,Oakland,Pontiac
Curwood Castle,42.99944444,-84.17527778,Historic house,2022,2022,Home of novelist and conservationist James Oliver Curwood,https://services3.arcgis.com/Jdnp1TjADvSDxMAX/arcgis/rest/services/Historical_Markers_Public_View/FeatureServer/0/155/attachments/181,https://en.wikipedia.org/wiki/Curwood_Castle,Shiawassee,Owosso
Drake Memorial House,43.408085,-84.474998,Historic house,2009,2009,"website, operated by the Breckenridge-Wheeler Area Historical Society",https://services3.arcgis.com/Jdnp1TjADvSDxMAX/arcgis/rest/services/Historical_Markers_Public_View/FeatureServer/0/399/attachments/3320,https://en.wikipedia.org/wiki/Drake_Memorial_House?action=edit&redlink=1,Gratiot,Breckenridge
Wing House Museum,41.938889,-84.9975,GMU,2012,2012,"Historic House Museum in Coldwater, Michigan",http://commons.wikimedia.org/wiki/Special:FilePath/Lucius%20M.%20Wing%20House.jpg,https://en.wikipedia.org/wiki/Wing_House_Museum,Branch,Coldwater
First Congregational Living Museum,42.35527778,-83.06277778,Church,2012,2012,"Exhibits about church architecture and history, also houses Underground Railroad Living Museum, a storytelling experience",https://services3.arcgis.com/Jdnp1TjADvSDxMAX/arcgis/rest/services/Historical_Markers_Public_View/FeatureServer/0/442/attachments/2711,"https://en.wikipedia.org/wiki/First_Congregational_Church_(Detroit,_Michigan)",Wayne,Detroit
City Opera House Heritage Association,44.76395,-85.623,HSC,2012,2012,Early 20th-century Victorian period house[33],https://services3.arcgis.com/Jdnp1TjADvSDxMAX/arcgis/rest/services/Historical_Markers_Public_View/FeatureServer/0/480/attachments/2464,HTTP://WWW.CITYOPERAHOUSE.ORG/,Grand Traverse,Essexville
Governor Charles Croswell House,41.89972222,-84.0325,Historic house,2012,2012,Mid 19th-century house,https://services3.arcgis.com/Jdnp1TjADvSDxMAX/arcgis/rest/services/Historical_Markers_Public_View/FeatureServer/0/491/attachments/575,https://en.wikipedia.org/wiki/Governor_Charles_Croswell_House,Lenawee,Adrian
Holland Museum,42.7886,-86.1087,HSC,1997,1997,"history museum in Holland, Michigan",http://commons.wikimedia.org/wiki/Special:FilePath/Isaac%20Cappon%20House.JPG,https://en.wikipedia.org/wiki/Holland_Museum,Ottawa,Holland
Commandant'S Quarters,42.30649,-83.24328,GMU,2012,2012,"Commandant's Quarters
This building was one of eleven built in 1833 for the United States Detroit Arsenal at Dearbornville. A walled compound, a 360-foot square, was erected to store military supplies on the frontier. Constructed of red brick in the Federal style, this arsenal was located on strategic Chicago Road, now Michigan Avenue. The quarters were a center for social and cultural events in Dearborn until they were closed in 1875. The Commandant’s Quarters later became a fire station, police station, church, courthouse, school facility, library, and meeting hall. The Dearborn Historical…",,https://catalog.archives.gov/id/25341024,Wayne,
Russell A. Alger House Museum,42.386817,-82.897355,Museum,2012,2012,"Branch Museum of the Detroit Institute of Arts, 1936-1948",,https://catalog.archives.gov/id/25341018,Wayne,
Fort Mackinac,45.85222222,-84.61722222,Fort,2012,2012,"14 original buildings and military exhibits, costumed interpreters",https://services3.arcgis.com/Jdnp1TjADvSDxMAX/arcgis/rest/services/Historical_Markers_Public_View/FeatureServer/0/650/attachments/760,https://en.wikipedia.org/wiki/Fort_Mackinac,Mackinac,Mackinac Island
Kimball House Historical Museum,42.32202,-85.17566,HSC,1986,1986,"website, operated by the Historical Society of Battle Creek, Victorian-era mansion, features room about Sojourner Truth",https://services3.arcgis.com/Jdnp1TjADvSDxMAX/arcgis/rest/services/Historical_Markers_Public_View/FeatureServer/0/666/attachments/2872,HTTP://WWW.HERITAGEBATTLECREEK.ORG,Calhoun,Battle Creek
Blanchard House,42.98277778,-85.05777778,Historic house,2012,2012,"website, 1880s Italianate mansion, owned and operated by the Ionia County Historical Society, includes a museum of local Ionia history",https://services3.arcgis.com/Jdnp1TjADvSDxMAX/arcgis/rest/services/Historical_Markers_Public_View/FeatureServer/0/711/attachments/823,https://en.wikipedia.org/wiki/John_C._Blanchard_House,Ionia,Ionia
Paulson House,46.40694444,-86.85027778,Historic house,2012,2012,1884 Swedish log house,https://services3.arcgis.com/Jdnp1TjADvSDxMAX/arcgis/rest/services/Historical_Markers_Public_View/FeatureServer/0/765/attachments/2581,"https://en.wikipedia.org/wiki/Paulson_House_(AuTrain,_Michigan)",Alger,Au Train
Turner-Dodge House,42.75167,-84.55186,HSC,1980,1980,Mansion operated by the city,https://services3.arcgis.com/Jdnp1TjADvSDxMAX/arcgis/rest/services/Historical_Markers_Public_View/FeatureServer/0/797/attachments/922,https://en.wikipedia.org/wiki/Turner-Dodge_House,Ingham,Lansing
Voigt House Victorian Museum,42.96052,-85.65686,GMU,1977,1977,"Victorian period house, operated by the Grand Rapids Public Museum",https://services3.arcgis.com/Jdnp1TjADvSDxMAX/arcgis/rest/services/Historical_Markers_Public_View/FeatureServer/0/824/attachments/2828,https://en.wikipedia.org/wiki/Grand_Rapids_Public_Museum#Voigt_House_Victorian_Museum,Kent,Grand Rapids
Newton House Museum,42.01222222,-85.96805556,Historic house,2012,2012,Restored two-story Quaker home of the mid-1800s[46],,https://en.wikipedia.org/wiki/George_Newton_House,Cass,Dowagiac
Meyer May House,42.954189,-85.659189,Historic house,1987,1987,Restored 1909 house designed by Frank Lloyd Wright,,https://en.wikipedia.org/wiki/Meyer_May_House,Kent,Grand Rapids
Bailey Museum,42.39201,-86.26369,Historic house,2012,2012,"museum home in South Haven, Michigan",http://commons.wikimedia.org/wiki/Special:FilePath/Bailey%20Museum.jpg,https://en.wikipedia.org/wiki/Liberty_Hyde_Bailey_Birthplace,Van Buren,South Haven
Plymouth Historical Museum,42.37291,-83.46692,HSC,2016,2016,"website, growth of American industry, the advent of the railroad and the invention of the automobile",,HTTP://WWW.PLYMOUTHHISTORY.ORG,Wayne,Plymouth
Michigan State University Museum,42.7315,-84.4816,Multiple,1955,1955,museum on Michigan State University campus,http://commons.wikimedia.org/wiki/Special:FilePath/MSU%20Museum.jpg,https://en.wikipedia.org/wiki/MSU_Museum,Ingham,East Lansing
Honolulu House Museum,42.2724,-84.96422,HSC,2012,2012,"Operated by the Marshall Historical Society, 1880s-period house",https://services3.arcgis.com/Jdnp1TjADvSDxMAX/arcgis/rest/services/Historical_Markers_Public_View/FeatureServer/0/983/attachments/1090,HTTP://MARSHALLHISTORICALSOCIETY.ORG/,Calhoun,Marshall
Clio Depot,43.177619,-83.7376,Local history,2012,2012,"former railway station and museum in Clio, Michigan",http://commons.wikimedia.org/wiki/Special:FilePath/Clio%20Depot%20Michigan%202019-2619.jpg,https://en.wikipedia.org/wiki/Clio_Depot,Genesee,Clio
Wayne State University Planetarium,42.35499,-83.06619,SCI,1958,1958,"website, part of Michigan State University, natural history, culture including Asia, Africa, and the Americas, and the Great Lakes Quilt Center",https://services3.arcgis.com/Jdnp1TjADvSDxMAX/arcgis/rest/services/Historical_Markers_Public_View/FeatureServer/0/1024/attachments/2540,HTTP://PLANETARIUM.WAYNE.EDU/,Wayne,East Lansing
Scarab Club,42.35985,-83.062819,Art,2012,2012,"artists' club, gallery, and studio in Detroit, Michigan, U.S",http://commons.wikimedia.org/wiki/Special:FilePath/The%20Scarab%20Club.JPG,https://en.wikipedia.org/wiki/Scarab_Club,Wayne,Detroit
Hubbard Memorial Museum,42.17813,-84.64001,GMU,2012,2012,"Paddock-Hubbard House
In 1843 New York natives Alfred and Ruth Paddock migrated to Concord Township. Within two years they erected this Greek Revival house, reminiscent of those in their home state. A prominent merchant, Alfred Paddock (1805-1870) owned and operated one of Concord’s first flour mills. He served as township supervisor from 1844 to 1849 and in the Michigan State Senate from 1853 to 1854. In 1854 the Paddocks hosted Concord’s first meeting of the Universalist Society in this house.

Paddock-Hubbard House
In February 1897 Truman and Cora Hubbard rented this house from the Paddock…",https://services3.arcgis.com/Jdnp1TjADvSDxMAX/arcgis/rest/services/Historical_Markers_Public_View/FeatureServer/0/1075/attachments/1172,https://catalog.archives.gov/id/25339591,Jackson,
Governor's Mansion Museum,42.265,-84.95444444,Historic house,2012,2012,"Operated by the Mary Marshall Chapter D.A.R., mid-19th-century Greek Revival mansion built in anticipation that Marshall would become the State Capital of Michigan",https://services3.arcgis.com/Jdnp1TjADvSDxMAX/arcgis/rest/services/Historical_Markers_Public_View/FeatureServer/0/1103/attachments/2355,"https://en.wikipedia.org/wiki/Governor's_Mansion_(Marshall,_Michigan)",Calhoun,Marshall
Henry A. Chapin House,41.829167,-86.253333,Museum,2012,2012,"Niles, Michigan",http://commons.wikimedia.org/wiki/Special:FilePath/Henry%20A.%20Chapin%20House%2001.JPG,https://en.wikipedia.org/wiki/Henry_A._Chapin_House,Berrien,
Byron Area Historic Museum,42.811,-85.7256,HSC,1990,1990,"history museum in Byron Center, Michigan",http://commons.wikimedia.org/wiki/Special:FilePath/Town%20Hall%20in%20Byron%20Center%20MI%20-%20now%20a%20museum.JPG,https://en.wikipedia.org/wiki/Byron_Area_Historic_Museum,Kent,Byron Center
Kempf House Museum,42.278889,-83.744444,HSC,1988,1988,"house museum in Ann Arbor, Michigan, USA",http://commons.wikimedia.org/wiki/Special:FilePath/HenryBennettHouseAnnArborMI.JPG,https://en.wikipedia.org/wiki/Kempf_House_Museum,Washtenaw,Ann Arbor
Marshall Historical Society,42.2724,-84.96422,HSC,1972,1972,"Part of Saginaw Valley State University, displays plaster models of Marshall Fredericks bronze sculptures, also changing art exhibits",https://services3.arcgis.com/Jdnp1TjADvSDxMAX/arcgis/rest/services/Historical_Markers_Public_View/FeatureServer/0/1209/attachments/1311,HTTP://WWW.MARSHALLHISTORICALSOCIETY.ORG,Calhoun,University Center
Paine-Gillam-Scott Museum,43.000928,-84.5585098,Local history,1998,1998,"website, also known as the Clinton County Historical Society Museum",https://services3.arcgis.com/Jdnp1TjADvSDxMAX/arcgis/rest/services/Historical_Markers_Public_View/FeatureServer/0/1229/attachments/1334,https://en.wikipedia.org/wiki/Paine-Gillam-Scott_Museum?action=edit&redlink=1,Clinton,St. Johns
Ford Piquette Avenue Plant,42.3692,-83.0656,Automotive,2022,2022,Birthplace of the Ford Model T and the world's oldest car factory building open to the public (built 1904),https://services3.arcgis.com/Jdnp1TjADvSDxMAX/arcgis/rest/services/Historical_Markers_Public_View/FeatureServer/0/1237/attachments/3003,https://en.wikipedia.org/wiki/Ford_Piquette_Avenue_Plant,Wayne,Detroit
Courthouse Square Museum,42.564444,-84.836667,HSC,2012,2012,"museum and former courthouse in Charlotte, Michigan, USA",http://commons.wikimedia.org/wiki/Special:FilePath/County%20Courthouse%20Museum%20Charlotte.jpg,https://en.wikipedia.org/wiki/Courthouse_Square_Museum,Eaton,Charlotte
Capitol Hill School,42.26444444,-84.95194444,School,2012,2012,"website, operated by the Marshall Historical Society, 19th-century schoolhouse, toy displays, open by appointment",https://services3.arcgis.com/Jdnp1TjADvSDxMAX/arcgis/rest/services/Historical_Markers_Public_View/FeatureServer/0/1349/attachments/1448,https://en.wikipedia.org/wiki/Capitol_Hill_School,Calhoun,Marshall
Robert J. Whaley House,43.02,-83.684,Museum,2012,2012,"historic house museum in Flint, Michigan",http://commons.wikimedia.org/wiki/Special:FilePath/Robert%20Whaley%20House%20Flint.jpg,https://en.wikipedia.org/wiki/Whaley_Historic_House_Museum,Genesee,
Historical Society Of Battle Creek,42.31913,-85.1825,HSC,1959,1959,"website, hosts 10-12 varied shows each year, including annual Michigan Artist Competition exhibition",https://services3.arcgis.com/Jdnp1TjADvSDxMAX/arcgis/rest/services/Historical_Markers_Public_View/FeatureServer/0/1409/attachments/1499,https://en.wikipedia.org/wiki/Art_Center_of_Battle_Creek?action=edit&redlink=1,Calhoun,Battle Creek
American Museum of Magic,42.2722,-84.9585,Magic,1985,1985,"museum in Marshall, Michigan",http://commons.wikimedia.org/wiki/Special:FilePath/American%20Museum%20of%20Magic.jpg,https://en.wikipedia.org/wiki/American_Museum_of_Magic,Calhoun,Marshall
Ella Sharp Museum,42.21538,-84.41808,GMU,1975,1975,"website, wildlife art, local history, changing art exhibits, 19th-century Ella Sharp House and interpretive center, a one-room schoolhouse, log house and tower barn",https://services3.arcgis.com/Jdnp1TjADvSDxMAX/arcgis/rest/services/Historical_Markers_Public_View/FeatureServer/0/1480/attachments/1576,HTTP://WWW.ELLASHARP.ORG,Jackson,Jackson
Nankin Mills Nature Center,42.3486,-83.3694,Nature center,1977,1977,nature center,http://commons.wikimedia.org/wiki/Special:FilePath/NankinMillsFront.jpg,https://en.wikipedia.org/wiki/Nankin_Mills_Nature_Center,Wayne,Westland
Felt Mansion,42.69694444,-86.19361111,Historic house,2012,2012,Mid 20th-century mansion,https://services3.arcgis.com/Jdnp1TjADvSDxMAX/arcgis/rest/services/Historical_Markers_Public_View/FeatureServer/0/1524/attachments/1626,https://en.wikipedia.org/wiki/Dorr_E._Felt_Mansion,Allegan,Holland
Canfield West-Wayne Preservation Association,42.35096,-83.06708,HSC,1990,1990,website,https://services3.arcgis.com/Jdnp1TjADvSDxMAX/arcgis/rest/services/Historical_Markers_Public_View/FeatureServer/0/1526/attachments/2703,https://en.wikipedia.org/wiki/Wayne_Historical_Museum?action=edit&redlink=1,Wayne,Wayne
Florence B. Dearing Museum,42.6552003,-83.7545691,Local history,1976,1976,"website, operated by the Hartland Area Historical Society",https://services3.arcgis.com/Jdnp1TjADvSDxMAX/arcgis/rest/services/Historical_Markers_Public_View/FeatureServer/0/1552/attachments/2820,https://en.wikipedia.org/wiki/Florence_B._Dearing_Museum?action=edit&redlink=1,Livingston,Hartland
Hackley And Hume Historic Site,43.2319,-86.25466,HSC,1988,1988,"website, operated by Lakeshore Museum Center, Charles H. Hackley House and Hume House, 1890s period Victorian houses",,HTTP://WWW.LAKESHOREMUSEUM.ORG,Muskegon,Muskegon
Ypsilanti Historical Museum,42.24471,-83.61283,HSC,1963,1963,"museum of history in Ypsilanti, Michigan",https://services3.arcgis.com/Jdnp1TjADvSDxMAX/arcgis/rest/services/Historical_Markers_Public_View/FeatureServer/0/1595/attachments/1690,HTTP://WWW.YPSILANTIHISTORICALSOCIETY.ORG,Washtenaw,Ypsilanti
St. Ignace Mission,45.871667,-84.731944,Museum,1958,1958,"mission site in Michigan, USA",http://commons.wikimedia.org/wiki/Special:FilePath/St%20Ignace%20Mission%202009.jpg,https://en.wikipedia.org/wiki/St._Ignace_Mission,Mackinac,
Music Hall Center For The Performing Arts,42.33721,-83.04604,SCI,1978,1978,"Music Hall
Originally called the Wilson Theatre, this building was completed in 1928 with funds provided by Matilda Wilson (Mrs. Alfred G.). William E. Kapp of Smith, Hinchman and Grylls, an architectural firm whose works dominated the city’s skyline of the 1920s, designed this Art Deco-style edifice. Terra cotta Greek masks adorn the exterior, and elaborate molded plaster and stenciling complement the interior. The theater’s purpose of offering legitimate productions was initially fulfilled, but during the depression its lights dimmed except for sporadic occasions. From 1946 to 1949 the Detr…",,,Wayne,
E.O. Grosvenor House,41.9819,-84.6597,Historic house,2012,2012,"house museum in Jonesville, Michigan, USA",http://commons.wikimedia.org/wiki/Special:FilePath/Grovesnor%20House%20Jonesville%20MI.jpg,https://en.wikipedia.org/wiki/E._O._Grosvenor_House,Hillsdale,Jonesville
Chief Andrew J. Blackbird House,45.430278,-84.984722,GMU,2012,2012,"historic house in Michigan, United States",http://commons.wikimedia.org/wiki/Special:FilePath/Chief%20Andrew%20J%20Blackbird%20House%20Harbor%20Springs%20Michigan%202011.jpg,https://en.wikipedia.org/wiki/Chief_Andrew_J._Blackbird_House,Emmet,Harbor Springs
Art Gallery Building,41.841389,-85.668889,Art,2012,2012,United States historic place,http://commons.wikimedia.org/wiki/Special:FilePath/The%20Art%20Gallery%20Building.jpg,https://en.wikipedia.org/wiki/Art_Gallery_Building,St. Joseph,Spring Arbor
Robert Stuart House,45.8497,-84.6186,Local history,2012,2012,"Mackinac Island, Michigan, NRHP-listed in Mackinac County",http://commons.wikimedia.org/wiki/Special:FilePath/Robert%20Stuart%20House%20Museum%20Mackinac%20Island.jpg,https://en.wikipedia.org/wiki/Robert_Stuart_House,Mackinac,Mackinac Island
Edward E. Hartwick Memorial Building,44.740278,-84.653889,Museum,2012,2012,United States historic place,http://commons.wikimedia.org/wiki/Special:FilePath/Hartwick%20Pines%20Memorial%20Building.jpg,https://en.wikipedia.org/wiki/Edward_E._Hartwick_Memorial_Building,Crawford,
Thomas and Anna Morrissey House,42.789167,-86.116111,Museum,2012,2012,"house museum in Holland, Michigan",http://commons.wikimedia.org/wiki/Special:FilePath/Thomas%20and%20Anna%20Morrissey%20House.JPG,https://en.wikipedia.org/wiki/Thomas_and_Anna_Morrissey_House,Ottawa,
Church of the Assumption,47.389444,-88.276111,Museum,2012,2012,"church building in Houghton Township, Michigan, United States of America",http://commons.wikimedia.org/wiki/Special:FilePath/Church%20of%20the%20Assumption%20Houghton%20County%20MI%202009.jpg,"https://en.wikipedia.org/wiki/Church_of_the_Assumption_(Phoenix,_Michigan)",Keweenaw,
Pickle Barrel House Museum,46.67111944,-85.98474167,Historic house,2012,2012,Operated by the Grand Marais Historical Society[37],,https://en.wikipedia.org/wiki/Pickle_Barrel_House,Alger,Grand Marais
Cadillac Public Library,44.251944,-85.398611,Museum,2012,2012,"local museum in Cadillac, Michigan, United States",http://commons.wikimedia.org/wiki/Special:FilePath/Cadillac%20MI%20Public%20Library.jpg,https://en.wikipedia.org/wiki/Cadillac_Public_Library,Wexford,
Grice House Museum,43.85555556,-82.65333333,Historic house,2012,2012,"19th-century house, barn and school",,https://en.wikipedia.org/wiki/Grice_House_Museum,Huron,Harbor Beach
Frank Murphy Memorial Museum,43.8425,-82.65138889,Historic house,2012,2012,Home of Michigan politician Frank Murphy,,https://en.wikipedia.org/wiki/Frank_Murphy_Birthplace,Huron,Harbor Beach
Hadley Mill Museum,42.95083333,-83.40277778,Mill,2012,2012,Operated by the Hadley Township Historical Society,,https://en.wikipedia.org/wiki/Hadley_Flour_and_Feed_Mill,Lapeer,Hadley Township
Castle Museum of Saginaw County History,43.428611,-83.935833,Local history,2012,2012,"museum and historic building in Saginaw, Michigan, USA",http://commons.wikimedia.org/wiki/Special:FilePath/Saginaw%20Castle%20Museum%202025b.jpg,https://en.wikipedia.org/wiki/Castle_Museum_of_Saginaw_County_History,Saginaw,Saginaw
Hack House Museum,42.08472222,-83.67083333,Local history,2012,2012,Operated by the Milan Area Historical Society,,https://en.wikipedia.org/wiki/Friend-Hack_House,Washtenaw,Milan
Roethke House,43.41666667,-83.98722222,Biographical,2012,2012,"website, home of poet Theodore Roethke",,https://en.wikipedia.org/wiki/Roethke_Houses,Saginaw,Saginaw
Aeronca Museum,42.566945,-83.783055,Museum,,,Museum,,https://en.wikipedia.org/wiki/Aeronca_Museum,Livingston,
A. E. Seaman Mineral Museum,47.1108,-88.5526,Geology,,,state mineral museum of Michigan,http://commons.wikimedia.org/wiki/Special:FilePath/Thomas%20D%20Shaffner%20Hall.jpg,https://en.wikipedia.org/wiki/A._E._Seaman_Mineral_Museum,Houghton,Houghton
Air Zoo,42.2322,-85.56,Aerospace,,,"aerospace museum and amusement park in Portage, Michigan, USA",http://commons.wikimedia.org/wiki/Special:FilePath/Air%20Zoo%20Main%20Entrance.JPG,https://en.wikipedia.org/wiki/Air_Zoo,Kalamazoo,Portage
Ann Arbor Hands-On Museum,42.2815,-83.7462,CMU,,,"museum in Ann Arbor, Michigan, USA",http://commons.wikimedia.org/wiki/Special:FilePath/Hands-On%20Museum%20Ann%20Arbor.JPG,https://en.wikipedia.org/wiki/Ann_Arbor_Hands-On_Museum,Washtenaw,Ann Arbor
Arab American National Museum,42.322147,-83.176603,GMU,,,"museum in Dearborn, Michigan",http://commons.wikimedia.org/wiki/Special:FilePath/Arab%20American%20National%20Museum.jpg,https://en.wikipedia.org/wiki/Arab_American_National_Museum,Wayne,Dearborn
Argus Museum,42.2779,-83.7546,Photography,,,"museum in Ann Arbor, Michigan, USA",http://commons.wikimedia.org/wiki/Special:FilePath/The%20Argus%20Museum.jpg,https://en.wikipedia.org/wiki/Argus_Museum,Washtenaw,Ann Arbor
Automotive Hall of Fame,42.3025,-83.237694,GMU,,,award,http://commons.wikimedia.org/wiki/Special:FilePath/Automotive%20Hall%20of%20Fame%20Dearborn.JPG,https://en.wikipedia.org/wiki/Automotive_Hall_of_Fame,Wayne,Dearborn
Besser Museum for Northeast Michigan,45.0808,-83.4485,Multiple,,,"museum in Alpena, Michigan, United States",,https://en.wikipedia.org/wiki/Besser_Museum_for_Northeast_Michigan,Alpena,Alpena
Carnegie Center,42.9722,-82.4266,Local history,,,"Carnegie funded location in Port Huron, Michigan. Part of the Port Huron Museum.",http://commons.wikimedia.org/wiki/Special:FilePath/Port%20Huron%20Museum%20Carnegie%20Center.JPG,https://en.wikipedia.org/wiki/Carnegie_Center_(Port_Huron_Museum),St. Clair,Port Huron
Carnegie Museum of the Keweenaw,47.1214,-88.5679,Multiple,,,"Rotating exhibits about local history, natural history, science and culture",http://commons.wikimedia.org/wiki/Special:FilePath/Carnegie%20Museum%20-%20Houghton.jpg,https://en.wikipedia.org/wiki/Carnegie_Museum_of_the_Keweenaw,Houghton,Houghton
Charles H. Wright Museum of African American History,42.359,-83.061,GMU,,,non-profit organization in the USA,http://commons.wikimedia.org/wiki/Special:FilePath/Charles%20Wright%20African-American%20Museum.jpg,https://en.wikipedia.org/wiki/Charles_H._Wright_Museum_of_African_American_History,Wayne,Detroit
Cliffs Shaft Mine Museum,46.4911,-87.6753,Industry - Mining,,,"former mine, now a museum in Ishpeming, Michigan, USA",http://commons.wikimedia.org/wiki/Special:FilePath/Cliffs%20Shaft%20Mine%202009d.jpg,https://en.wikipedia.org/wiki/Cliffs_Shaft_Mine_Museum,Marquette,Ishpeming
Coe House,42.248889,-84.218611,Historic house,,,"historic house and museum in Grass Lake, Michigan, USA",http://commons.wikimedia.org/wiki/Special:FilePath/Coe%20House%20Museum%2C%20Grass%20Lake%2C%20front%20view.jpg,"https://en.wikipedia.org/wiki/Coe_House_(Grass_Lake,_Michigan)",Jackson,Grass Lake
C-Pop,42.351639,-83.060305,Museum,,,"art gallery in Detroit, United States",,https://en.wikipedia.org/wiki/C-Pop_(gallery),Wayne,
Crossroads Village (Michigan),43.0926,-83.6504,Living,,,"living museum in Michigan, US",,https://en.wikipedia.org/wiki/Crossroads_Village,Genesee,Flint
Dennos Museum Center,44.764722,-85.58775,Art,,,"museum in Traverse City, Michigan",http://commons.wikimedia.org/wiki/Special:FilePath/Dennos%20Museum%20sign.jpg,https://en.wikipedia.org/wiki/Dennos_Museum_Center,Grand Traverse,Traverse City
Detroit Historical Museum,42.3596,-83.0673,HSC,,,American museum in Michigan,http://commons.wikimedia.org/wiki/Special:FilePath/Historical%20Museum.jpg,https://en.wikipedia.org/wiki/Detroit_Historical_Museum,Wayne,Detroit
Detroit Institute of Arts,42.359444,-83.064722,ART,,,"art museum in Detroit, Michigan",http://commons.wikimedia.org/wiki/Special:FilePath/Detroit%20Institute%20of%20Arts%20July%202018%201.jpg,https://en.wikipedia.org/wiki/Detroit_Institute_of_Arts,Wayne,Detroit
Dossin Great Lakes Museum,42.3348,-82.9854,Maritime,,,museum in Michigan,http://commons.wikimedia.org/wiki/Special:FilePath/DossinGreatLakesMuseum.JPG,https://en.wikipedia.org/wiki/Dossin_Great_Lakes_Museum,Wayne,Detroit
Eli and Edythe Broad Art Museum,42.7327,-84.4768,Art,,,"art museum in East Lansing, Michigan",http://commons.wikimedia.org/wiki/Special:FilePath/MSU%20Broad%20Art%20Museum%20exterior%201.jpg,https://en.wikipedia.org/wiki/Eli_and_Edythe_Broad_Art_Museum,Ingham,East Lansing
Flint Children's Museum,43.014,-83.7117,CMU,,,"children's museum in Flint, Michigan",,https://en.wikipedia.org/wiki/Flint_Children%27s_Museum,Genesee,Flint
Flint Institute of Arts,43.0224,-83.6778,Art,,,"art school and museum in Flint, Michigan",http://commons.wikimedia.org/wiki/Special:FilePath/Flint%20fia.JPG,https://en.wikipedia.org/wiki/Flint_Institute_of_Arts,Genesee,Flint
Frederik Meijer Gardens & Sculpture Park,42.98139,-85.5875,Art,,,"botanical garden and outdoor sculpture park located in Grand Rapids Township, Michigan",http://commons.wikimedia.org/wiki/Special:FilePath/Meijer%20Gardens%20Landscape%20with%20Conservatory.jpg,https://en.wikipedia.org/wiki/Frederik_Meijer_Gardens_%26_Sculpture_Park,Kent,Grand Rapids
Gardner House,42.241667,-84.752778,HSC,,,"historic house in Albion, Michigan, USA",http://commons.wikimedia.org/wiki/Special:FilePath/Gardner%20House%20%E2%80%94%20Albion%2C%20Michigan.jpg,"https://en.wikipedia.org/wiki/Gardner_House_(Albion,_Michigan)",Calhoun,Albion
Gerald R. Ford Presidential Museum,42.968333,-85.6775,Biographical,,,"presidential museum and library for U.S. President Gerald Ford in Grand Rapids, Michigan",http://commons.wikimedia.org/wiki/Special:FilePath/Ford%20ford%20museum.jpg,https://en.wikipedia.org/wiki/Gerald_R._Ford_Presidential_Museum,Kent,Grand Rapids
Gilmore Car Museum,42.4405,-85.4216,Automotive,,,"automobile museum in Hickory Corners, Michigan",http://commons.wikimedia.org/wiki/Special:FilePath/Checker%20A-11%20Taxicab%201982.jpg,https://en.wikipedia.org/wiki/Gilmore_Car_Museum,Barry,Barry Township
Grand Rapids Art Museum,42.965,-85.6714,Art,,,"art museum in Grand Rapids, Michigan",http://commons.wikimedia.org/wiki/Special:FilePath/GRAM%20Grand%20Rapids.jpg,https://en.wikipedia.org/wiki/Grand_Rapids_Art_Museum,Kent,Grand Rapids
Public Museum of Grand Rapids,42.9656,-85.6769,GMU,,,"archive organization in Grand Rapids, United States",http://commons.wikimedia.org/wiki/Special:FilePath/Grand%20Rapids%20Public%20Museum.jpg,https://en.wikipedia.org/wiki/Grand_Rapids_Public_Museum,Kent,Grand Rapids
Great Lakes Shipwreck Museum,46.770556,-84.956667,Maritime,,,"Operated by the Great Lakes Shipwreck Historical Society, artifacts retrieved from local shipwrecks, also includes lighthouse keeper's quarters for Whitefish Point Light",http://commons.wikimedia.org/wiki/Special:FilePath/Great%20Lakes%20Shipwreck%20Museum.JPG,https://en.wikipedia.org/wiki/Great_Lakes_Shipwreck_Museum,Chippewa,Paradise
Hitsville U.S.A.,42.364167,-83.088444,Museum,,,"nickname given to Motown's first headquarters, located at 2648 West Grand Boulevard in Detroit, Michigan",http://commons.wikimedia.org/wiki/Special:FilePath/Hitsville%20USA.jpg,https://en.wikipedia.org/wiki/Hitsville_U.S.A.,Wayne,
Impression 5 Science Center,42.7323,-84.5486,SCI,,,non-profit museum in the USA,http://commons.wikimedia.org/wiki/Special:FilePath/Impression%205%20Science%20Center%20Museum%20Lansing%2C%20Michigan.jpg,https://en.wikipedia.org/wiki/Impression_5_Science_Center,Ingham,Lansing
IXL Historical Museum,45.709167,-87.607222,Open-air,,,"museum in Michigan, United States of America",http://commons.wikimedia.org/wiki/Special:FilePath/IXLMuseumHermanstownMichigan.jpg,https://en.wikipedia.org/wiki/IXL_Historical_Museum,Menominee,Hermansville
Jim Crow Museum of Racist Memorabilia,43.6875,-85.4824,Culture,,,"history museum in Big Rapids, Michigan",http://commons.wikimedia.org/wiki/Special:FilePath/Jim%20Crow%20Museum.jpg,https://en.wikipedia.org/wiki/Jim_Crow_Museum_of_Racist_Memorabilia,Mecosta,Big Rapids
Kalamazoo Institute of Arts,42.2894,-85.5879,ART,,,"art school and museum in Kalamazoo, Michigan",http://commons.wikimedia.org/wiki/Special:FilePath/KIArts-Aug-2012.jpg,https://en.wikipedia.org/wiki/Kalamazoo_Institute_of_Arts,Kalamazoo,Kalamazoo
Kalamazoo Valley Museum,42.2933,-85.5839,GMU,,,"museum in Kalamazoo, Michigan, US",http://commons.wikimedia.org/wiki/Special:FilePath/Kalamazoo%20Valley%20Museum.jpg,https://en.wikipedia.org/wiki/Kalamazoo_Valley_Museum,Kalamazoo,Kalamazoo
Kelsey Museum of Archaeology,42.2769,-83.7406,Archaeology,,,archaeology museum in Newberry Hall,http://commons.wikimedia.org/wiki/Special:FilePath/Newberry%20Hall%20%28Kelsey%20Museum%20of%20Archaeology%29%2C%20University%20of%20Michigan%2C%20State%20Street%2C%20Ann%20Arbor%2C%20MI%20-%2054381414528.jpg,https://en.wikipedia.org/wiki/Kelsey_Museum_of_Archaeology,Washtenaw,Ann Arbor
Kingman Museum,42.337,-85.2114,Natural history,,,History museum,http://commons.wikimedia.org/wiki/Special:FilePath/Kingmandisplayroom.jpg,https://en.wikipedia.org/wiki/Kingman_Museum,Calhoun,Battle Creek
Lakenenland,46.492492,-87.152316,Museum,,,"sculpture park in Chocolay Township, Michigan",http://commons.wikimedia.org/wiki/Special:FilePath/Lakenenland%20entrance%20sign.jpg,https://en.wikipedia.org/wiki/Lakenenland,Marquette,
Marquette Maritime Museum,46.54558,-87.37936,Maritime,,,"location in Michigan, USA",,https://en.wikipedia.org/wiki/Marquette_Maritime_Museum,Marquette,Marquette
Marshall M. Fredericks Sculpture Museum,43.5145,-83.9637,Art,,,art museum in Michigan,http://commons.wikimedia.org/wiki/Special:FilePath/MuseumInterior.jpg,https://en.wikipedia.org/wiki/Marshall_M._Fredericks_Sculpture_Museum,Saginaw,University Center
Marvin's Marvelous Mechanical Museum,42.5252,-83.3618,Technology,,,"museum in Farmington Hills, Michigan",,https://en.wikipedia.org/wiki/Marvin%27s_Marvelous_Mechanical_Museum,Oakland,Farmington Hills
Michigan Firehouse Museum,42.246111,-83.614167,Firefighting,,,"museum in Ypsilanti, Michigan",http://commons.wikimedia.org/wiki/Special:FilePath/Ypsilanti%20August%202013%2008%20%28Michigan%20Firehouse%20Museum%29.jpg,https://en.wikipedia.org/wiki/Michigan_Firehouse_Museum,Washtenaw,Ypsilanti
Michigan Flight Museum,42.239,-83.5081,Museum,,,"aviation museum in Van Buren Township, Michigan, United States",http://commons.wikimedia.org/wiki/Special:FilePath/Yankee%20Air%20Force%20Museum%20-%20Side%20Entrance.jpg,https://en.wikipedia.org/wiki/Michigan_Flight_Museum,Wayne,
Michigan Heritage Park,43.414722,-86.312222,Open-air,,,"Includes a mastodon site, Native American village, authentic and reproduction furnished buildings representing different eras in state history",,https://en.wikipedia.org/wiki/Michigan_Heritage_Park,Muskegon,Whitehall
Michigan Iron Industry Museum,46.5217,-87.5646,Industry,,,"Mining museum in Negaunee, Michigan",,https://en.wikipedia.org/wiki/Michigan_Iron_Industry_Museum,Marquette,Negaunee
Michigan Legacy Art Park,44.5195,-86.0026,Art,,,"outdoor sculpture park near Thompsonville, Michigan",,https://en.wikipedia.org/wiki/Michigan_Legacy_Art_Park,Benzie,Thompsonville
Michigan Maritime Museum,42.4066,-86.274461,Maritime,,,"museum and research library located in South Haven, Michigan",http://commons.wikimedia.org/wiki/Special:FilePath/Michigan%20Maritime%20Museum%202016-06-8%20057.jpg,https://en.wikipedia.org/wiki/Michigan_Maritime_Museum,Van Buren,South Haven
Michigan Motor Sports Hall of Fame,42.4405,-85.4216,Museum,,,hall of Fame in Gilmore Car Museum in Hickory Corners,,https://en.wikipedia.org/wiki/Michigan_Motor_Sports_Hall_of_Fame,Barry,
Michigan Science Center,42.3584,-83.0621,SCI,,,"science museum in Detroit, Michigan",http://commons.wikimedia.org/wiki/Special:FilePath/Michigan%20Science%20Center%20January%202015.jpg,https://en.wikipedia.org/wiki/Michigan_Science_Center,Wayne,Detroit
Museum of Contemporary Art Detroit,42.3527,-83.0607,Art,,,non-collecting contemporary art museum located in Detroit,,https://en.wikipedia.org/wiki/Museum_of_Contemporary_Art_Detroit,Wayne,Detroit
Muskegon Museum of Art,43.234348,-86.250991,ART,,,"art museum in Muskegon, Michigan",http://commons.wikimedia.org/wiki/Special:FilePath/Muskegon%20Museum%20of%20Art.jpg,https://en.wikipedia.org/wiki/Muskegon_Museum_of_Art,Muskegon,Muskegon
Old Mill Museum,41.955278,-83.659167,Local history,,,"museum in Dundee, Michigan, USA",http://commons.wikimedia.org/wiki/Special:FilePath/Old%20Mill%20Museum%20%28Dundee%2C%20MI%29%20%282%29.jpg,"https://en.wikipedia.org/wiki/Old_Mill_Museum_(Dundee,_Michigan)",Monroe,Dundee
Polish Home Army Museum,42.594722,-83.358055,Military,,,"museum in Orchard Lake, Michigan",,"https://en.wikipedia.org/wiki/Polish_Home_Army_Museum,_Orchard_Lake,_Michigan",Oakland,Orchard Lake
Raven Hill Discovery Center,45.1334,-85.0554,Multiple,,,"children's museum,, Science center in East Jordan, Michigan",,https://en.wikipedia.org/wiki/Raven_Hill_Discovery_Center,Charlevoix,East Jordan
R. E. Olds Transportation Museum,42.7313,-84.5481,Automotive,,,transportation museum in Michigan,http://commons.wikimedia.org/wiki/Special:FilePath/R%20E%20Olds%20Transportation%20Museum%20Lansing.jpg,https://en.wikipedia.org/wiki/R._E._Olds_Transportation_Museum,Ingham,Lansing
Mackinac Art Museum,45.851111,-84.615278,Art,,,"Mackinac-related art and photography including Native American artifacts and decorative arts, part of Mackinac Island State Park",http://commons.wikimedia.org/wiki/Special:FilePath/Indian%20Dormitory%20Mackinac%20Island%20August%202011.jpg,https://en.wikipedia.org/wiki/Richard_and_Jane_Manoogian_Mackinac_Art_Museum,Mackinac,Mackinac Island
Saginaw Valley Naval Ship Museum,43.613889,-83.868889,Maritime,,,"United States Navy museum in Bay City, Michigan, USA",http://commons.wikimedia.org/wiki/Special:FilePath/USS%20Edson%20Intrepid%20Sea-Air-Space%20Museum%20NY%202003.jpg,https://en.wikipedia.org/wiki/Saginaw_Valley_Naval_Ship_Museum,Bay,Bay City
Selfridge Military Air Museum,42.628,-82.83,Transportation - Aviation,,,"aviation museum in Michigan, USA",,https://en.wikipedia.org/wiki/Selfridge_Military_Air_Museum,Macomb,Selfridge Air National Guard Base
Shrine of the Pines,43.85528,-85.84833,Decorative arts,,,"museum in Baldwin, Michigan",,https://en.wikipedia.org/wiki/Shrine_of_the_Pines,Lake,Baldwin
Sindecuse Museum of Dentistry,42.2787,-83.7369,Medical,,,"museum in Ann Arbor, Michigan",,https://en.wikipedia.org/wiki/Sindecuse_Museum_of_Dentistry,Washtenaw,Ann Arbor
Sloan Museum,43.0232,-83.6789,GMU,,,"Regional history, historic automobiles, hands-on science, Longway Planetarium",http://commons.wikimedia.org/wiki/Special:FilePath/Sloan%20Museum%20of%20Discovery%20open-edit.jpg,https://en.wikipedia.org/wiki/Sloan_Museum,Genesee,Flint
SS Valley Camp,46.499167,-84.336389,Museum ship,,,lake freighter built in 1917,http://commons.wikimedia.org/wiki/Special:FilePath/SS%20Valley%20Camp%20bow.jpg,https://en.wikipedia.org/wiki/SS_Valley_Camp,Chippewa,Sault Ste. Marie
The Henry Ford,42.303583,-83.234078,Multiple,,,"museum of history in Dearborn, Michigan, United States",http://commons.wikimedia.org/wiki/Special:FilePath/The%20Henry%20Ford%202011.jpg,https://en.wikipedia.org/wiki/The_Henry_Ford,Wayne,Dearborn
Holocaust Memorial Center,42.5024,-83.359,Ethnic,,,holocaust museum in the United States,http://commons.wikimedia.org/wiki/Special:FilePath/HolocaustMemorialCenterFarmingtonHills2.jpg,https://en.wikipedia.org/wiki/The_Zekelman_Holocaust_Center,Oakland,Farmington Hills
Thomas Edison Depot Museum,42.9986,-82.4258,Biographical,,,"museum in Port Huron, Michigan",http://commons.wikimedia.org/wiki/Special:FilePath/Thomas%20Edison%20Depot%20Museum%20under%20the%20Blue%20Water%20Bridge%2C%20Port%20Huron%2C%20MI.jpg,https://en.wikipedia.org/wiki/Thomas_Edison_Depot_Museum,St. Clair,Port Huron
Troy Museum and Historic Village,42.578,-83.1495,HSC,,,"Ten historic buildings on a village green, museum of local history",http://commons.wikimedia.org/wiki/Special:FilePath/TroyHistoricVillage01c.jpg,https://en.wikipedia.org/wiki/Troy_Historic_Village,Oakland,Troy
Ukrainian American Archives and Museum of Detroit,42.396306,-83.057111,Ethnic,,,"archive and museum in Detroit, Michigan",,https://en.wikipedia.org/wiki/Ukrainian_American_Archives_and_Museum_of_Detroit,Wayne,Hamtramck
University of Michigan Museum of Art,42.275399,-83.739735,ART,,,"art museum in Ann Arbor, Michigan",http://commons.wikimedia.org/wiki/Special:FilePath/University%20of%20Michigan%20Museum%20of%20Art%20June%202015%2008%20%28European%20%26%20American%20Art%20Gallery%29.jpg,https://en.wikipedia.org/wiki/University_of_Michigan_Museum_of_Art,Washtenaw,Ann Arbor
USS Edson,43.6139,-83.8689,Museum,,,1958 Forrest Sherman-class destroyer,http://commons.wikimedia.org/wiki/Special:FilePath/USS%20Edson%20%28DD-946%29%20underway%20off%20Long%20Beach%2C%20California%20%28USA%29%2C%20circa%20in%20the%20mid-1960s.jpg,https://en.wikipedia.org/wiki/USS_Edson,Bay,
USS LST 393 Veterans Museum,43.2347,-86.259,Museum ship,,,"museum in Muskegon, Michigan, USA",http://commons.wikimedia.org/wiki/Special:FilePath/LST-393.jpg,https://en.wikipedia.org/wiki/USS_LST-393,Muskegon,Muskegon
Waterloo Farm Museum,42.379444,-84.18,Agriculture,,,"museum in Chelsea, Michigan, USA",http://commons.wikimedia.org/wiki/Special:FilePath/Siebold%20Farm%20Waterloo.jpg,https://en.wikipedia.org/wiki/Waterloo_Farm_Museum,Jackson,Waterloo
Ypsilanti Automotive Heritage Museum,42.2458,-83.6081,HST,,,"automotive museum in Ypsilanti, Michigan",http://commons.wikimedia.org/wiki/Special:FilePath/Ypsilanti%20auto%20heritage%20museum.JPG,https://en.wikipedia.org/wiki/Ypsilanti_Automotive_Heritage_Museum,Washtenaw,Ypsilanti
Stedelijk Gymnasium,47.227438,-88.162859,Museum,,,school in Leeuwarden,http://commons.wikimedia.org/wiki/Special:FilePath/Historic%20School%20at%20Gay%20Michigan%202021-4322.jpg,,Keweenaw,
Houghton Township Community Center,47.412714,-88.296139,Open-air,,,"community center and museum in Eagle River, Michigan",http://commons.wikimedia.org/wiki/Special:FilePath/Eagle%20River%20Museum--Houghton%20Township%20Community%20Center%20Michigan%202021-4265.jpg,https://en.wikipedia.org/wiki/Houghton_County_Historical_Museum,Keweenaw,Lake Linden
Ziibiwing Center of Anishinabe Culture & Lifeways,43.60275,-84.713528,Native American,,,cultural center and museum,http://commons.wikimedia.org/wiki/Special:FilePath/Ziibiwing%20Center%20of%20Anishinabe%20Culture%20%26%20Lifeways%20building%20entrance%20and%20path%2C%20March%202024.jpg,https://en.wikipedia.org/wiki/Ziibiwing_Center_of_Anishinabe_Culture_&_Lifeways?action=edit&redlink=1,Isabella,Mount Pleasant
Leslie Science & Nature Center,42.300911,-83.730089,BOT,,,"nature center in Ann Arbor, Michigan, USA",,HTTP://WWW.LESLIESNC.ORG,Washtenaw,Ann Arbor
Belle Isle Nature Center,42.34699,-82.963777,Museum,,,"nature center in Detroit, Michigan, US",,,Wayne,
Keweenaw History Center,47.242196,-88.448849,Multiple,,,"museum and former public library in Calumet, Michigan, US",http://commons.wikimedia.org/wiki/Special:FilePath/Keweenaw%20National%20Historical%20Park%20History%20Center.jpg,https://en.wikipedia.org/wiki/Carnegie_Museum_of_the_Keweenaw,Houghton,Houghton
University of Michigan Museum of Zoology,42.236101,-83.728245,Museum,,,museum in the United States,,,Washtenaw,
Saginaw Art Museum,43.424333,-83.953444,ART,,,"art museum in Saginaw, Michigan",,HTTP://WWW.SAGINAWARTMUSEUM.ORG,Saginaw,Saginaw
Fourth Michigan Volunteer Infantry Historical Museum,41.897778,-84.058889,Museum,,,,,,Lenawee,
Whitehouse Nature Center,42.242164,-84.73005,Museum,,,,,,Calhoun,
Tri-Cities Historical Museum,43.063801,-86.230917,HSC,,,"historical museum in Grand Haven, Michigan, USA",http://commons.wikimedia.org/wiki/Special:FilePath/Tri-Cities%20Historical%20Museum.jpg,https://en.wikipedia.org/wiki/Tri-Cities_Historical_Museum?action=edit&redlink=1,Ottawa,Grand Haven
Celery Flats Interpretive Center and Farm,42.2103,-85.5842,Agriculture,,,"historic working farm in Portage, Michigan",,https://en.wikipedia.org/wiki/Celery_Flats_Interpretive_Center?action=edit&redlink=1,Kalamazoo,Portage
Grand Rapids African American Museum and Archives,42.96182,-85.66705,Museum,,,"museum and archive in Grand Rapids, Michigan",,,Kent,
Grand Rapids Children's Museum,42.9636,-85.66719,CMU,,,"children's musician in Grand Rapids, Michigan",,https://en.wikipedia.org/wiki/Grand_Rapids_Children's_Museum?action=edit&redlink=1,Kent,Grand Rapids
Agricultural Museum,45.75739,-87.07833,Agriculture,,,"museum in Escanaba, Michigan, USA",,https://en.wikipedia.org/wiki/Thumb_Octagon_Barn_Agricultural_Museum?action=edit&redlink=1,Delta,Gagetown
USS Silversides Museum,43.22977,-86.33219,Maritime,,,"museum in Muskegon, Michigan, USA",,https://en.wikipedia.org/wiki/USS_Silversides_Submarine_Museum,Muskegon,Muskegon
African American Cultural & Historical Museum of Washtenaw County,42.239737,-83.75879,Museum,,,"museum in Michigan, United States of America",,,Washtenaw,
Battle Creek Regional History Museum,42.323461,-85.191818,GMU,,,"museum in Michigan, United States of America",http://commons.wikimedia.org/wiki/Special:FilePath/Battle%20Creek%20Regional%20History%20Museum.jpg,https://en.wikipedia.org/wiki/Art_Center_of_Battle_Creek?action=edit&redlink=1,Calhoun,Battle Creek
Wheels Of History Museum,46.42107,-84.60057,HST,,,"website, railroads, logging, fishing exhibits, operated by the Bay Mills-Brimley Historical Society",,HTTP://WWW.BAYMILLSBRIMLEYHISTORY.ORG,Chippewa,Brimley
Seven Ponds Nature Center,42.9297,-83.18901,BOT,,,,,HTTP://WWW.SEVENPONDS.ORG,Lapeer,
Kalamazoo Nature Center,42.36145,-85.5902,ZAW,,,,,HTTP://WWW.NATURECENTER.ORG,Kalamazoo,
Huron Valley Council For Arts,42.63782,-83.61946,ART,,,,,HTTP://WWW.HURONVALLEYARTS.ORG/1/257/INDEX.ASP,Oakland,
Great Lakes Naval Memorial & Museum,43.23032,-86.3281,HST,,,,,HTTP://SILVERSIDESMUSEUM.ORG/,Muskegon,Muskegon
Cmu-Museum Of Natural History,43.59908,-84.77573,NAT,,,,,HTTPS://WWW.CMICH.EDU/COLLEGES/CHSBS/MCNH/PAGES/DEFAULT.ASPX,Isabella,Mt Pleasant
Conklin Reed Organ And History Museum,42.10248,-84.54745,HST,,,"website, operated by the Hanover-Horton Area Historical Society, local history, antique reed organ collection",,HTTP://CONKLINREEDORGANMUSEUM.ORG/LCRO.HTM,Jackson,Hanover
Blandford Nature Center,42.99334,-85.73865,BOT,,,,,HTTP://BLANDFORDNATURECENTER.ORG,Kent,
Buick Automotive Gallery And Research Center,43.02548,-83.67645,ART,,,,,,Genesee,
Muskegon County Museum Of African American History,43.20184,-86.24492,HST,,,,,HTTP://WWW.MUSEUMSUSA.ORG/MUSEUMS/INFO/16640,Muskegon,Muskegon Heights
Buchanan Art Center,41.82726,-86.36139,ART,,,,,HTTP://WWW.BUCHANANARTCENTER.ORG,Berrien,
Coopersville Area Historical,43.0639,-85.93539,HSC,,,,,HTTP://WWW.COOPERSVILLEHISTORICALMUSEUM.ORG,Ottawa,Coopersville
Johnson Nature Center,42.59111,-83.28681,BOT,,,,,,Oakland,
Krasl Art Center,42.10675,-86.48542,ART,,,"website, visual arts center with exhibit galleries",,HTTP://WWW.KRASL.ORG,Berrien,St. Joseph
Artrain,42.29465,-83.74671,ART,,,,,HTTP://WWW.ARTRAINUSA.ORG,Washtenaw,
Ann Arbor Art Association,42.2795,-83.74877,ART,,,,,,Washtenaw,
Charlevoix Circle Of Arts,45.31717,-85.26052,ART,,,,,HTTP://WWW.CHARLEVOIXCIRCLE.ORG,Charlevoix,Charlevoix
Great Lakes Zoological Society,42.29185,-83.86228,ZAW,,,"Located at Belle Isle Park in the SS William Clay Ford Pilot House, operated by the Detroit Historical Society",,HTTP://WWW.GLZSZOO.ORG,Washtenaw,Ann Arbor
Mt. Pleasant Discovery Museum,43.59726,-84.74065,CMU,,,,,HTTP://WWW.MPDISCOVERYMUSEUM.ORG/,Isabella,Mt Pleasant
Kunsthalle Detroit,42.34863,-83.08939,ART,,,"Operated by the Detroit Historical Society, includes a 19th-century street scene, local businesses including automobile companies, leaders, culture and heritage",,HTTP://KUNSTHALLE-DETROIT.ORG,Wayne,Detroit
Aeronca Aircraft History Museum,42.56796,-83.78368,HST,,,,,HTTP://WWW.AERONCAMUSEUM.ORG/,Livingston,Brighton
Northport Area Heritage Association,45.11994,-85.61073,HST,,,,,,Leelanau,
Wilderness Trails Animal Park,43.25039,-83.7353,ZAW,,,,,HTTP://WILDERNESSTRAILSZOO.ORG,Saginaw,
Southwest Michigan Crate And Basket And Veneer Machinery Museum,42.18298,-86.38084,HST,,,,,,Berrien,
Greater Grand Rapids Bowling Hall Of Fame,43.01416,-85.86325,HST,,,,,HTTP://GRGRUSBC.ORG/HOF/HOF_INDEX.HTM,Ottawa,
Fayette Historic Townsite,45.70376,-86.66201,HST,,,Late Victorian life,,https://en.wikipedia.org/wiki/Fayette_Historic_State_Park,Delta,Garden
Children'S Museum Of Lenawee,41.93106,-84.10406,CMU,,,,,https://en.wikipedia.org/wiki/Flint_Children's_Museum,Lenawee,Flint
Sandcastles A Lake Michigan Children'S Museum,43.95568,-86.44759,CMU,,,website,,HTTP://WWW.SANDCASTLESCHILDRENSMUSEUM.COM/,Mason,Ludington
Northeast Michigan Center For Fine Arts,45.06238,-83.43333,ART,,,,,HTTP://WWW.ARTINTHELOFT.ORG/,Alpena,
Edison Institute,42.30016,-83.23292,HST,,,,,HTTP://WWW.THEHENRYFORD.ORG,Wayne,
Lakeshore Museum Center,43.23328,-86.25456,HST,,,"website, area natural and cultural history, lumber industry, and Scolnik House, a Depression-era period house",,HTTP://WWW.LAKESHOREMUSEUM.ORG,Muskegon,Muskegon
Grand Rapids Art Museum,42.96611,-85.6717,ART,,,"Renaissance to Modern art, with strength in European and American 19th- and 20th-century painting and sculpture",,HTTP://WWW.ARTMUSEUMGR.ORG,Kent,Grand Rapids
Houghton County Historical Museum Society,47.16045,-88.38006,HST,,,"Operated by the Houghton County Historical Society, site includes a railroad, one room schoolhouse, the Houghton County Historical Society Heritage Center and a WPA-era log cabin; participating institution in Keweenaw National Historical Park",,HTTP://WWW.HOUGHTONHISTORY.ORG/,Houghton,Lake Linden
Chippewa Nature Center,43.60019,-84.29106,BOT,,,"Visitor center with natural history and Native American exhibits, Homestead Farm and Log Schoolhouse, wigwam, arboretum, trails",,HTTP://WWW.CHIPPEWANATURECENTER.ORG,Midland,Midland
Port Huron Museum Of Arts & History,42.97184,-82.42609,ART,,,"History, pre-history and culture of the Blue Water area, includes maritime exhibits, musical instrument collection, art, log cabin",,https://en.wikipedia.org/wiki/Carnegie_Center_--_Port_Huron_Museum,St. Clair,Port Huron
Lansing Art Gallery,42.73386,-84.55234,ART,,,Gallery and education center for visual arts,,https://en.wikipedia.org/wiki/Lansing_Art_Gallery,Ingham,Lansing
Garfield Nature Center,42.93177,-85.65345,BOT,,,,,,Kent,
Whaley Historical House Association,43.0202,-83.68391,HST,,,"website, late Victorian house",,https://en.wikipedia.org/wiki/Whaley_Historic_House_Museum,Genesee,Flint
Michigan'S Own Military And Space Museum,43.31942,-83.73489,GMU,,,,,HTTP://WWW.MICHIGANSMILITARYMUSEUM.COM,Saginaw,Frankenmuth
Potter Park Zoological Gardens,42.71928,-84.53802,ZAW,,,,,HTTP://WWW.POTTERPARKZOO.ORG,Ingham,
East Jordan Portside Art & Historical Museum Society,45.23182,-85.18171,ART,,,website,,HTTP://WWW.HSMICHIGAN.ORG/RESOURCES/LOCAL-HISTORICAL-ORGANIZATIONS/EAST-JORDAN-PORTSIDE-ART-HISTORICAL-MUSEUM/,Charlevoix,East Jordan
R E Olds Transportation Museum,42.73246,-84.54783,HST,,,"Oldsmobiles dating from 1897 to 2004, automobilia, REO Motor Car Company vehicles",,HTTP://WWW.REOLDSMUSEUM.ORG,Ingham,Lansing
Urban Institute For Contemporary Arts,42.96163,-85.66675,ART,,,website,,HTTP://WWW.UICA.ORG,Kent,Grand Rapids
Pewabic Society,42.36139,-82.98142,ART,,,Arts & Crafts ceramics and contemporary pottery,,HTTP://WWW.PEWABIC.ORG/,Wayne,Detroit
Marquette Maritime Museum,46.5408,-87.39285,HST,,,"website, collection of Great Lakes Lighthouse lenses including 2nd, 3rd and 4th order ""Classical"" Fresnel Lenses, also operates Marquette Harbor Light",,https://en.wikipedia.org/wiki/Marquette_Maritime_Museum,Marquette,Marquette
Frederik Meijer Gardens And Sculpture Park,42.98074,-85.59028,BOT,,,"Botanical gardens with a conservatory, sculpture park and museum with over 170 sculptures by artists including Magdalena Abakanowicz, Jonathan Borofsky, Alexander Calder, Anthony Gormley, Mark di Suvero, Henry Moore, Claes Oldenburg, Marshall Fredericks, Arnaldo Pomodoro and Kenneth Snelson",,HTTP://WWW.MEIJERGARDENS.ORG,Kent,Grand Rapids
Holocaust Memorial Center,42.5051,-83.35901,HST,,,"Includes Museum of European Jewish Heritage, International Institute of the Righteous",,HTTP://WWW.HOLOCAUSTCENTER.ORG,Oakland,Farmington Hills
Crystal Lake Art Center,44.61929,-86.19353,ART,,,,,HTTP://OLIVERARTCENTERFRANKFORT.ORG/,Benzie,Frankfort
Southern Michigan Railroad Society,42.07016,-83.97385,HST,,,Heritage railroad and museum,,HTTP://SOUTHERNMICHIGANRAILROAD.COM/,Lenawee,Clinton
Leila Arboretum Society,42.33528,-85.21382,BOT,,,,,HTTP://WWW.LEILAARBORETUMSOCIETY.ORG/,Calhoun,
Buckham Fine Arts Project,43.02101,-83.60844,ART,,,,,HTTP://WWW.BUCKHAMGALLERY.ORG,Genesee,
Durand Union Station,42.91083,-83.98231,HST,,,"Also known as Michigan Railroad History Museum, trains in WW II, Wallace Circus train wreck, Presidential whistle stops in Durand, model trains",,HTTP://WWW.DURANDSTATION.ORG,Shiawassee,Durand
Motown Museum,42.37575,-83.05888,HST,,,"Also known as Hitsville U.S.A., dedicated to the legacy of the Motown Records, its artists and music",,http://www.motownmuseum.org/,Wayne,Detroit
Chelsea Area Historical Society,42.31924,-84.01942,HSC,,,"website, operated by the Chelsea Area Historical Society",,HTTP://WWW.CHELSEAHISTORY.ORG,Washtenaw,Chelsea
Grand Traverse Lighthouse Museum,45.16279,-85.6044,HST,,,Lighthouse and maritime museum located within Leelanau State Park,,HTTP://WWW.GRANDTRAVERSELIGHTHOUSE.COM/,Leelanau,Northport
Tuskegee Airmen National Historical Museum,42.29984,-83.09909,HST,,,"website, located at Fort Wayne, history of blacks in aviation in World War II up until the integration of the Armed Forces, open by appointment",,HTTP://WWW.TUSKEGEEMUSEUM.ORG/,Wayne,Detroit
Curious Kids' Museum,42.10903,-86.48357,CMU,,,website,,https://en.wikipedia.org/wiki/Curious_Kids'_Museum?action=edit&redlink=1,Berrien,St. Joseph
Uss Silversides Submarines Museum,43.22787,-86.33675,HST,,,"Includes the museum, USS Silversides (SS-236) submarine and USS McLane Coast Guard cutter; formerly known as the Great Lakes Naval Memorial & Museum",,HTTP://SILVERSIDESMUSEUM.ORG/,Muskegon,Muskegon
River Of History Museum,46.49713,-84.34787,HST,,,"website, history of the St. Mary's River and its inhabitants",,https://en.wikipedia.org/wiki/River_Of_History_Museum?action=edit&redlink=1,Chippewa,Sault S Marie
Great Lakes Aquarium,43.21134,-86.22867,ZAW,,,"Located at Belle Isle Park in the SS William Clay Ford Pilot House, operated by the Detroit Historical Society",,HTTP://GLAQUARIUM.ORG/,Muskegon,Muskegon
Upper Peninsula Children'S Museum,46.54082,-87.39479,CMU,,,website,,HTTP://WWW.UPCHILDRENSMUSEUM.COM/,Marquette,Marquette
Huron County Nature Center,44.02383,-82.99507,BOT,,,,,HTTP://WWW.HURONNATURECENTER.ORG,Huron,
Belle Isle Botanical Society Bibs,42.35207,-82.994,BOT,,,,,HTTP://BELLEISLECONSERVANCY.ORG/,Wayne,
Raven Hill Discovery Center,45.14699,-85.05507,CMU,,,"Regional science and technology center, also art, history and culture",,HTTP://WWW.RAVENHILLDISCOVERYCENTER.ORG,Charlevoix,East Jordan
Chassell Historical Organization,47.0029,-88.5381,HST,,,,,,Houghton,Chassell
Williamston Depot Museum,42.69169,-84.28777,HST,,,Operated by the Clio Historical Association[20],,"https://en.wikipedia.org/wiki/Depot_(Clio,_Michigan)?action=edit&redlink=1",Ingham,Clio
Cadillac Lasalle Club Museum And Research,42.51271,-83.39292,HST,,,,,,Oakland,
Manistee Art Institute,44.2505,-86.31672,ART,,,"website, located in a historic store, exhibits include the Civil War, pioneer life, antiques and maritime history; also operates another facility in the historic Waterworks building, exhibits include logging, railroad, and marine exhibits and memorabilia of Manistee in the 19th century",,HTTP://WWW.MANISTEEARTINSTITUTE.ORG/,Manistee,Manistee
Dominos Farms Petting Farm,42.27276,-83.76611,ZAW,,,,,HTTP://WWW.PETTINGFARM.COM/,Washtenaw,
Old Fence Rider Historical Center Museum,43.40561,-85.03565,HST,,,"website, historical collection of Western heritage[51]",,HTTP://WWW.MONTCALM.ORG,Montcalm,Edmore
Foundation And Museum Of The 1St Polish Armoured Division Association,42.51068,-83.06382,HST,,,,,,Macomb,
Planet Art,42.33433,-83.0484,ART,,,,,HTTP://WWW.PUPPETART.ORG/,Wayne,Detroit
Thumb Octagon Barn,43.66436,-83.26206,HST,,,"website, agriculture tools, equipment, buildings",,HTTP://WWW.THUMBOCTAGONBARN.ORG,Tuscola,Gagetown
Keweenaw Children'S Museum,47.11535,-88.58852,CMU,,,,,https://en.wikipedia.org/wiki/Flint_Children's_Museum,Houghton,Flint
Great Lakes Children'S Museum,44.77569,-85.65649,CMU,,,website,,HTTP://GREATLAKESKIDS.ORG/,Leelanau,Traverse City
Michigan Firehouse Museum And Education Center,42.24589,-83.60845,HST,,,"website, formerly Ypsilanti Antique Auto, Truck and Fire Museum, then Michigan Antique Fire Equipment Preservation Group Museum",,HTTP://WWW.MICHIGANFIREHOUSEMUSEUM.ORG,Washtenaw,Ypsilanti
Midland Center For The Arts,43.62518,-84.25004,GMU,,,"Performing arts and museum complex, includes Alden B. Dow Museum of Science & Art and Midland County Historical Society's Heritage Park",,HTTP://WWW.MCFTA.ORG,Midland,Midland
Model-T Automotive Heritage Complex,42.38979,-83.09253,SCI,,,,,,Wayne,
Mid-Michigan Children'S Museum,43.41961,-83.94643,CMU,,,website,,HTTP://WWW.MIDMICM.ORG,Saginaw,Saginaw
Lakeshore Nature Center,42.74872,-86.20094,BOT,,,"website, area natural and cultural history, lumber industry, and Scolnik House, a Depression-era period house",,https://en.wikipedia.org/wiki/Lakeshore_Museum_Center?action=edit&redlink=1,Allegan,Muskegon
Botanical Garden Society Of Northwest Michigan,44.77023,-85.65937,BOT,,,,,HTTP://WWW.THEBOTANICGARDEN.ORG/,Grand Traverse,Traverse City
Fighting Falcon Military Museum,43.17862,-85.26128,HST,,,,,HTTP://WWW.THEFIGHTINGFALCON.COM/,Montcalm,
Museum Of New Art,42.81979,-82.97506,ART,,,"Contemporary art, commonly known as MoNA, locations in Troy and Armada, Michigan",,https://en.wikipedia.org/wiki/Museum_of_New_Art,Macomb,Troy
Paul Dickerson Studio Art Museum,42.43002,-86.2592,ART,,,,,,Allegan,
Harris Nature Center,42.69571,-84.37827,BOT,,,,,,Ingham,
Forever Curious Children'S Museum,42.59418,-86.10323,CMU,,,"website, formerly known as Allegan County Children's Museum, trying to open a location in Allegan",,HTTP://FOREVERCURIOUSMUSEUM.ORG/,Allegan,Fennville
Kingman Museum,42.3388,-85.21011,NAT,,,"Exhibits include paleontology, geology specimens, wildlife mounts, a preserved human embryo and fetus exhibit, Native American artifacts and a planetarium",,HTTP://WWW.KINGMANMUSEUM.ORG,Calhoun,Battle Creek
Wills Sainte Claire Museum,42.88791,-82.48322,HST,,,,,HTTP://WILLSAUTOMUSEUM.ORG,St. Clair,Marysville
Partnership For The Arts & Humaniti Es,42.34685,-83.43724,ART,,,,,HTTP://PARTNERSHIPFORARTS.ORG/,Wayne,
Art Center Of Battle Creek,42.33013,-85.16893,ART,,,"website, hosts 10-12 varied shows each year, including annual Michigan Artist Competition exhibition",,HTTP://WWW.ARTCENTEROFBATTLECREEK.ORG,Calhoun,Battle Creek
Detroit Zoo,42.4754,-83.14873,ZAW,,,"Operated by the Detroit Historical Society, includes a 19th-century street scene, local businesses including automobile companies, leaders, culture and heritage",,https://en.wikipedia.org/wiki/Detroit_Historical_Museum,Oakland,Detroit
John Ball Zoological Society,42.97046,-85.67271,ZAW,,,,,HTTP://WWW.JOHNBALLZOOSOCIETY.ORG,Kent,
Genesee County Historical & Museum Society,43.01754,-83.69521,HST,,,,,HTTP://GENESEEHISTORY.ORG/ABOUT-US.HTML,Genesee,
History Center At Courthouse Square,41.94821,-86.34102,HST,,,"website, operated by the Berrien County Historical Association, includes 1839 Courthouse, 1830 Log House, 1870 Sheriff's House",,HTTP://WWW.BERRIENHISTORY.ORG/,Berrien,Berrien Springs
Curtis Museum,42.41663,-83.18373,GMU,,,,,,Wayne,Detroit
Farwell Area Historical Museum,43.835,-84.86769,HST,,,,,,Clare,Farwell
Macomb Children'S Hands On Museum,42.59244,-82.88018,CMU,,,,,,Macomb,
Dinnerware Museum,42.2853,-83.74819,NAT,,,,,HTTP://DINNERWAREMUSEUM.ORG/THREECOURSES.HTML,Washtenaw,
Cass County Pioneer Log Cabin Museum,41.90352,-86.01206,HST,,,"Includes tools, farm equipment, quilts and dolls",,https://en.wikipedia.org/wiki/Pioneer_Log_Cabin_Museum,Cass,Cassopolis
Binder Park Zoological Society,42.24644,-85.15542,ZAW,,,,,HTTP://WWW.BINDERPARKZOO.ORG/,Calhoun,
Scidmore Park Petting Zoo,41.93596,-85.63565,ZAW,,,,,,St. Joseph,
Au Sable Institute Of Environmental Studies,44.8314,-84.95878,BOT,,,,,HTTP://AUSABLE.ORG/,Kalkaska,Mancelona
Battle Creek Outdoor Education Center,42.49713,-85.26378,BOT,,,,,HTTP://WWW.CLEARLAKECAMP.ORG,Barry,Dowling
Clear Lake Education Center,45.74258,-87.08426,BOT,,,,,HTTP://WWW.CLEARLAKEINFO.ORG,Delta,Escanaba
Degraaf Nature Center,42.77554,-86.13731,BOT,,,,,,Ottawa,Holland
Devries Nature Conservancy,43.02902,-84.18292,BOT,,,,,HTTPS://SITES.GOOGLE.COM/A/DEVRIESNATURE.ORG/HOME/,Shiawassee,Owosso
Dinosaur Hill Nature Preserve,42.69169,-83.14047,BOT,,,,,,Oakland,Rochester
Farmington Hills Nature Center,42.48542,-83.33045,BOT,,,,,HTTP://WWW.FHGOV.COM,Oakland,Farmington Hills
Fenner Conservancy,42.71182,-84.52294,BOT,,,,,HTTP://WWW.MYNATURECENTER.ORG,Ingham,Lansing
Fernwood Botanical Garden & Nature Preserve,41.86972,-86.34005,BOT,,,,,HTTP://WWW.FERNWOODBOTANICAL.ORG/,Berrien,Niles
For-Mar Nature Preserve & Arboretum,43.03817,-83.61552,BOT,,,,,HTTP://WWW.GENESEECOUNTYPARKS.ORG,Genesee,Burton
Grand Traverse Conservation District,44.76394,-85.64401,BOT,,,,,HTTP://NATUREISCALLING.ORG/,Grand Traverse,Traverse City
Grass River Natural Area,44.96746,-85.20593,BOT,,,"website, history of the St. Mary's River and its inhabitants",,HTTP://WWW.GRASSRIVER.ORG,Antrim,Bellaire
Howell Nature Center,42.52434,-83.95051,BOT,,,,,HTTP://HOWELLNATURECENTER.ORG/,Livingston,Howell
Huron-Clinton Metroparks (Previously Lake St. Clair Metropark),42.58059,-82.83684,BOT,,,website,,HTTP://WWW.METROPARKS.COM,Macomb,Harrison Township
Ottawa County Parks And Recreation Commission,42.94292,-86.08715,BOT,,,,,HTTP://WWW.MIOTTAWA.ORG/PARKS/,Ottawa,West Olive
Outdoor Discovery Center,42.72629,-86.09551,BOT,,,,,HTTP://OUTDOORDISCOVERY.ORG/,Allegan,Holland
Pierce Cedar Creek Institute,42.53706,-85.30452,BOT,,,,,HTTP://WWW.CEDARCREEKINSTITUTE.ORG,Barry,Hastings
Pine River Nature Center - St. Clair County,42.9771,-82.64391,BOT,,,"website, history of the St. Mary's River and its inhabitants",,HTTP://WWW.SCCRESA.ORG,St. Clair,Goodells
Sarett Nature Center,42.15239,-86.3789,BOT,,,,,HTTP://SARETT.COM/,Berrien,Benton Harbor
Tamarack Camps,42.84905,-83.5114,BOT,,,,,HTTP://TAMARACKCAMPS.COM/,Oakland,Ortonville
Woldumar Nature Association,42.71435,-84.60213,BOT,,,,,HTTP://WOLDUMAR.ORG,Ingham,Lansing
Replica Fighters Association,42.19869,-86.24517,SCI,,,,,,Berrien,
Great Lakes Maritime Heritage Center,45.0683,-83.43371,ZAW,,,"Headquarters for the Thunder Bay National Marine Sanctuary, features exhibits on shipwrecks and the Great Lakes",,HTTP://THUNDERBAY.NOAA.GOV/,Alpena,Alpena
Shalom Street,42.5419,-83.40053,CMU,,,,,,Oakland,West Bloomfield
Card Wildlife Education Center,43.693,-85.47763,ZAW,,,"website, part of Ferris State University, wildlife dioramas",,HTTP://WWW.FERRIS.EDU/CARD/,Mecosta,Big Rapids
Children'S Zoo At Celebration Square,43.4471,-83.92073,ZAW,,,,,HTTP://WWW.SAGINAWZOO.COM/,Saginaw,Saginaw
W.K. Kellogg Bird Sanctuary,42.7356,-84.49352,ZAW,,,,,,Ingham,
Abrams Planetarium,42.7356,-84.49352,SCI,,,,,,Ingham,
Acheson Planetarium,42.59638,-83.25711,SCI,,,,,HTTP://SCIENCE.CRANBROOK.EDU,Oakland,Bloomfield Hills
Air Zoo,42.2301,-85.55738,SCI,,,"Formerly the Kalamazoo Aviation History Museum, part aviation museum and part amusement park, includes Michigan Space Science Center, simulators, historic airplanes, aviation exhibits, Michigan Aviation Hall of Fame",,HTTP://WWW.AIRZOO.ORG,Kalamazoo,Portage
Alden B. Dow Museum Of Science & Art,43.62601,-84.25203,SCI,,,Science gallery and gallery space featuring changing visual art and science exhibitions; part of the Midland Center for the Arts,,HTTP://WWW.MCFTA.ORG,Midland,Midland
Carr-Fles Planetarium,43.24818,-86.19397,SCI,,,,,,Muskegon,
Chester H. Wilson Geology Museum,43.01831,-83.67045,SCI,,,,,,Genesee,
Detroit Observatory,42.25286,-83.7389,SCI,,,"Operated by the Detroit Historical Society, includes a 19th-century street scene, local businesses including automobile companies, leaders, culture and heritage",,https://en.wikipedia.org/wiki/Detroit_Historical_Museum,Washtenaw,Detroit
Emu Planetarium,42.24689,-83.61757,SCI,,,,,,Washtenaw,
Environmental Interpretive Center,42.25286,-83.7389,SCI,,,,,HTTP://UMDEARBORN.EDU/EIC/,Washtenaw,
Kalamazoo Valley Museum Planetarium,42.26692,-85.56631,SCI,,,"History, science, technology, operated by Kalamazoo Valley Community College",,https://en.wikipedia.org/wiki/Kalamazoo_Valley_Museum,Kalamazoo,Kalamazoo
Michigan State University Horticulture Gardens,42.7356,-84.49352,BOT,,,"website, part of Michigan State University, natural history, culture including Asia, Africa, and the Americas, and the Great Lakes Quilt Center",,HTTP://WWW.HRT.MSU.EDU/OUR-GARDENS/,Ingham,East Lansing
Museum Of Zoology,42.25286,-83.7389,SCI,,,,,,Washtenaw,
Robert T. Longway Planetarium,43.02226,-83.67945,SCI,,,,,HTTP://WWW.LONGWAY.ORG,Genesee,Flint
Roger B. Chaffee Planetarium,42.96647,-85.67642,SCI,,,,,HTTP://WWW.GRPM.ORG/EXPLORE/PLANETARIUM/,Kent,Grand Rapids
Besser Museum For Northeast Michigan,45.07942,-83.44319,SCI,,,"website, art, science, natural history, history, planetarium; also known as Jesse Besser Museum. Contains Fishing Tug Katherine V, last extant wooden Great Lakes fishing tug. The Besser Museum Sky Theater",,HTTP://WWW.BESSERMUSEUM.ORG,Alpena,Alpena
Center For Cultural And Natural History,43.61374,-84.77419,NAT,,,"website, part of Central Michigan University, natural history dioramas, cultural artifacts",,HTTPS://WWW.CMICH.EDU/ACADEMICS/PAGES/COLLEGES.ASPX,Isabella,Mount Pleasant
Grosscup Museum Of Anthropology,42.36368,-83.05725,NAT,,,,,,Wayne,
Kelsey Museum Of Archaeology,42.25286,-83.7389,NAT,,,"Part of the University of Michigan, Mediterranean civilizations",,https://en.wikipedia.org/wiki/Kelsey_Museum_of_Archaeology,Washtenaw,Ann Arbor
Museum Of Anthropology,42.25286,-83.7389,NAT,,,,,,Washtenaw,
Museum Of Natural History,42.36368,-83.05725,NAT,,,"website, part of Central Michigan University, natural history dioramas, cultural artifacts",,https://en.wikipedia.org/wiki/Museum_of_Cultural_&_Natural_History?action=edit&redlink=1,Wayne,Mount Pleasant
University Of Michigan Museum Of Natural History,42.25286,-83.7389,NAT,,,"Part of the University of Michigan, dinosaur exhibits, Michigan wildlife, anthropology, geology and a planetarium. University of Michigan research museums: Museum of Anthropology, Museum of Paleontology, Museum of Zoology, University Herbarium",,https://en.wikipedia.org/wiki/University_of_Michigan_Museum_of_Natural_History,Washtenaw,Ann Arbor
Andrews University Campus Arboretum,41.94859,-86.35373,BOT,,,,,,Berrien,
Applewood - The C.S. Mott Estate,43.0224,-83.67916,BOT,,,,,HTTP://WWW.RUTHMOTTFOUNDATION.ORG/,Genesee,Flint
Botanic Garden At Historic Barns Park,44.76223,-85.62391,BOT,,,,,,Grand Traverse,
Dow Gardens,43.62064,-84.25407,BOT,,,,,,Midland,Midland
Hidden Lake Gardens,42.7356,-84.49352,BOT,,,,,HTTP://HIDDENLAKEGARDENS.MSU.EDU,Ingham,
Historic Ford Estates,42.45056,-82.87306,BOT,,,,,HTTP://WWW.FORDHOUSE.ORG,Wayne,Grosse Pointe Shores
Matthaei Botanical Gardens,42.25286,-83.7389,BOT,,,,,HTTP://WWW.LSA.UMICH.EDU/MBG/,Washtenaw,
W.J. Beal Botanical Garden,42.7356,-84.49352,BOT,,,,,,Ingham,
Whitehouse Nature Center,42.24386,-84.74459,BOT,,,,,,Calhoun,
Windmill Island Gardens,42.79216,-86.10241,BOT,,,"240-year-old working Dutch windmill (De Zwaan) on 36 acres (150,000 m2) of gardens; Posthouse Museum is a replica of a 14th-century wayside inn",,https://en.wikipedia.org/wiki/Windmill_Island,Ottawa,Holland
Arts Center Gallery,46.49178,-84.36596,ART,,,"website, part of Lake Superior State University, houses the L. F. Noyes Collection of Native American and Western Art",,https://en.wikipedia.org/wiki/LSSU_Arts_Center_Gallery?action=edit&redlink=1,Chippewa,Sault Ste. Marie
Bobbit Visual Arts Center,42.24386,-84.74459,ART,,,,,HTTP://WWW.ALBION.EDU/,Calhoun,
Brown & Juanita C. Ford Art Gallery,42.32665,-83.05658,ART,,,,,HTTP://WWW.WCCCD.EDU/ABOUT/ART_GALLERIES.HTM,Wayne,
Center Art Gallery,42.92701,-85.59051,ART,,,website,,https://en.wikipedia.org/wiki/Ferris_State_University,Kent,Big Rapids
Center Galleries,42.36097,-83.06432,ART,,,"website, six galleries in both Grand Rapids and Allendale",,https://en.wikipedia.org/wiki/Grand_Valley_State_University,Wayne,Grand Rapids
Cranbrook Art Museum,42.61986,-83.24777,ART,,,"Contemporary art, part of the Cranbrook Academy of Art",,https://en.wikipedia.org/wiki/Cranbrook_Art_Museum,Oakland,Bloomfield Hills
De Pree Art Gallery,42.79025,-86.10194,ART,,,,,,Ottawa,
Devos Art Museum,46.55658,-87.39639,ART,,,"website, part or the Art and Design Department at Northern Michigan University",,HTTP://ART.NMU.EDU/DEPARTMENT/MUSEUM/INDEX.HTM,Marquette,Marquette
Eli And Edythe Broad Art Museum,42.7356,-84.49352,ART,,,"Part of Michigan State University, contemporary art",,HTTP://BROADMUSEUM.MSU.EDU,Ingham,East Lansing
Ferris State University Fine Art Gallery,43.693,-85.47763,ART,,,website,,https://en.wikipedia.org/wiki/Ferris_State_University,Mecosta,Big Rapids
Flora Kirsch Beck Art Gallery,43.37909,-84.67264,ART,,,"website, part of Alma College",,https://en.wikipedia.org/wiki/Flora_Kirsch_Beck_Gallery?action=edit&redlink=1,Gratiot,Alma
Ford Gallery,42.20002,-83.60172,ART,,,,,,Washtenaw,
Gallery,42.4169,-83.15687,ART,,,"website, part of Wayne State University",,https://en.wikipedia.org/wiki/Elaine_L._Jacob_Gallery?action=edit&redlink=1,Wayne,Detroit
Gallery Of Art,42.95836,-85.62413,ART,,,website,,https://en.wikipedia.org/wiki/Ferris_State_University,Kent,Big Rapids
Gallery One,42.26653,-83.66663,ART,,,,,HTTP://WWW.WCCNET.EDU/NEWS-EVENTS/ARTICLES/VIEW/127/,Washtenaw,
Ganton Art Gallery,42.20533,-84.55293,ART,,,"website, part of Spring Harbor University",,https://en.wikipedia.org/wiki/Ganton_Art_Gallery?action=edit&redlink=1,Jackson,Spring Arbor
Grand Valley State University Art Gallery,42.96959,-85.93324,ART,,,website,,https://en.wikipedia.org/wiki/Ferris_State_University,Ottawa,Big Rapids
Grcc Collins Art Gallery,42.9658,-85.66629,ART,,,,,HTTP://WWW.GRCC.EDU/VISUALARTS/GRCCCOLLINSARTGALLERY,Kent,
Humanities Art Center,43.01397,-83.71108,ART,,,,,HTTP://WWW.KETTERING.EDU/ACADEMICS/DEPARTMENTS/LIBERAL-STUDIES/COMMUNITY-RESOURCES/HUMANITIES-ART-CENTER-AND-GALLERY,Genesee,
Instruction North Art Gallery,43.24549,-85.15832,ART,,,,,,Montcalm,
Jeannette Hare Art Gallery,43.62903,-84.27483,ART,,,,,HTTPS://WWW.NORTHWOOD.EDU/MEDIA/PRESSROOM/NEWSARCHIVES/ARTICLE/2012/FLORIDAS-JEANNETTE-HARE-ART-GALLERY-SHOWCASES-ART-TEACHER-EXHIBIT.ASPX,Midland,
Klemm Gallery,41.90528,-84.0135,ART,,,,,HTTP://WWW.STUDIOANGELICO.COM/KLEMMGALLERY/,Lenawee,
Livonia Fine Arts Gallery,42.41913,-83.4327,ART,,,,,HTTP://WWW.SCHOOLCRAFT.EDU/NEWS-AND-EVENTS/COLLEGE-NEWS/2013/08/27/FACULTY-MEMBER'S-ARTWORK-WILL-BE-DISPLAYED-IN-LIVONIA#.VLBO1LD0XDG,Wayne,
Manierre Dawson Gallery,43.89596,-86.33835,ART,,,,,HTTP://WWW.WESTSHORE.EDU/COMMUNITY/ARTS_MUSIC_CULTURE/MANIERRE_DAWSON_GALLERY/INDEX.HTML,Mason,
Meadow Brook Art Gallery,42.67225,-83.19371,ART,,,,,HTTP://WWW.MEADOWBROOKHALL.ORG/EXPLORE/HISTORY/MEADOWBROOKHALL,Oakland,
Museum Of Contemporary Art Detroit,42.41707,-83.13987,ART,,,,,https://en.wikipedia.org/wiki/Museum_of_Contemporary_Art_Detroit,Wayne,Detroit
Potter Center Art Gallery,42.1675,-84.40585,ART,,,"website, part of Spring Harbor University",,HTTP://WWW.JCCMI.EDU/NEWS/PRESSRELEASES/DOCS/FACIALVISION_FLYER.PDF,Jackson,Spring Arbor
Sisson Art Gallery,42.32414,-83.23394,ART,,,"website, part of Spring Harbor University",,HTTPS://HSS.HFCC.EDU/SISSON-ART-GALLERY,Wayne,Spring Arbor
Spiral Gallery,42.97084,-82.4247,ART,,,,,HTTP://WWW.SC4.EDU/SPIRAL-GALLERY/,St. Clair,
Student Gallery,43.96113,-84.76774,ART,,,,,HTTPS://WWW.MIDMICH.EDU/?GID=2&SID=64&PID=997,Clare,
Ucen Fine Arts Gallery,42.25286,-83.7389,ART,,,,,HTTP://WWW.UMFLINT.EDU/COMARTS/VISUAL-ARTS-EVENTS,Washtenaw,
University Art Gallery,42.20002,-83.60172,ART,,,website,,https://en.wikipedia.org/wiki/Ferris_State_University,Washtenaw,Big Rapids
University Of Michigan Museum Of Art,42.25286,-83.7389,ART,,,"Features European and Asian art, including some by Pablo Picasso, Helen Frankenthaler, and James McNeill Whistler. Outdoor sculptures include Orion and Daedalus.",,HTTP://WWW.UMMA.UMICH.EDU,Washtenaw,Ann Arbor
Warren Robbins Gallery And Slusser Gallery,42.25286,-83.7389,ART,,,,,,Washtenaw,
Wayne State University Community Arts Gallery,42.36368,-83.05725,ART,,,"website, part of Michigan State University, natural history, culture including Asia, Africa, and the Americas, and the Great Lakes Quilt Center",,https://en.wikipedia.org/wiki/Michigan_State_University_Museum,Wayne,East Lansing
Richmond Center For Visual Arts,42.26345,-85.60829,ART,,,,,,Kalamazoo,
Lincoln Classic Car Museum,42.44213,-85.42506,GMU,,,,,,Barry,Hickory Corners
Vsa Of Michigan,42.36057,-83.06527,GMU,,,,,HTTP://VSAMI.ORG/,Wayne,Detroit
Yankee Air Museum,42.22701,-83.63156,GMU,,,Located at Willow Run Airport,,https://en.wikipedia.org/wiki/Yankee_Air_Museum,Washtenaw,Ypsilanti
White River Light Station Museum,43.38729,-86.33572,GMU,,,,,HTTP://WWW.WHITERIVERLIGHTSTATION.ORG,Muskegon,Whitehall
Wolf Lake State Fish Hatchery,42.29209,-85.78492,GMU,,,,,HTTP://MICHIGAN.GOV,Van Buren,
Telephone Pioneer Museum,42.73494,-84.55238,GMU,,,"website, antique and novelty telephones and equipment, local history, operated by the Montrose Area Historical Association",,https://en.wikipedia.org/wiki/Montrose_Historical_and_Telephone_Pioneer_Museum?action=edit&redlink=1,Ingham,Montrose
Township Of East China Red Brick Museum,42.75374,-82.48979,GMU,,,,,,St. Clair,
Southern Michigan Railroad,42.00583,-83.94741,GMU,,,Heritage railroad and museum,,HTTP://WWW.SOUTHERNMICHIGANRAILROAD.ORG/,Lenawee,Clinton
Scarlet Macaw,41.8854,-86.59462,GMU,,,,,,Berrien,
Reflexology Institute,42.46539,-83.1375,GMU,,,,,,Oakland,
Saginaw Railway Museum,43.41961,-83.94643,GMU,,,"website, operated by the Saginaw Valley Railroad Historical Society, trains, railroad technology, model train exhibit",,https://en.wikipedia.org/wiki/Saginaw_Railway_Museum?action=edit&redlink=1,Saginaw,Saginaw
Pastways Heritage And History Center,42.47639,-83.37715,GMU,,,,,HTTP://WWW.PASTWAYS.INFO,Oakland,Farmington Hills
Peterson Steamship Company,42.6425,-86.20977,GMU,,,,,HTTP://WWW.KEEWATINMARITIMEMUSEUM.COM,Allegan,
Northwest Michigan Maritime Museum,44.63075,-86.24439,GMU,,,"website, Coast Guard and lifesaving, local fishing, maritime lore, Friends Good Will 1810 square topsail sloop",,https://en.wikipedia.org/wiki/Michigan_Maritime_Museum,Benzie,South Haven
Plank Road Museum,43.4079,-84.47184,GMU,,,"website, operated by the Breckenridge-Wheeler Area Historical Society",,https://en.wikipedia.org/wiki/Plank_Road_Museum?action=edit&redlink=1,Gratiot,Breckenridge
Rochester Hills Museum At Van Hoosen Farm,42.69699,-83.1151,GMU,,,"website, 16-acre (65,000 m2) museum complex including a 1927 dairy barn with exhibits about area history",,HTTP://WWW.ROCHESTERHILLS.ORG/INDEX.ASPX?NID=88,Oakland,Rochester Hills
Navarre-Anderson Trading Post,41.93534,-83.46076,GMU,,,"Late 18th-century trading post owned by the Monroe County Historical Museum, open for special events and group tours[24]",,https://en.wikipedia.org/wiki/Navarre-Anderson_Trading_Post,Monroe,Monroe
Marysville Museum,42.90726,-82.4682,GMU,,,website,,https://en.wikipedia.org/wiki/Marysville_Historical_Museum?action=edit&redlink=1,St. Clair,Marysville
Motorsports Museum And Hall Of Fame,42.47549,-83.47531,GMU,,,Notable figures in the development of the automobile industry,,https://en.wikipedia.org/wiki/Automotive_Hall_of_Fame,Oakland,Dearborn
Museum Of Microcomputing,42.94363,-85.62093,GMU,,,,,,Kent,
Michigan Flywheelers,42.39565,-86.25258,GMU,,,"website, antique gas and steam engines and tractors",,HTTP://MICHIGANFLYWHEELERS.ORG/,Van Buren,South Haven
Michigan Whitetail Hall Of Fame Museum,42.30312,-84.22884,GMU,,,"Over 50 Boone And Crockett world record buck racks, live deer[44]",,https://en.wikipedia.org/wiki/Michigan_Whitetail_Hall_of_Fame_Museum?action=edit&redlink=1,Jackson,Grass Lake
Michigan Military History Musm,42.6626,-83.38548,GMU,,,,,,Oakland,
Marine City Museum,42.71539,-82.49469,GMU,,,website,,HTTP://WWW.MARINECITYMUSEUM.ORG,St. Clair,Marine City
Hunter House Museum,42.54644,-83.22029,GMU,,,,,,Oakland,
Leslie Area Museum,42.45122,-84.43139,GMU,,,,,HTTPS://WWW.FACEBOOK.COM/LESLIEAREAHISTORICALSOCIETY,Ingham,
Hyser Rivers Museum,43.06409,-85.59184,GMU,,,"website, operated by the Plainfield Township Historical Preservation Committee",,https://en.wikipedia.org/wiki/Hyser_Rivers_Museum?action=edit&redlink=1,Kent,Plainfield Township
James D Reader Jr Urban Environmental Education,42.28044,-83.72776,GMU,,,,,HTTP://WWW.LSA.UMICH.EDU,Washtenaw,
Liberty Hyde Bailey Museum,42.39565,-86.25258,GMU,,,Home and memorial to American horticulturist Liberty Hyde Bailey,,HTTP://LIBERTYHYDEBAILEY.ORG/,Van Buren,South Haven
Great Lakes Lore,45.42264,-83.81936,GMU,,,"Located at Belle Isle Park in the SS William Clay Ford Pilot House, operated by the Detroit Historical Society",,HTTP://WWW.GLLMM.ORG,Presque Isle,Detroit
Lakeshore Museum Center,45.42264,-83.81936,GMU,,,"website, area natural and cultural history, lumber industry, and Scolnik House, a Depression-era period house",,HTTP://WWW.LAKESHOREMUSEUM.ORG,Presque Isle,Muskegon
Japanese Cultural Center,43.41622,-83.9497,GMU,,,"website, Japanese garden, tea house, culture demonstrations",,HTTP://JAPANESECULTURALCENTER.ORG/,Saginaw,Saginaw
Knowlton Ice Museum,42.97755,-82.42301,GMU,,,"website, over 3,000 items used in the cutting, harvesting, storing, selling and use of natural ice as used by the ice industry of years ago",,https://en.wikipedia.org/wiki/Knowlton's_Ice_Museum_of_North_America?action=edit&redlink=1,St. Clair,Port Huron
Fort St Joseph Museum,41.82933,-86.2669,GMU,,,"Located in the carriage house of the Henry A. Chapin House, exhibits include Fort St. Joseph, the Underground Railroad in southern Michigan, railroads in Niles' history, Lakota Indian collection",,https://en.wikipedia.org/wiki/Henry_A._Chapin_House,Berrien,Niles
Fortde Buade Museum,45.86853,-84.72719,GMU,,,,,HTTP://FORTDEBUADE.COM,Mackinac,
Harbour House Museum,46.09711,-88.33251,GMU,,,[32],,HTTP://WWW.HARBOURHOUSEMUSEUM.ORG,Iron,Crystal Falls
Harsha House Museum,45.31743,-85.26076,GMU,,,"website, operated by the Charlevoix Historical Society",,https://en.wikipedia.org/wiki/Harsha_House_Museum?action=edit&redlink=1,Charlevoix,Charlevoix
Grosvenor House Museum,42.00725,-84.63661,GMU,,,19th-century Victorian mansion,,https://en.wikipedia.org/wiki/E.O._Grosvenor_House,Hillsdale,Jonesville
Flushing Area Museum,43.06288,-83.86133,GMU,,,"website, operated by the Flushing Area Historical Society",,HTTP://FLUSHINGHISTORICAL.ORG,Genesee,Flushing
Gilmore Car Museum,42.44213,-85.42506,GMU,,,Restored historic barns exhibiting nearly 200 vehicles spanning more than 100 years of automotive heritage,,HTTP://WWW.GILMORECARMUSEUM.ORG/,Barry,Barry Township
Great Lakes Shipwreck Museum,46.76797,-84.96085,GMU,,,"Operated by the Great Lakes Shipwreck Historical Society, artifacts retrieved from local shipwrecks, also includes lighthouse keeper's quarters for Whitefish Point Light",,HTTP://WWW.SHIPWRECKMUSEUM.COM,Chippewa,Paradise
Cycling Salamander,45.23129,-85.35364,GMU,,,,,,Charlevoix,
Dr Kellogg'S Discovery Center,42.32698,-85.19666,GMU,,,,,,Calhoun,Battle Creek
Ellair And Company,45.3128,-85.25708,GMU,,,,,HTTP://WWW.ELLAIR.COM/,Charlevoix,
Emerald Dragon Fly,42.28435,-83.74582,GMU,,,,,,Washtenaw,
History Center Of Traverse City,44.76176,-85.62679,GMU,,,,,HTTP://TRAVERSEHISTORY.ORG/,Grand Traverse,
Depot Museum,46.45534,-90.17165,GMU,,,Operated by the Clio Historical Association[20],,"https://en.wikipedia.org/wiki/Depot_(Clio,_Michigan)?action=edit&redlink=1",Gogebic,Clio
Charlton Park Village And Museum,42.61762,-85.21172,GMU,,,Recreated typical late 19th- to early 20th-century village,,HTTP://WWW.CHARLTONPARK.ORG/,Barry,Hastings
Detroit Hydroplane Museum,42.33566,-83.02492,GMU,,,"Operated by the Detroit Historical Society, includes a 19th-century street scene, local businesses including automobile companies, leaders, culture and heritage",,https://en.wikipedia.org/wiki/Detroit_Historical_Museum,Wayne,Detroit
Empire Area Museum,44.82189,-86.05883,GMU,,,"website, complex includes main museum, school house, 1911 Hose House, barn, gas station",,https://en.wikipedia.org/wiki/Empire_Area_Museum_Center?action=edit&redlink=1,Leelanau,Empire
Cobblestone Farm Museum,42.245,-83.70555,GMU,,,Mid 19th-century period farm and house,,HTTP://COBBLESTONEFARM.ORG,Washtenaw,Ann Arbor
Au Sable River Center,44.50007,-84.59266,GMU,,,website,,HTTP://WWW.AUSABLERIVERCENTER.ORG/,Roscommon,Oscoda
Cascade Township Museum,42.92939,-85.54808,GMU,,,,,HTTP://WWW.CASCADETWP.COM,Kent,
1839 Court House Museum,41.94423,-86.33655,GMU,,,,,,Berrien,
African Bead Museum,42.357,-83.11017,GMU,,,,,HTTP://MBAD.ORG,Wayne,
Call Of Wild Museum,45.02136,-84.68259,GMU,,,"website, museum with mounted animal displays, hands-on learning center and family amusement park",,HTTP://CALLOFTHEWILDGAYLORD.COM/,Otsego,Gaylord
Carnegie Center For The Arts,41.94628,-85.63454,GMU,,,"website, also W.R. Monroe Museum is adjacent, changing exhibits of arts, nature, science and history",,HTTP://WWW.TRCARNEGIE.COM/,St. Joseph,Three Rivers
Averill Museum,42.95543,-85.48739,GMU,,,"website, operated by the Ada Historical Society",,HTTP://WWW.HSMICHIGAN.ORG/ADA/,Kent,Ada
Calumet Theatre,47.24703,-88.45366,GMU,,,,,,Houghton,
Bloomingdale Area Historical Association,42.37533,-85.96643,HSC,,,,,HTTP://WWW.VBCO.ORG/BDALE_HISTORICAL.ASP,Van Buren,Bloomingdale
Alden Depot Park And Museum,44.8787,-85.27653,GMU,,,Operated by the Helena Township Historical Society[1],,https://en.wikipedia.org/wiki/Alden_Depot_Park_and_Museum?action=edit&redlink=1,Antrim,Alden
Bradley Home Museum,43.6292,-84.26684,GMU,,,,,,Midland,
A.E. Seaman Mineralogical Museum,47.11367,-88.55744,GMU,,,"Located on the campus of Michigan Technological University, participating institution in Keweenaw National Historical Park, state minerals",,HTTP://WWW.MUSEUM.MTU.EDU,Houghton,Houghton
Beaver Island Marine Museum,45.74743,-85.50856,GMU,,,"website, includes Old Mormon Print Shop Museum of local history, the Maritime Museum about fishing on the island, and Protar Home, a historic log cabin",,https://en.wikipedia.org/wiki/Beaver_Island_Historical_Society_Museums?action=edit&redlink=1,Charlevoix,St. James
Icebreaker Mackinac Maritime Museum,45.78216,-84.72472,GMU,,,Museum ship United States Coast Guard Cutter Mackinaw WAGB-83,,HTTP://WWW.THEMACKINAW.ORG,Cheboygan,Mackinaw City
Menominee Opera House,45.10333,-87.60296,GMU,,,,,HTTP://WWW.MENOMINEEOPERAHOUSE.ORG/,Menominee,Menominee
Sw Michigan Ltc Connections,42.08319,-86.49048,GMU,,,,,,Berrien,
Pathfinder Museum,42.72653,-84.55664,GMU,,,,,,Ingham,
Classic Car Club Of America Museum,42.30257,-83.25926,GMU,,,,,HTTP://WWW.CCCAMUSEUM.ORG,Wayne,Dearborn
National Polish American Sports Hall Of Fame,42.53409,-83.10391,GMU,,,,,,Oakland,
Michigan Transit Museum,42.59244,-82.88018,GMU,,,Historic depot restored to its 1900 appearance with exhibits of railroad stock and equipment,,HTTP://WWW.MICHIGANTRANSITMUSEUM.ORG/,Macomb,Mount Clemens
Lansing Fire Department Museum,42.68559,-84.49876,GMU,,,,,,Ingham,
Cultural Alliance Of Southeastern Michigan,42.35054,-83.04324,GMU,,,,,,Wayne,Detroit
Region Of Three Oaks Museum,41.81214,-86.61192,GMU,,,website,,https://en.wikipedia.org/wiki/Region_of_Three_Oaks_Museum?action=edit&redlink=1,Berrien,Three Oaks
Walter P Chrysler Museum Foundation,42.66296,-83.24132,GMU,,,,,HTTP://WWW.WPCHRYSLERMUSEUM.ORG,Oakland,
Copper Colored Mountain Arts,42.26854,-83.86935,GMU,,,,,,Washtenaw,
Greater Lansing Area Sports Hall Of Fame,42.74112,-84.51624,GMU,,,,,HTTP://LANSINGSPORTSHALLOFFAME.ORG/,Ingham,
Montrose Sports & Community Hall Of Fame,43.18454,-83.89341,GMU,,,,,,Genesee,
Chaldean Community Cultural Center,42.55663,-83.39424,GMU,,,,,HTTP://WWW.CHALDEANCULTURALCENTER.ORG,Oakland,
Point Betsies Lighthouse,44.68956,-86.24783,GMU,,,,,HTTP://WWW.POINTBETSIE.ORG/,Benzie,Frankfort
Antique Toy And Firehouse Museum,43.62374,-83.90535,GMU,,,"website, over 60 motorized fire trucks, over 12,000 antique and collectible toys, particularly fire, police and rescue vehicles",,HTTP://WWW.USSEDSON.ORG,Bay,Bay City
Detroit Focus,42.33322,-83.04159,GMU,,,"Operated by the Detroit Historical Society, includes a 19th-century street scene, local businesses including automobile companies, leaders, culture and heritage",,https://en.wikipedia.org/wiki/Detroit_Historical_Museum,Wayne,Detroit
Michigan Sports Hall Of Fame,42.46291,-83.37626,GMU,,,Notable figures in the development of the automobile industry,,HTTP://WWW.MICHIGANSPORTSHOF.ORG/INDEX.PHP,Oakland,Dearborn
Aeronautics Museum Foundation,42.73256,-84.55568,GMU,,,,,,Ingham,
Port Huron Sports Hall Of Fame,42.96873,-82.46247,GMU,,,"Four museums: Carnegie Center -- Port Huron Museum, Huron Lightship, Thomas Edison Depot Museum and Fort Gratiot Lighthouse",,https://en.wikipedia.org/wiki/Port_Huron_Museum,St. Clair,Port Huron
St Clair County Farm Museum,42.94536,-82.68075,GMU,,,"website, collection of farm equipment",,https://en.wikipedia.org/wiki/St._Clair_County_Farm_Museum?action=edit&redlink=1,St. Clair,Goodells
Michigan State Trust For Railway Preser,42.99424,-84.17062,GMU,,,,,HTTP://MICHIGANSTEAMTRAIN.COM,Shiawassee,
Eyaawing Museum & Cultural Center,45.02007,-85.6044,GMU,,,History and culture of the Grand Traverse Band of Ottawa and Chippewa Indians,,https://en.wikipedia.org/wiki/Grand_Traverse_Band_of_Ottawa_and_Chippewa_Indians#Eyaawing_Museum,Leelanau,Peshawbestown
South Haven Center For Arts,42.40314,-86.27057,GMU,,,,,,Van Buren,
Michigan Maritime Museum,42.40758,-86.27621,GMU,,,"website, Coast Guard and lifesaving, local fishing, maritime lore, Friends Good Will 1810 square topsail sloop",,HTTP://WWW.MICHIGANMARITIMEMUSEUM.ORG,Van Buren,South Haven
Michigan Farmers Hall Of Fame,42.45705,-85.43922,GMU,,,Notable figures in the development of the automobile industry,,https://en.wikipedia.org/wiki/Automotive_Hall_of_Fame,Barry,Dearborn
Lansing-North Lansing Electric Railroad Museum,42.7475,-84.54886,GMU,,,,,,Ingham,
U.S. National Ski Hall Of Fame And Museum,46.47559,-87.7027,GMU,,,,,HTTP://WWW.SKIHALL.COM,Marquette,Ishpeming
Presque Isle Lighthouse,45.35299,-83.48865,GMU,,,"Located in the Craftsman-style Bradley House, includes period rooms, toys, Native American artifacts, country store, tools and other exhibits",,HTTP://WWW.PRESQUEISLELIGHTHOUSES.ORG/HOME.HTML,Presque Isle,Rogers City
Muskegon Area Sports Hall Of Fame,43.15459,-86.2206,GMU,,,,,,Muskegon,
Music House,44.78863,-85.48933,GMU,,,"website, antique musical instruments and music-making machines from 1870 through 1930",,HTTP://MUSICHOUSE.ORG/,Grand Traverse,Williamsburg
Artspectrum,42.39443,-83.09234,GMU,,,,,HTTP://ARTSPECTRUM.ORG/,Wayne,Highland Park
River Raisin Centre For The Arts,41.91647,-83.39764,GMU,,,"website, history of the St. Mary's River and its inhabitants",,HTTP://WWW.RIVERRAISINCENTRE.ORG,Monroe,Sault Ste. Marie
New Buffalo Railroad Museum,41.79526,-86.74468,GMU,,,website,,HTTP://NEW-BUFFALO-RAILROAD-MUSEUM.ORG,Berrien,New Buffalo
Museum Of Ojibwa Culture,45.87207,-84.7311,GMU,,,"Exhibits include Ojibwa culture and traditions, first contact with French explorers, and the former mission's archaeological past",,https://en.wikipedia.org/wiki/St._Ignace_Mission,Mackinac,St. Ignace
Upper Peninsula Firefighters Memorial Museum,47.24648,-88.45384,GMU,,,Participating institution in Keweenaw National Historical Park,,https://en.wikipedia.org/wiki/Upper_Peninsula_Firefighters_Memorial_Museum,Houghton,Calumet
Jack Roush Transportation Museum,42.45495,-83.3849,GMU,,,,,,Oakland,
Belleville Area Museum,42.20823,-83.49071,GMU,,,website,,HTTP://WWW.BELLEVILLECONNECTION.COM,Wayne,Belleville
Lawton Heritage Museum,42.15346,-85.834,GMU,,,,,HTTP://WWW.LAWTONHERITAGEMUSEUM.ORG/,Van Buren,
Kabaz Cultural Center,42.36143,-83.02181,GMU,,,,,,Wayne,
Wellington Farm Park,44.58528,-84.76962,GMU,,,"website, rural mid-America during the Great Depression",,HTTP://WWW.WELLINGTONFARMPARK.ORG/,Crawford,Grayling
K I Sawyer Heritage Air Museum,46.53935,-87.39673,GMU,,,"website, adjacent to Sawyer International Airport, contributions made by the men, women and machines of K I Sawyer Air Force Base, Michigan to America's Cold War defense mission",,HTTP://WWW.AVIATIONMUSEUM.EU,Marquette,Gwinn
Michigan Museum Of Military Transport Foundation,43.55214,-84.15573,GMU,,,"website, military vehicles, currently no permanent facility",,https://en.wikipedia.org/wiki/Michigan_Museum_of_Military_Transport?action=edit&redlink=1,Saginaw,Grayling
Gospel Music Hall Of Fame & Museum,42.4154,-83.22174,GMU,,,"website, open by appointment only",,HTTP://WWW.IGMHF.ORG/WEBSITE/HTML_PAGES/HOME_PAGE.HTML,Wayne,Detroit
American Museum Of Magic & Lund Library,42.27195,-84.95458,GMU,,,"Magical paraphernalia and illusions, including devices that once belonged to magician Harry Blackstone, Sr.",,HTTP://WWW.AMERICANMUSEUMOFMAGIC.ORG,Calhoun,Marshall
Mid Michigan Civil War Museum,45.76436,-84.4673,GMU,,,,,,Mackinac,
Luther Area Museum Association,44.03835,-85.7006,GMU,,,,,,Lake,
Michigan Magazine Museum,44.76654,-84.05085,GMU,,,"website, Michigan memorabilia",,https://en.wikipedia.org/wiki/Michigan_Magazine_Museum?action=edit&redlink=1,Oscoda,Comins
Wyandotte Historical Society,42.20729,-83.14858,HSC,,,"Early 20th-century period Ford-MacNichol House, also local history and art exhibits",,HTTP://WWW.WYANDOTTEMUSEUMS.ORG,Wayne,Wyandotte
Holy Hill Center,42.99013,-83.5889,GMU,,,,,,Genesee,
Rails On Wheels,42.17062,-83.77304,GMU,,,"website, railroads, logging, fishing exhibits, operated by the Bay Mills-Brimley Historical Society",,HTTP://RAILSONWHEELS.COM/,Washtenaw,Brimley
Edwardsburg Museum,41.79433,-86.03679,GMU,,,,,,Cass,
Pair Of Roseville Planters,42.51666,-82.92721,GMU,,,,,,Macomb,Roseville
Kids 'N' Stuff Children'S Museum,42.24338,-84.75304,GMU,,,website,,HTTP://WWW.KIDSNSTUFF.ORG,Calhoun,Albion
Catholic Heritage Museum,43.4442,-84.02962,GMU,,,Artifacts of the churches of the Saginaw Catholic Diocese[14],,https://en.wikipedia.org/wiki/Catholic_Heritage_Museum?action=edit&redlink=1,Saginaw,Saginaw
Lansing Model Railroad Club,42.74574,-84.4836,GMU,,,,,HTTP://WWW.LMRC.ORG/,Ingham,East Lansing
Eastern Lakes Transport Museum,43.05939,-83.27572,GMU,,,,,,Lapeer,
Kalamazoo Model Railroad Club,42.40497,-85.56151,GMU,,,,,HTTP://WWW.KMRHS.ORG/,Kalamazoo,Kalamazoo
Ukrainian American Archives & Museum,42.40383,-83.05911,GMU,,,"Ukrainian culture, art and contributions to the United States",,HTTP://WWW.UKRAINIANMUSEUMDETROIT.ORG/HOME.HTML,Wayne,Hamtramck
Hanka Homestead Finnish Museum,46.80095,-88.49122,GMU,,,"Self-sufficient Finnish homestead farm, participating institution in Keweenaw National Historical Park",,https://en.wikipedia.org/wiki/Herman_and_Anna_Hanka_Farm,Baraga,Pelkie
World Heritage Air Museum,42.44439,-82.94539,GMU,,,,,,Wayne,
U.S. Military Hall Of Fame,45.15444,-85.14052,GMU,,,"Cultural and historical exhibits on the accomplishments and achievements of Michigan women, also an art gallery",,https://en.wikipedia.org/wiki/Michigan_Women's_Hall_of_Fame,Charlevoix,Lansing
Hale Auto Museum,44.60588,-86.20388,GMU,,,,,,Benzie,Frankfort
Top Of The Lake Snowmobile Museum,46.12599,-85.23343,GMU,,,"website, antique and vintage snowmobiles",,HTTP://WWW.SNOWMOBILEMUSEUM.COM,Mackinac,Naubinway
West Mich Center For Arts & Technology,42.96311,-85.66687,GMU,,,,,,Kent,
St Charles Area Museum,43.29229,-84.1367,GMU,,,,,,Saginaw,
Saginaw Valley Air Museum,43.42886,-83.86005,GMU,,,,,HTTP://WWW.SVSU.EDU/,Saginaw,
Reid Family Foundation,42.7003,-83.35201,GMU,,,,,,Oakland,
Movie Museum,42.99932,-84.16518,GMU,,,,,,Shiawassee,
Carnegie Museum Of The Keweenaw,47.12194,-88.56587,GMU,,,"Rotating exhibits about local history, natural history, science and culture",,https://en.wikipedia.org/wiki/Carnegie_Museum_of_the_Keweenaw,Houghton,Houghton
Fort Wilkins Historic Complex,47.47009,-87.88773,GMU,,,,,,Keweenaw,
Gerald R. Ford Presidential Library,42.28753,-83.71288,GMU,,,Library about Gerald R. Ford,,https://en.wikipedia.org/wiki/Gerald_R._Ford_Presidential_Library,Washtenaw,Ann Arbor
Gerald R. Ford Presidential Museum,42.96667,-85.67712,GMU,,,Museum about Gerald R. Ford,,https://en.wikipedia.org/wiki/Gerald_R._Ford_Presidential_Museum,Kent,Grand Rapids
Lumberman'S Monument Visitor Center,44.43947,-83.35645,GMU,,,Monument and visitor center with exhibits about logging industry,,https://en.wikipedia.org/wiki/Lumberman's_Monument,Iosco,Oscoda
Marvin'S Marvelous Mechanical Museum,42.52535,-83.36007,GMU,,,"Historical and modern arcade machines, sideshow wonders, fortune tellers, automatons, and curiosities",,https://en.wikipedia.org/wiki/Marvin's_Marvelous_Mechanical_Museum,Oakland,Farmington Hills
Metropolitan Museum Of Design Detroit,42.33428,-83.04671,GMU,,,"Operated by the Detroit Historical Society, includes a 19th-century street scene, local businesses including automobile companies, leaders, culture and heritage",,https://en.wikipedia.org/wiki/Detroit_Historical_Museum,Wayne,Detroit
Midwest Miniatures Museum,42.44213,-85.42506,GMU,,,,,,Barry,
National Museum Of The Tuskegee Airmen,42.30928,-83.11464,GMU,,,"website, located at Fort Wayne, history of blacks in aviation in World War II up until the integration of the Armed Forces, open by appointment",,https://en.wikipedia.org/wiki/Tuskegee_Airmen_National_Museum?action=edit&redlink=1,Wayne,Detroit
West Michigan Snowmobile Museum,43.19741,-85.60257,GMU,,,,,,Kent,
Wolverine Fire Company Museum,42.2985,-85.03493,GMU,,,,,,Calhoun,
Wurtsmith Air Museum,44.43947,-83.35645,GMU,,,"website, located at Oscoda-Wurtsmith Airport, history of Wurtsmith Air Force Base and aviation in NE Michigan",,https://en.wikipedia.org/wiki/Wurtsmith_Air_Museum,Iosco,Oscoda
Dennos Museum Center,44.76426,-85.58341,GMU,,,"Part of Northwestern Michigan College, features an Inuit art collection",,https://en.wikipedia.org/wiki/Dennos_Museum_Center,Grand Traverse,Traverse City
Fred Russ Experimental Forest,42.7356,-84.49352,GMU,,,,,HTTP://AGBIORESEARCH.MSU.EDU/CENTERS/FREDRUSS,Ingham,
Galleria,43.51924,-83.97409,GMU,,,,,,Saginaw,
Horner-Mclaughlin Woods,42.25286,-83.7389,GMU,,,,,HTTP://WWW.LSA.UMICH.EDU/MBG/,Washtenaw,
Jim Crow Museum Of Racist Memorabilia,43.693,-85.47763,GMU,,,"Part of Ferris State University, racist memorabilia",,HTTP://WWW.FERRIS.EDU/JIMCROW/,Mecosta,Big Rapids
Kellogg Farm And Dairy,42.7356,-84.49352,GMU,,,,,HTTP://WWW.KBS.MSU.EDU,Ingham,
Mackinac State Historic Parks,45.77657,-84.73786,GMU,,,,,HTTP://WWW.MACKINACPARKS.COM,Emmet,
Marshall M. Fredericks Sculpture Museum,43.51996,-83.97413,GMU,,,"Part of Saginaw Valley State University, displays plaster models of Marshall Fredericks bronze sculptures, also changing art exhibits",,HTTP://MARSHALLFREDERICKS.ORG,Saginaw,University Center
Mud Lake Bog,42.25286,-83.7389,GMU,,,,,,Washtenaw,
Siegfried H. Horn Archaelogoical Museum,41.94859,-86.35373,GMU,,,"website, part of Andrews University, also known as Horn Archaeological Museum, ancient Near-Eastern artifacts, including coins, pottery, sculptures, tools, weapons, figurines, jewelry, seals and glass vessels",,https://en.wikipedia.org/wiki/Siegfried_H._Horn_Archaeological_Museum?action=edit&redlink=1,Berrien,Berrien Springs
Sindecuse Museum Of Dentistry,42.25286,-83.7389,GMU,,,Part of the University of Michigan School of Dentistry; dental practice and technology in the United States and Michigan from the 18th century to today,,https://en.wikipedia.org/wiki/Sindecuse_Museum_of_Dentistry,Washtenaw,Ann Arbor
Southwestern Michigan College Museum,41.96366,-86.07819,GMU,,,,,,Cass,
Stearns Collection Of Musical Instruments,42.25286,-83.7389,GMU,,,"Part of the University of Michigan, over 2500 pieces of historical and contemporary musical instruments from all over the world",,https://en.wikipedia.org/wiki/Stearns_Collection_of_Musical_Instruments,Washtenaw,Ann Arbor
T.L. Hankinson Vertebrate Museum,42.22701,-83.63156,GMU,,,,,,Washtenaw,
Henry Ford,42.30016,-83.23292,GMU,,,"Museum complex: living, science, history, automotive, transportation, technology and biographical about Henry Ford; formerly known as the Henry Ford Museum and Greenfield Village",,HTTP://WWW.THEHENRYFORD.ORG,Wayne,Dearborn
Delta County Historical Society,45.74569,-87.05148,HSC,,,"website, operated by the Delta County Historical Society, located next to Sand Point Light",,HTTP://DELTAHISTORICAL.ORG,Delta,Escanaba
Chickamauga And Chattanooga National Military Park,42.97881,-85.64973,HSC,,,,,,Kent,
Westland Historic Village Park,42.31484,-83.38891,HSC,,,Recreated typical late 19th- to early 20th-century village,,HTTPS://WWW.FACEBOOK.COM/JEFF.KOSLOWSKI.3,Wayne,Hastings
Washington Historic Museum,42.72548,-83.03586,HSC,,,,,HTTP://WWW.WASHHISTSOC.ORG,Macomb,
Young Entomologists Society,42.77603,-84.43087,HSC,,,,,,Clinton,
Usda Iroquois Lighthouse,46.48049,-84.62688,HSC,,,,,,Chippewa,
Waterloo Farm Museum,42.22557,-84.21486,HSC,,,"website, operated by the Waterloo Historical Society, includes 10 room farmhouse and many outbuildings, also nearby Dewey School, a one-room schoolhouse",,HTTP://WWW.WATERLOOFARMMUSEUM.ORG,Jackson,Grass Lake
William Edmund And Nina A. Downey Scripps Estate,42.74951,-83.28382,HSC,,,,,,Oakland,
Sparta Township Historical,43.16301,-85.70727,HSC,,,,,,Kent,
St Clair County Hawkins,42.9831,-82.64999,HSC,,,"website, collection of farm equipment",,https://en.wikipedia.org/wiki/St._Clair_County_Farm_Museum?action=edit&redlink=1,St. Clair,Goodells
Trombley House,43.58366,-83.87903,HSC,,,,,HTTP://WWW.BCHSMUSEUM.ORG/ID2.HTML,Bay,
Sturgeon Point Light House,44.65827,-83.34057,HSC,,,"Operated by the Alcona Historical Society;[38] on the grounds is the Old Bailey School, a 1907 One-room school house, which was moved there from Mikado, Michigan in 1998.[64]",,HTTP://WWW.ALCONAHISTORICALSOCIETY.COM/,Alcona,Harrisville
Saugatuck-Douglas Historical Society,42.64096,-86.20984,HSC,,,"website, operated by the Saugatuck-Douglas Historical Society, also the 1866 Old School House",,HTTP://WWW.SDHISTORICALSOCIETY.ORG,Allegan,Douglas
Rockford Area Historical Museum,43.12152,-85.52077,HSC,,,"website, operated by the Rockford Area Historical Society",,https://en.wikipedia.org/wiki/Rockford_Area_Museum?action=edit&redlink=1,Kent,Rockford
Old Rugged Cross Museum,43.89105,-85.52552,HSC,,,"Also life of George Bennard, composer of the hymn The Old Rugged Cross[52]",,https://en.wikipedia.org/wiki/Old_Rugged_Cross_Historical_Museum?action=edit&redlink=1,Osceola,Reed City
Packard Proving Grounds,42.89571,-83.6515,HSC,,,,,HTTP://WWW.PACKARDMOTORFDN.ORG/,Genesee,
Onaway Court House And Historical Museum,45.35773,-84.22827,HSC,,,,,HTTP://ONAWAYHISTORICALMUSEUM.COM/,Presque Isle,Onaway
Menominee County Historical Museum,45.1088,-87.61337,HSC,,,"website, operated by the Menominee County Historical Society",,HTTP://WWW.MENOMINEEHISTORICALSOCIETY.ORG,Menominee,Menominee
Menominee Range Historical Foundation Museum,45.82262,-88.06639,HSC,,,"website, operated by the Menominee Range Historical Foundation",,HTTP://WWW.MENOMINEEMUSEUM.COM,Dickinson,Iron Mountain
Michigan Historical Museum,41.71963,-86.90291,HSC,,,,,,,
Marlette Historical Society,43.32744,-83.07592,HSC,,,,,,Sanilac,Marlette
Marion Area Historical Museum,44.09596,-85.15312,HSC,,,,,,Osceola,
Museum Grand Ledge Area Historical Society,42.75158,-84.74841,HSC,,,website,,https://en.wikipedia.org/wiki/Grand_Ledge_Area_Historical_Society_Museum?action=edit&redlink=1,Eaton,Grand Ledge
Montrose Historical And Phone,43.17724,-83.89041,HSC,,,,,HTTP://WWW.MONTROSEBLUEBERRYFESTIVAL.NET,Genesee,
North Berrien Historical Museum,42.20551,-86.31745,HSC,,,"website, operated by the North Berrien Historical Society, history of the resorts of the Paw Paw Lakes, fruit farming, businesses, industries, and people of the area",,HTTP://WWW.NORTHBERRIENHISTORY.ORG,Berrien,Coloma
Mann House,42.17813,-84.64207,HSC,,,"1880s Victorian home, furnishings and gardens",,"https://en.wikipedia.org/wiki/Mann_House_(Concord,_Michigan)",Jackson,Concord
Meridian Historic Village,42.72118,-84.42934,HSC,,,"website, restored or replicated buildings featuring the heritage of the Seventh-day Adventist Church",,HTTP://WWW.MERIDIANHISTORICALVILLAGE.ORG,Ingham,Battle Creek
Historical Properties,42.32689,-85.19292,HSC,,,,,,Calhoun,
Ionia County Genealogical Society,42.98312,-85.05766,HSC,,,,,HTTP://WWW.IONIAHISTORY.ORG/,Ionia,Ionia
Les Cheneaux Historical Association,45.9937,-84.31811,HSC,,,"website, operated by the Les Cheneaux Historical Association, exhibits on lumbering, fishing, tourism, quilting, weaving, recreational activities",,HTTP://WWW.LCHISTORICAL.ORG/,Mackinac,Cedarville
Lapeer County Historical Society,43.05324,-83.31409,HSC,,,"website, operated by the Lapeer County Historical Society",,HTTP://LAPEERHISTORICALMUSEUM.ORG/,Lapeer,Lapeer
Jake Menghini Historical,45.79004,-87.91106,HSC,,,,,HTTP://WWW.NORWAYMUSEUM.ORG/,Dickinson,
Gratiot County Area Historical Museum,43.29156,-84.60798,HSC,,,Tours operated through Port Huron Museum,,HTTP://WWW.GCHGS.ORG,Gratiot,Port Huron
Greenmead Historical Museum And Village,42.4386,-83.41453,HSC,,,,,HTTP://WWW.CI.LIVONIA.MI.US,Wayne,
Franklin Historical Museum,42.52152,-83.26078,HSC,,,"website, operated by the Franklin Historic Society",,https://en.wikipedia.org/wiki/Franklin_Historical_Museum?action=edit&redlink=1,Oakland,Franklin
Frankenmuth Historical Museum,43.32702,-83.74029,HSC,,,"website, operated by the Frankenmuth Historical Association",,https://en.wikipedia.org/wiki/Frankenmuth_Historical_Museum?action=edit&redlink=1,Saginaw,Frankenmuth
Herbert H Dow Historical Museum,43.6292,-84.26684,HSC,,,,,HTTP://WWW.MCFTA.ORG,Midland,
Fife Lake Area Historical Museum,44.56157,-85.25184,HSC,,,"website, operated by the Fife Lake Area Historical Society",,https://en.wikipedia.org/wiki/Fife_Lake_Area_Historical_Museum?action=edit&redlink=1,Kalkaska,Fife Lake
Copper Range Historical Museum,47.06988,-88.64058,HSC,,,"Operated by the Copper Range Historical Society,[18] participating institution in Keweenaw National Historical Park",,https://en.wikipedia.org/wiki/Keweenaw_National_Historical_Park#Copper_Range_Historical_Museum,Houghton,South Range
Department Of Human Environment & Design Historic Collection,42.7356,-84.49352,HSC,,,,,,Ingham,
Covert Historical Museum,42.29103,-86.27196,HSC,,,,,,Van Buren,
Dossin Great Lakes Museum,42.36013,-83.06661,HSC,,,"Located at Belle Isle Park in the SS William Clay Ford Pilot House, operated by the Detroit Historical Society",,HTTP://DETROITHISTORICAL.ORG/DOSSIN-GREAT-LAKES-MUSEUM/PLAN-YOUR-VISIT/GENERAL-INFORMATION,Wayne,Detroit
Clawson Historical Museum,42.53651,-83.15004,HSC,,,website,,HTTP://WWW.CITYOFCLAWSON.COM/MUSEUM.HTM,Oakland,Clawson
Eagle Harbor Light Station,47.42614,-88.15338,HSC,,,"Operated by the Keweenaw County Historical Society, includes boat and life-saving equipment",,https://en.wikipedia.org/wiki/Eagle_Harbor_Coast_Guard_Station_Boathouse,Keweenaw,Mohawk
Allen House Historical Home,42.54583,-83.2155,HSC,,,"website, operated by the Bad Axe Historical Society, 1902 Dutch colonial home",,https://en.wikipedia.org/wiki/Allen_House_Museum?action=edit&redlink=1,Oakland,Bad Axe
Algonac Clay Historical Museum,42.61922,-82.53022,HSC,,,"website, exhibits on local cultural and maritime history, also operates the Clay Township Log Cabin",,HTTP://NEXUSPHEROMONESLEARNING.COM/,St. Clair,Algonac
Cedar Springs Historical Museum,43.21874,-85.55288,HSC,,,"website, operated by the Cedar Springs Historical Society in the 19th-century one-room Payne School",,https://en.wikipedia.org/wiki/Cedar_Springs_Museum?action=edit&redlink=1,Kent,Cedar Springs
Cappon House Museum,42.78856,-86.10875,HSC,,,"Operated by the Holland Museum, 19th-century Victorian home of Holland's first mayor and a restored Dutch settler's home",,HTTP://HOLLANDMUSEUM.ORG/,Ottawa,Holland
Arcadia Area Historical Museum,44.49333,-86.2357,HSC,,,website,,HTTP://WWW.ARCADIAMI.COM/,Manistee,Arcadia
Caseville Historical Society,43.95035,-83.24017,HSC,,,website,,https://en.wikipedia.org/wiki/Caseville_Historical_Society_Museum?action=edit&redlink=1,Huron,Caseville
Exeter Historical Society,42.02074,-83.55538,HSC,,,,,,Monroe,
Bangor Historical Society,42.30961,-86.11414,HSC,,,,,HTTP://WWW.BANGORMIHISTORY.COM/,Van Buren,
Elkton Area Historical Society,43.82839,-83.16761,HSC,,,,,HTTP://THEHCHS.ORG/ELKTON/INDEX.HTM,Huron,Elkton
Wexford Genealogy Organization,44.24881,-85.41786,HSC,,,Located in the former Cadillac Public Library,,https://en.wikipedia.org/wiki/Cadillac_Public_Library,Wexford,Cadillac
Michigan Trails And Greenways Alliance,42.74759,-84.54811,HSC,,,,,HTTP://WWW.MICHIGANTRAILS.ORG/,Ingham,
Oba News Research Center,42.3505,-83.05995,HSC,,,,,,Wayne,
International Pipestone Historical,42.10593,-86.4449,HSC,,,,,,Berrien,
Michigan Military History,42.73014,-84.56162,HSC,,,"website, history of Michigan's civilian and military personnel in 20th-century conflicts",,HTTP://WWW.LAAAGS.ORG/,Ingham,Lansing
Samesl Family Heritage Society,44.80522,-85.3531,HSC,,,,,HTTP://SAMELSFARM.ORG/,Grand Traverse,Williamsburg
Remus Area Historical Society,43.59404,-85.14536,HSC,,,,,,Mecosta,Remus
Greater Clinton Township Historical Society,42.59258,-82.97482,HSC,,,website,,https://en.wikipedia.org/wiki/Clinton_Township_Historical_Village_Museum?action=edit&redlink=1,Macomb,Clinton Charter Township
Michigan Lighthouse Alliance,46.01928,-83.8293,HSC,,,,,HTTP://WWW.MICHIGANLIGHTHOUSEALLIANCE.ORG/,Chippewa,
Galesburg Historical Society And Museum,42.28889,-85.40795,HSC,,,[29][30],,HTTP://WWW.GALESBURG.MICHLIBRARY.ORG/,Kalamazoo,Galesburg
Battered Women And Children'S Memorial Garden,42.25997,-83.71482,HSC,,,,,,Washtenaw,
Olive Township Historical Society,42.8897,-86.12004,HSC,,,,,HTTP://WWW.OLIVETOWNSHIP.COM,Ottawa,
Beaverton Historical Society,43.87408,-84.4189,HSC,,,,,,Gladwin,Beaverton
Ray Township Historical Society,42.76912,-82.92772,HSC,,,,,HTTP://WWW.RAYHISTORY.ORG/,Macomb,
Big Prairie Historical Preservation Society,43.56362,-85.75122,HSC,,,,,,Newaygo,
Oshtemo Historical Society,42.2956,-85.69952,HSC,,,,,,Kalamazoo,
Inland Water Route Historical Society,45.44067,-84.78253,HSC,,,website,,HTTPS://IWRHS.WORDPRESS.COM/,Emmet,Alanson
Greektown Preservation Society,42.33527,-83.04195,HSC,,,,,HTTP://GREEKTOWNDETROIT.ORG/,Wayne,
Hamburg Township Historical Society,42.44929,-83.80242,HSC,,,website,,HTTP://WWW.HAMBURG.MI.US,Livingston,Hamburg
Lumberjacks & Rivermens Park Association,43.37342,-84.83579,HSC,,,,,,Gratiot,
Delta Township Historical Society,42.76637,-84.61418,HSC,,,"website, operated by the Delta County Historical Society, located next to Sand Point Light",,HTTP://WWW.DTDL.ORG,Eaton,Escanaba
Historic Fort Wayne Coalition,43.15924,-83.38204,HSC,,,"Includes 1848 limestone barracks building, 1845 Star Fort, Commanding Officers house, Spanish–American War guard house and the Tuskegee Airmen Museum",,https://en.wikipedia.org/wiki/Fort_Wayne_(Detroit),Lapeer,Detroit
Brush Creek Mill,45.06857,-83.93814,HSC,,,,,HTTP://BRUSHCREEKMILL.COM/,Montmorency,Hillman
Kenton-Sidnaw Historical Society,46.46895,-88.96152,HSC,,,,,,Houghton,
West Side Detroit Polish American Historical Society,42.39535,-83.30297,HSC,,,"Operated by the Detroit Historical Society, includes a 19th-century street scene, local businesses including automobile companies, leaders, culture and heritage",,HTTP://DETROITPOLONIA.ORG,Wayne,Detroit
Bowne Township Historical Society,42.82957,-85.36967,HSC,,,"website, operated by the Bowne Twp. Historical Commission, also Bowne Center School",,HTTP://WWW.BOWNETWP.ORG/,Kent,Alto
Harrisville Cultural Institute,44.65827,-83.34057,HSC,,,,,HTTPS://WWW.FACEBOOK.COM/HARRISVILLEINSTITUTEFORCULTURALLEARNING,Alcona,Harrisville
Peter Dougherty Society,44.9546,-85.48862,HSC,,,,,HTTP://WWW.OLDMISSIONHOUSE.COM/,Grand Traverse,
Lansing Area African American Genealogy Society,42.87097,-82.66504,HSC,,,,,,St. Clair,
Wardner Family Historical,42.26277,-83.70132,HSC,,,,,,Washtenaw,
Huron County Historical Society,43.80294,-83.00323,HSC,,,"History, pre-history and culture of the Blue Water area, includes maritime exhibits, musical instrument collection, art, log cabin",,HTTP://WWW.THEHCHS.ORG,Huron,Port Huron
Howell Area Historical Society,42.60938,-83.92969,HSC,,,,,HTTP://WWW.HOMESTEAD.COM/,Livingston,Howell
Leelanau Historical Society,45.02201,-85.76187,HSC,,,Includes exhibit of Anishinaabe black ash baskets and quillwork on birch bark,,HTTP://WWW.LEELANAUHISTORY.ORG,Leelanau,Leland
Imlay City Historical Commission,43.02491,-83.07461,HSC,,,website,,HTTP://WWW.IMLAYCITYHISTORICALMUSEUM.ORG,Lapeer,Imlay City
Washtenaw County Historical Society,42.2853,-83.74819,HSC,,,,,HTTP://WASHTENAWHISTORY.ORG/,Washtenaw,Ann Arbor
Flat River Historical Society,43.18311,-85.26608,HSC,,,"website, operated by the Flat River Historical Society",,HTTP://WWW.FLATRIVERHISTORICALSOCIETY.ORG,Montcalm,Greenville
Grosse Ile Historical Society,42.13432,-83.15492,HSC,,,,,HTTP://WWW.GIHISTORY.ORG/,Wayne,
Kent County Council For Historic Preservation,42.95887,-85.65806,HSC,,,,,,Kent,Grand Rapids
Michigan Photographic Historical Society,42.54487,-83.20846,HSC,,,,,,Oakland,
Van Buren County Historical Society,42.19915,-86.16609,HSC,,,[70],,https://en.wikipedia.org/wiki/Van_Buren_Historical_Society_Museum?action=edit&redlink=1,Van Buren,Hartford
Holly Historical Society,42.79012,-83.6277,HSC,,,,,HTTP://WWW.HSMICHIGAN.ORG/HOLLY/,Oakland,
Michigan Society Of Professional Surveyors,42.73246,-84.54783,HSC,,,,,,Ingham,
Alger County Historical Society,46.42374,-86.62617,HSC,,,Includes American Fur Company log cabin furnished for the 1830s[2],,HTTP://WWW.HSMICHIGAN.ORG/RESOURCES/LOCAL-HISTORICAL-ORGANIZATIONS/ALGER-COUNTY-HISTORICAL-SOCIETY/,Alger,Munising
Crawford County Historical Society,44.67423,-84.66119,HSC,,,"website, operated by the Crawford County Historical Society in an 1882 depot",,https://en.wikipedia.org/wiki/Crawford_County_Historical_Museum?action=edit&redlink=1,Crawford,Grayling
Houghton Lake Area Historical Society,44.33024,-84.67629,HSC,,,"Operated by the Houghton County Historical Society, site includes a railroad, one room schoolhouse, the Houghton County Historical Society Heritage Center and a WPA-era log cabin; participating institution in Keweenaw National Historical Park",,HTTP://WWW.HOUGHTONLAKEHISTORY.COM,Roscommon,Lake Linden
Grand Blanc Heritage Association,42.92661,-83.63124,HSC,,,"website, operated by the Grand Blanc Heritage Association",,HTTP://WWW.CITYOFGRANDBLANC.COM,Genesee,Grand Blanc
Milan Area Historical Society,42.09174,-83.68197,HSC,,,,,,Washtenaw,
Michilimackinac Historical Society,45.86853,-84.72719,HSC,,,Fortified fur-trading village as it appeared in the 1770s,,HTTP://FORTDEBUADE.COM/,Mackinac,Saint Ignace
Milford Historical Society,42.59157,-83.60007,HSC,,,"website, operated by the Milford Historical Society, 1835 Greek-revival Victorian house and log cabin",,HTTP://WWW.MILFORDHISTORY.ORG,Oakland,Milford
Flat Rock Historical Society,42.09451,-83.279,HSC,,,"website, operated by the Flat Rock Historical Society[5]",,HTTP://FLATROCKHISTORY.ORG/,Wayne,Flat Rock
Clarkston Community Historical Society,42.74006,-83.40929,HSC,,,,,HTTP://WWW.CLARKSTONHISTORICAL.ORG,Oakland,
Dexter Area Historical Society And Museum,42.33388,-83.87977,HSC,,,"website, operated by the Dexter Area Historical Society in a late 19th-century former church",,https://en.wikipedia.org/wiki/Dexter_Area_Museum?action=edit&redlink=1,Washtenaw,Dexter
Ada Historical Society,42.95543,-85.48739,HSC,,,"website, operated by the Ada Historical Society",,HTTP://WWW.HSMICHIGAN.ORG/ADA/,Kent,ADA
Homer Historical Society,42.14545,-84.80564,HSC,,,,,,Calhoun,Homer
Historic Preservation Of Antique Tractors,42.22061,-83.72931,HSC,,,,,HTTP://AACTMAD.ORG,Washtenaw,
Oceana County Historical & Genealogical Society,43.70095,-86.36227,HSC,,,,,HTTP://WWW.OCEANAHISTORY.ORG/,Oceana,Hart
Dearborn Historical Society,42.30769,-83.24028,HSC,,,Includes Commandant's Quarters and McFadden-Ross House,,HTTP://WWW.CITYOFDEARBORN.ORG,Wayne,Dearborn
Merrill Township Historical Society,43.7461,-85.86861,HSC,,,,,,Newaygo,
Montrose Veterans Bell Memorial Projfect,43.18454,-83.89341,HSC,,,,,,Genesee,Montrose
Felt Estate,42.69605,-86.18546,HSC,,,,,HTTP://WWW.FELTMANSION.ORG/,Allegan,Holland
Highland State Recreation Area,42.64853,-83.53358,HSC,,,,,HTTP://WWW.FRIENDSOFHIGHLANDREC.ORG/,Oakland,White Lake
Old House Network,42.28113,-85.59539,HSC,,,,,,Kalamazoo,
Port Huron & Detroit Railroad Historical Society,43.00671,-82.45898,HSC,,,"Operated by the Detroit Historical Society, includes a 19th-century street scene, local businesses including automobile companies, leaders, culture and heritage",,HTTP://PHDRAILROAD.COM/,St. Clair,Detroit
Grand Traverse Area Veterans Coalition,44.72342,-85.60571,HSC,,,,,,Grand Traverse,
Michigan Military Technical Historical Society,42.4721,-82.95069,HSC,,,"website, history of Michigan's civilian and military personnel in 20th-century conflicts",,HTTP://WWW.MIMTHS.ORG,Macomb,Eastpointe
Smiths Chapel Historical Commission,41.78886,-86.14866,HSC,,,,,HTTP://MILTONTWP.ORG,Cass,
Lake County Historical Society,43.8986,-85.87354,HSC,,,"website, operated by the Fife Lake Area Historical Society",,https://en.wikipedia.org/wiki/Fife_Lake_Area_Historical_Museum?action=edit&redlink=1,Lake,Fife Lake
Round Island Lighthouse Preservation Society,43.43875,-84.02952,HSC,,,,,HTTP://WWW.ROUNDISLANDLIGHTMICHIGAN.COM/,Saginaw,
Darden Murphy African American Cowboy Historical Museum,42.30602,-85.5921,HSC,,,,,,Kalamazoo,Kalamazoo
History Remembered,42.85712,-85.62256,HSC,,,,,,Kent,
Harrietta Historical Museum,44.29313,-85.74327,HSC,,,,,,Wexford,
Usgenweb Census Project,43.62647,-85.84395,HSC,,,,,HTTP://WWW.US-CENSUS.ORG/,Newaygo,
Flushing City Hall Restoration Foundation,43.07073,-83.83989,HSC,,,,,HTTP://WWW.FLUSHINGRESTORATION.COM/ABOUT.HTML,Genesee,Flushing
Miners Memorial Heritage Park,46.45659,-90.16009,HSC,,,"Includes a mastodon site, Native American village, authentic and reproduction furnished buildings representing different eras in state history",,HTTP://FMMHP.COM/,Gogebic,Whitehall
Beechwood Historical Society,46.15961,-88.76915,HSC,,,,,HTTP://WWW.BEECHWOODHISTORICALSOCIETY.ORG/,Iron,Iron River
Twenty Lakes Antique Engine And Tractor Association,44.03109,-84.89796,HSC,,,,,HTTP://WWW.20LAKESANTIQUETRACTOR.ORG/,Clare,Harrison
American Museum Of History Palis Institute,42.84742,-83.71181,HSC,,,,,,Genesee,
Historic Ottawa Beach Society,42.79027,-86.09878,HSC,,,,,HTTP://WWW.HISTORICOTTAWABEACHSOCIETY.ORG/,Ottawa,
Irish Hills Historical Society,42.01868,-84.16974,HSC,,,,,,Lenawee,
Historical Association Of South Haven,42.40114,-86.26655,HSC,,,,,HTTP://HISTORYOFSOUTHHAVEN.ORG/,Van Buren,South Haven
Bessemer Area Historical Society,46.47854,-90.05204,HSC,,,website,,HTTP://BESSEMERHISTORICALSOCIETY.COM/,Gogebic,Bessemer
Berrien County Genealogical Society,42.10897,-86.46486,HSC,,,,,HTTP://WWW.BCGENSOC.COM/,Berrien,
History Preservation Association Of Barry County,42.69989,-85.26119,HSC,,,,,,Barry,
Clarksville-Campbell Historical Society,42.84333,-85.24588,HSC,,,,,,Ionia,
Cass City Area Historical And Genealogy Society,43.59992,-83.17463,HSC,,,,,,Tuscola,
Alpha Historical Museum,46.01707,-88.30499,HSC,,,,,,Iron,Alpha
Copper County Preservation Trust,47.24357,-88.45169,HSC,,,,,,Houghton,
Lansing Police Historical Preservation Association,42.68448,-84.53547,HSC,,,,,HTTP://LANSINGPOLICEHISTORY.ORG,Ingham,
Metropolitan Detroit Veterans Coalition,42.35416,-83.06116,HSC,,,"Operated by the Detroit Historical Society, includes a 19th-century street scene, local businesses including automobile companies, leaders, culture and heritage",,https://en.wikipedia.org/wiki/Detroit_Historical_Museum,Wayne,Detroit
Underground Railroad Society Of Cass County,41.90289,-85.88677,HSC,,,,,,Cass,
Michigan Shipwreck Research Associates,42.77657,-86.11294,HSC,,,,,HTTP://MICHIGANSHIPWRECKS.ORG,Ottawa,
Flint Firefighters Historical Society,42.96913,-83.70443,HSC,,,,,,Genesee,
Kalamazoo Log Cabin Quilters,42.25552,-85.67699,HSC,,,,,,Kalamazoo,
Omena Historical Society,45.0697,-85.59938,HSC,,,,,HTTP://WWW.OMENAHISTORICALSOCIETY.COM/,Leelanau,Northport
Grand Rapids Community Legends,42.96723,-85.67335,HSC,,,,,,Kent,
Michigan Music Hall Of Fame,42.24375,-83.61323,HSC,,,Notable figures in the development of the automobile industry,,HTTP://WWW.MICHIGANMUSICHOF.ORG/,Washtenaw,Dearborn
Chinese Historians In The United States,42.92852,-85.84738,HSC,,,,,HTTP://WWW.HISTORIANS.ORG/,Ottawa,
Great Lakes Composite Group,42.42067,-83.51272,HSC,,,,,,Wayne,
Fort Custer Historical Society,42.33637,-85.301,HSC,,,,,HTTP://FORTCUSTERMUSEUM.ORG,Kalamazoo,
Preservation Bloomfield,42.59307,-83.25407,HSC,,,,,,Oakland,
Veterans Memorial,42.71224,-85.44937,HSC,,,,,,Barry,
Northville Historical Society,42.43268,-83.47896,HSC,,,,,HTTP://CI.NORTHVILLE.MI.US/COMMUNITY/MILLRACEVILLAGE/OVERVIEWMILLRACEVILLAGE.ASP,Wayne,
Harsens Island-St Clair Flats Historical Society,42.58091,-82.56277,HSC,,,website,,https://en.wikipedia.org/wiki/St._Clair_Historical_Museum?action=edit&redlink=1,St. Clair,Harsens Island
Pigeon Creek Schoolhouse Preservation Society,43.06412,-86.23122,HSC,,,,,,Ottawa,
Neareast Siders,42.42121,-83.13191,HSC,,,,,,Wayne,
Bridgeport Historical Society,43.35882,-83.88121,HSC,,,,,,Saginaw,Bridgeport
Morton House Museum,42.10897,-86.46486,HSC,,,website,,HTTP://WWW.MORTONHOUSEMUSEUM.ORG/,Berrien,Benton Harbor
Marquette County Historical Society,46.54177,-87.39526,HSC,,,"website, community art center, located in the lower level of the Peter White Public Library",,HTTP://WWW.MARQUETTECOHISTORY.ORG/,Marquette,Marquette
Monroe County Historical Museum,41.91647,-83.39764,HSC,,,"website, operated by the Monroe County Historical Commission, exhibits include George Armstrong Custer, local military, Native American and settler history; Martha Barker Country Store Museum and Navarre Anderson Trading Post Complex are open only by appointment",,HTTP://WWW.CO.MONROE.MI.US/GOVERNMENT/DEPARTMENTS_OFFICES/MUSEUM/INDEX.HTML,Monroe,Monroe
Carriage Town Ministries,43.0223,-83.68683,HSC,,,,,HTTP://CARRIAGETOWN.ORG,Genesee,
Historical Society Of Michigan,42.67313,-84.53447,HSC,,,,,HTTP://WWW.HSMICHIGAN.ORG/,Ingham,
Bay County Historical Society,43.59328,-83.8886,HSC,,,website,,HTTP://WWW.BCHSMUSEUM.ORG,Bay,Bay City
Mason County Historical Society,43.92701,-86.44462,HSC,,,website,,HTTP://WWW.HISTORICWHITEPINEVILLAGE.ORG,Mason,Mason
Quincy Mine Hoist Association,47.13638,-88.57939,HSC,,,"Copper mine, mine buildings and mining exhibits; participating institution in Keweenaw National Historical Park",,HTTP://WWW.QUINCYMINE.COM,Houghton,Hancock
Heritage Museum And Cultural Center,42.10652,-86.48256,HSC,,,"website, located in the Priscilla U. Byrns Heritage Center",,HTTP://THEHERITAGEMCC.ORG,Berrien,St. Joseph
Fenton Historical Society,42.78792,-83.72683,HSC,,,Operated by the Fenton Historical Society,,https://en.wikipedia.org/wiki/Fenton_Museum,Genesee,Fenton
Fort St Joseph Historical Association,41.83226,-86.27813,HSC,,,"Located in the carriage house of the Henry A. Chapin House, exhibits include Fort St. Joseph, the Underground Railroad in southern Michigan, railroads in Niles' history, Lakota Indian collection",,https://en.wikipedia.org/wiki/Henry_A._Chapin_House,Berrien,Niles
Oakland County Pioneer & Historical Society,42.64798,-83.3039,HSC,,,,,HTTP://OCPHS.ORG,Oakland,
Le Sault De Saint Marie Historical Sites,46.49885,-84.33781,HSC,,,,,HTTP://WWW.SAULTHISTORICSITES.COM/,Chippewa,
Jackson County Historical Society,42.24754,-84.41054,HSC,,,,,,Jackson,
Benzie Area Historical Society,44.59632,-86.09498,HSC,,,website,,https://en.wikipedia.org/wiki/Benzie_Area_Historical_Museum?action=edit&redlink=1,Benzie,Benzonia
Iron County Historical And Museum Society,46.06588,-88.62897,HSC,,,"website, 22 buildings including a Heritage Hall, two Mining Halls, a cultural center, Lee LeBlanc Wildlife Art Gallery, Giovanelli Italianati Art Gallery, Homestead and Lumbercamp with log buildings, The Carrie Jacobs Bond Victorian house & Museum Book & Gift Shop",,HTTP://WWW.IRONCOUNTYHISTORICALMUSEUM.ORG,Iron,Caspian
Grass Lake Area Historical Society,42.26872,-84.18991,HSC,,,,,,Jackson,
Presque Isle County Historical Museum,45.41989,-83.81796,HSC,,,"Located in the Craftsman-style Bradley House, includes period rooms, toys, Native American artifacts, country store, tools and other exhibits",,HTTP://WWW.THEBRADLEYHOUSE.ORG/,Presque Isle,Rogers City
Ypsilanti Heritage Foundation,42.25091,-83.56165,HSC,,,Production cars from the Willow Run Plant and Hudson Motors,,HTTP://WWW.YHF.ORG,Washtenaw,Ypsilanti
Wixom Historical Society,42.52431,-83.53376,HSC,,,,,HTTP://WWW.CITYOFWIXOM.COM,Oakland,
Arenac County Historical Society,44.05555,-83.65406,HSC,,,"website, operated by the Arenac County Historical Society",,https://en.wikipedia.org/wiki/Arenac_County_Historical_Museum?action=edit&redlink=1,Arenac,Au Gres
Greater West Bloomfield Historical Society,42.58331,-83.35928,HSC,,,,,,Oakland,
Lincoln Park Historical Society,42.25041,-83.17842,HSC,,,"website, operated by the Lincoln Park Historical Society",,https://en.wikipedia.org/wiki/Lincoln_Park_Historical_Museum?action=edit&redlink=1,Wayne,Lincoln Park
Historical Society Of Saginaw County,43.43135,-83.93596,HSC,,,Operated by the Historical Society of Saginaw County,,HTTP://WWW.SAGINAWCOUNTYSPORTS.COM/,Saginaw,Saginaw
Hillsdale County Historical Society,41.87307,-84.68981,HSC,,,,,,Hillsdale,
Cass County Historical Society,41.9838,-86.1059,HSC,,,,,HTTP://WWW.DOWAGIACMUSEUM.INFO,Cass,Dowagiac
Kaleva Historical Society,44.36664,-86.03113,HSC,,,House built of bottle wall construction in 1941,,HTTP://WWW.KALEVAMI.COM,Manistee,Manistee
Tamarack Valley Christian Center,42.45589,-85.31907,HSC,,,,,HTTP://WWW.TAMARACKVALLEY.ORG:80/INDEX.PHP?NID=88331&S=HM,Barry,Delton
Greenoak Township Historical Society,42.46834,-83.73082,HSC,,,,,HTTP://WWW.GREENOAKTOWNSHIPHISTORICALSOCIETY.ORG/INDEX.HTML,Livingston,
Salem Area Historical Society,42.36619,-83.61425,HSC,,,,,HTTP://SAHSHISTORY.ORG,Washtenaw,Plymouth
Romeo Historical Society,42.82693,-83.03181,HSC,,,,,HTTP://WWW.ROMEOHISTORICALSOCIETY.ORG/,Macomb,
Zeeland Historical Society,42.81241,-86.01806,HSC,,,"website, operated by the Zeeland Historical Society",,HTTP://ZEELANDMUSEUM.ORG/,Ottawa,Zeeland
Manchester Area Historical Society,42.15175,-84.03609,HSC,,,,,HTTP://MANCHESTERAREAHISTORICALSOCIETY.ORG,Washtenaw,
Clio Area Historical Association,43.17751,-83.73986,HSC,,,,,,Genesee,
Schoolcraft Historical Society,42.11607,-85.62843,HSC,,,Operated by the Schoolcraft County Historical Society,,HTTP://SCHS.CITYOFMANISTIQUE.ORG/,Kalamazoo,Manistique
Watrousville-Caro Area Historical Society,43.45189,-83.53531,HSC,,,,,HTTP://WATROUSVILLE.COM/,Tuscola,Vassar
White Lake Area Historical Society,43.41105,-86.34939,HSC,,,,,HTTP://WWW.WISCONSINHISTORY.ORG,Muskegon,
Allegan County Historical Society,42.52794,-85.8527,HSC,,,"Operated by the Allegan County Historical Society, jail and Victorian sheriff's house[3]",,HTTP://WWW.BEACONBLUFF.COM/,Allegan,Allegan
Kalamazoo County Historical Society,42.29169,-85.58683,HSC,,,,,https://en.wikipedia.org/wiki/Kalamazoo_Institute_of_Arts,Kalamazoo,Kalamazoo
Grand Ledge Area Historical Society,42.75555,-84.69978,HSC,,,website,,https://en.wikipedia.org/wiki/Grand_Ledge_Area_Historical_Society_Museum?action=edit&redlink=1,Eaton,Grand Ledge
Great Lakes Shipwreck Historical Society,46.50199,-84.35491,HSC,,,"Operated by the Great Lakes Shipwreck Historical Society, artifacts retrieved from local shipwrecks, also includes lighthouse keeper's quarters for Whitefish Point Light",,https://en.wikipedia.org/wiki/Great_Lakes_Shipwreck_Museum,Chippewa,Paradise
Wexford County Historical Society,44.25121,-85.39964,HSC,,,Located in the former Cadillac Public Library,,HTTP://WWW.WEXFORDCOUNTYHISTORY.ORG,Wexford,Cadillac
Your Heritage House,42.37464,-83.07451,HSC,,,Early 20th-century Victorian period house[33],,HTTP://WWW.ARTCOM.COM/MUSEUMS/NV/SZ/48202-38.HTM,Wayne,Essexville
Waterford Historical Society,42.69255,-83.38914,HSC,,,,,HTTP://WWW.WATERFORDHISTORICALSOCIETY.ORG/HISTORY/,Oakland,
Northern Indiana Historical Society,42.45056,-82.87306,HSC,,,,,,Wayne,
Warren Historical And Genealogical Society,42.53427,-83.05509,HSC,,,,,,Macomb,
Blissfield Area Historical Society,41.9749,-84.27904,HSC,,,,,,Lenawee,
Greater Washington Area Historical Society,42.72374,-83.0497,HSC,,,,,HTTP://WWW.WASHHISTSOC.ORG,Macomb,
Metamora Historical Society,42.9415,-83.28766,HSC,,,,,HTTP://WCRDRR716.NING.COM/MAIN/AUTHORIZATION/SIGNIN?TARGET=HTTP%3A%2F%2FWCRDRR716.NING.COM%2FMAIN,Lapeer,Metamora
Sturgeon Valley Historical Society,46.8369,-88.6502,HSC,,,,,,Baraga,Pelkie
New Baltimore Historical Society,42.6799,-82.73545,HSC,,,,,,Macomb,
South Lyon Area Historical Society,42.4545,-83.65306,HSC,,,,,HTTP://WWW.SOUTHLYONMI.ORG/1/223/HISTORY_OF_SOUTH_LYON.ASP,Oakland,South Lyon
Historical Society Of Bedford,41.7763,-83.57695,HSC,,,,,HTTP://WWW.BEDFORDHISTORICALSOCIETY.ORG/,Monroe,
Canton Historical Society,42.3291,-83.47842,HSC,,,"Local history, housed in a historic one room schoolhouse",,https://en.wikipedia.org/wiki/The_Canton_Historical_Society_and_Museum,Wayne,Canton
Grosse Pointe Historical Society,42.41028,-82.89148,HSC,,,,,HTTP://WWW.GPHISTORICAL.ORG,Wayne,Grosse Pointe Farms
Gratiot County Historical Society,43.29175,-84.60961,HSC,,,Tours operated through Port Huron Museum,,HTTP://WWW.GCHGS.ORG,Gratiot,Ithaca
Huron Valley Railroad Historical Society,42.34006,-83.88445,HSC,,,,,,Washtenaw,
Romulus Historical Society,42.22117,-83.39421,HSC,,,[5][56],,https://en.wikipedia.org/wiki/Romulus_Historical_Museum?action=edit&redlink=1,Wayne,Romulus
Sanford Historical Society,43.69664,-84.39451,HSC,,,,,HTTP://WWW.SANFORDHIST.ORG,Midland,Sanford
Dryden Historical Society,42.93837,-83.1414,HSC,,,,,,Lapeer,Dryden
Garden Peninsula Historical Society,45.74373,-86.59298,HSC,,,,,,Delta,Garden
Mayville Area Historical Museum,43.33696,-83.33648,HSC,,,website,,https://en.wikipedia.org/wiki/Mayville_Area_Museum_of_History?action=edit&redlink=1,Tuscola,Mayville
Montrose Area Historical Association,43.17724,-83.89041,HSC,,,,,HTTP://MONTROSEMUSEUM.ORG/,Genesee,Montrose
Hanover Horton Area Historical,42.10248,-84.54745,HSC,,,,,HTTP://CONKLINREEDORGANMUSEUM.ORG/,Jackson,Hanover
Ford Homes Historic District Mcfadden Ross House,42.30257,-83.25926,HSC,,,,,HTTP://WWW.FORDHOMES.ORG,Wayne,
Holland Area Historical Society,42.78859,-86.1046,HSC,,,"Dutch paintings and decorative arts, Lake Michigan maritime history, industry, immigration",,HTTP://JOINTARCHIVES.ORG/,Ottawa,Holland
Waterloo Natural History Association,42.32759,-84.06947,HSC,,,,,HTTP://WWW.WNHA.ORG,Washtenaw,
Greenbush Historical Society,44.55364,-83.32455,HSC,,,,,,Alcona,
Luce County Historical Society,46.35266,-85.51354,HSC,,,Combination jail and sheriff's residence,,https://en.wikipedia.org/wiki/Luce_County_Sheriff's_House_and_Jail,Luce,Newberry
Coopersvile Area Historical Society,43.0639,-85.93539,HSC,,,,,,Ottawa,
Iosco County Historical Society,44.28025,-83.48663,HSC,,,"website, operated by the Iosco County Historical Society",,HTTP://WWW.IOSCOMUSEUM.ORG,Iosco,East Tawas
Historical Society Of Clinton,42.07266,-83.96447,HSC,,,website,,HTTP://WWW.CLINTHIS.ORG/,Lenawee,Clinton Charter Township
White Pine Historical Society,43.8362,-84.79386,HSC,,,"Operated by the Mason County Historical Society, 25 buildings",,HTTP://WWW.HISTORICWHITEPINEVILLAGE.ORG/,Clare,Ludington
Gladwin County Historical Society,43.98057,-84.48827,HSC,,,"website, includes 2 restored cabins and a schoolhouse, farm and blacksmith tools, furniture, dishes, clothing, books, photos, operated by the Gladwin County Historical Society",,HTTP://WWW.GLADWINHISTORY.ORG,Gladwin,Gladwin
Hartland Area Historical Society,42.6553,-83.75414,HSC,,,,,HTTP://WWW.HARTLANDAREAHISTORY.ORG,Livingston,Hartland
Webster Township Historical Society,42.36769,-83.82313,HSC,,,"Operated by the Webster Township Historical Society, complex includes Town Hall, school, blacksmith shop[72]",,https://en.wikipedia.org/wiki/Webster_Township_Museum?action=edit&redlink=1,Washtenaw,Dexter
Elk Rapids Area Historical Society,44.89666,-85.41681,HSC,,,operated by the Elk Rapids Area Historical Society in a former church,,HTTP://ELKRAPIDSHISTORY.ORG/HOME0.ASPX,Antrim,Elk Rapids
Keweenaw County Historical Society,47.45511,-88.12233,HSC,,,"Rotating exhibits about local history, natural history, science and culture",,HTTP://WWW.KEWEENAWHISTORY.ORG/,Keweenaw,Houghton
Historical Society Of St Clair Shores,42.49642,-82.88857,HSC,,,"website, collection of farm equipment",,https://en.wikipedia.org/wiki/St._Clair_County_Farm_Museum?action=edit&redlink=1,Macomb,Goodells
Buchanan Preservation Society,41.82879,-86.4263,HSC,,,,,,Berrien,Buchanan
Athens Area Historical Society,42.08762,-85.23565,HSC,,,,,,Calhoun,Athens
Novi Historical Society,42.47549,-83.47531,HSC,,,,,,Oakland,
Tecumseh Area Historical Society,42.00401,-83.94179,HSC,,,"History of the communities around Tecumseh, including Macon, Ridgeway, Tipton and Britton",,https://en.wikipedia.org/wiki/Tecumseh_Area_Historical_Museum,Lenawee,Tecumseh
Otsego County Historical Society,45.02747,-84.67781,HSC,,,"website, operated by the Otsego County Historical Society",,HTTP://WWW.OTSEGO.ORG/OCHS/,Otsego,Gaylord
Galien Woods Historical Society,41.79919,-86.50094,HSC,,,,,,Berrien,
Bay Mills-Brimley Historical Research Society,46.42107,-84.60057,HSC,,,website,,HTTP://WWW.BAYMILLSBRIMLEYHISTORY.ORG/,Chippewa,Bay City
Kinross Heratage Society,46.26862,-84.49979,HSC,,,,,,Chippewa,
Muskegon Railroad Historical Society,43.233,-86.25685,HSC,,,,,HTTP://WWW.MRHS-ONLINE.ORG/NEWS.PHP,Muskegon,Muskegon
Pickford Historical Society,46.15784,-84.34615,HSC,,,Operated by the Pickford Area Historical Society,,HTTP://WWW.HSMICHIGAN.ORG/PICKFORD/,Chippewa,Pickford
Central Lake Area Historical Society,45.07308,-85.26129,HSC,,,,,HTTP://ELDENJ.ANGELFIRE.COM/,Antrim,
Indian Village Historical Collections,42.36451,-82.99268,HSC,,,,,HTTP://WWW.INDIANVILLAGEDETROIT.ORG/HISTORICAL-COLLECTIONS,Wayne,Detroit
Saginaw Valley Railroad Historical Society,43.40767,-83.98512,HSC,,,,,,Saginaw,Saginaw
A P B A Historical Society,42.46497,-82.9394,HSC,,,,,HTTP://WWW.APBA.ORG/,Macomb,
Ixl Historical Museum,45.71799,-87.63554,HSC,,,Former lumber and hardwood manufacturing village,,HTTP://WWW.HERMANSVILLE.COM/IXLMUSEUM/DEFAULT.HTM,Menominee,Hermansville
Pentwater Historical Society,43.79577,-86.40446,HSC,,,visitors can use Guide by Cell for narration,,HTTP://PENTWATERHISTORICALSOCIETY.ORG,Oceana,Pentwater
Mid-Michigan Railway Historical Society,43.0223,-83.68683,HSC,,,,,,Genesee,
Ironwood Area Historical Society,46.45534,-90.17165,HSC,,,,,,Gogebic,Ironwood
Great Lakes Lighthouse Keepers Association,45.78643,-84.7314,HSC,,,,,HTTP://WWW.GLLKA.COM,Cheboygan,Mackinaw City
Drummond Historical Museum,45.99395,-83.74585,HSC,,,[23],,https://en.wikipedia.org/wiki/Drummond_Island_Historical_Museum?action=edit&redlink=1,Chippewa,Drummond Island
Historical Society Of Cheboygan County,45.62884,-84.47711,HSC,,,"website, operated by the History Center of Cheboygan County, includes log cabin, 1882 sheriff residence with attached jail cells, jail addition built in 1912–14, Spies Heritage Hall with local history exhibits",,HTTP://WWW.CHEBOYGANHISTORYCENTER.ORG,Cheboygan,Cheboygan
Allendale Historical Society,42.96959,-85.93324,HSC,,,,,HTTP://HISTORICALSOCIETYOFALLENDALE.VPWEB.COM/,Ottawa,Allendale
Prairie Historical Society,42.23441,-85.34501,HSC,,,,,,Kalamazoo,
Macomb County Historical Society,42.59892,-82.8844,HSC,,,,,HTTP://WWW.CROCKERHOUSEMUSEUM.COM,Macomb,
Pine River Area Historical Society,44.11699,-85.43098,HSC,,,"website, history of the St. Mary's River and its inhabitants",,https://en.wikipedia.org/wiki/River_Of_History_Museum?action=edit&redlink=1,Osceola,Sault Ste. Marie
Alcona Historical Society,44.65827,-83.34057,HSC,,,,,HTTP://WWW.ALCONAHISTORICALSOCIETY.COM/,Alcona,
Negaunee Historical Society,46.50124,-87.60422,HSC,,,"website, operated by the Negaunee Historical Society, area iron mining, 19th century living room, local history and culture",,HTTP://WWW.NEGAUNEEHISTORY.ORG/,Marquette,Negaunee
Rockwood Area Historical Society,42.06992,-83.25037,HSC,,,Operated by the Rockwood Area Historical Society[5][55],,HTTPS://WWW.FACEBOOK.COM/ROCKWOODAREAHISTORICALSOCEITY,Wayne,Rockwood
Ferndale Historical Society,42.45905,-83.1436,HSC,,,"website, operated by the Ferndale Historical Society",,HTTP://WWW.FERNDALE-MI.COM,Oakland,Ferndale
Rose City Area Historical Society,44.44137,-84.12717,HSC,,,,,,Ogemaw,
Mason Area Historical Society,42.57809,-84.44104,HSC,,,website,,HTTP://WWW.MASONMUSEUM.COM,Ingham,Mason
Ogemaw Genealogical & Historical Society,44.27522,-84.24134,HSC,,,Operated by the Ogemaw Genealogical & Historical Society[47],,HTTP://WESTBRANCH.COM/OGEMAW_GENEALOGICAL.HTM,Ogemaw,West Branch
Brighton Area Historical Society,42.51471,-83.78361,HSC,,,,,HTTP://WWW.BRIGHTONAREAHISTORICAL.COM/,Livingston,
St Joseph County Historical Society,41.91907,-85.51708,HSC,,,"Located in the carriage house of the Henry A. Chapin House, exhibits include Fort St. Joseph, the Underground Railroad in southern Michigan, railroads in Niles' history, Lakota Indian collection",,HTTP://HSTARMANN.WIX.COM:80/SJCHS,St. Joseph,Niles
Capac Community Historical Society,43.01707,-82.92705,HSC,,,"website, collections include the Kempf Model City (a mechanical city, 40 feet (12 m) long and 4 feet (1.2 m) wide), also G.T. RR Caboose",,https://en.wikipedia.org/wiki/Capac_Historical_Society_Museum?action=edit&redlink=1,St. Clair,Capac
Chesaning Area Historical Society,43.18991,-84.11587,HSC,,,"website, operated by the Chesaning Area Historical Society",,HTTP://WWW.CAHS.CHESANING.COM,Saginaw,Chesaning
Our Saviours Historical Society & Museum,44.24312,-86.32069,HSC,,,,,,Manistee,Manistee
Grand Traverse Highlanders,44.7637,-85.64478,HSC,,,Lighthouse and maritime museum located within Leelanau State Park,,https://en.wikipedia.org/wiki/Grand_Traverse_Light,Grand Traverse,Northport
Vicksburg Historical Society,42.1231,-85.52987,HSC,,,"website, operated by the Vicksburg Historical Society, includes the Vicksburg Depot Museum with railroad cars and equipment, a print shop, school house, express office, farm house and barn",,HTTP://WWW.VICKSBURGHISTORY.ORG/INDEX.HTML,Kalamazoo,Vicksburg
Grattan Township Historical Society,43.0846,-85.37099,HSC,,,"website, operated by the Grattan Historical Society",,HTTP://WWW.GRATTANTOWNSHIP.ORG/HISTORICALSOCIETY.HTML,Kent,Belding
Tompkins Center Historical Society,42.36361,-84.46272,HSC,,,website,,HTTP://WWW.TOMPKINSHISTORICAL.ORG/,Jackson,Rives Junction
Rochester Avon Hist Society,42.6784,-83.1341,HSC,,,,,HTTP://WWW.ROCHESTERAVONHISTORICALSOCIETY.ORG/,Oakland,
Bois Blanc Island Historical Society,45.76436,-84.4673,HSC,,,,,HTTP://WWW.HSMICHIGAN.ORG/RESOURCES/LOCAL-HISTORICAL-ORGANIZATIONS/BOIS-BLANC-ISLAND-HISTORICAL-SOCIETY/,Mackinac,
Railroad Historical Society Of Northwest Michigan,43.03505,-85.67041,HSC,,,,,,Kent,Comstock Park
Octagon House,42.72526,-83.03585,HSC,,,1860 house used as a station on the Underground Railroad,,https://en.wikipedia.org/wiki/Loren_Andrus_Octagon_House,Macomb,Washington
Montmorency County Historical Society,45.06318,-83.93489,HSC,,,,,HTTP://WWW.HSMICHIGAN.ORG/RESOURCES/LOCAL-HISTORICAL-ORGANIZATIONS/MONTMORENCY-COUNTY-HISTORICAL-SOCIETY/,Montmorency,Atlanta
Pampa Kannada Koota,42.31187,-83.49359,HSC,,,,,,Wayne,
Historic Fort Wayne,42.42316,-82.90541,HSC,,,"Includes 1848 limestone barracks building, 1845 Star Fort, Commanding Officers house, Spanish–American War guard house and the Tuskegee Airmen Museum",,https://en.wikipedia.org/wiki/Fort_Wayne_(Detroit),Wayne,Detroit
Trenton Historical Society,42.13577,-83.2174,HSC,,,"website, operated by the Trenton Historical Commission, Victorian house with local history artifacts",,HTTP://WWW.TRENTONHISTORICALSOCIETY.ORG/,Wayne,Trenton
Almont Community Historical Society,42.92739,-83.04316,HSC,,,,,,Lapeer,
Northfield Township Historical Society,42.41844,-83.7606,HSC,,,,,HTTPS://WWW.FACEBOOK.COM/NTHISTORICALSOCIETY,Washtenaw,
Leroy Area Historical Society,44.03316,-85.44439,HSC,,,,,,Osceola,Leroy
Fallasburg Historical Society,42.9818,-85.32279,HSC,,,"website, operated by the Fallasburg Historical Society, includes the Fallasburg Bridge, a schoolhouse, village cemetery, the Fallasburg Historical Museum and the Misner House Museum",,https://en.wikipedia.org/wiki/Fallasburg_Historical_Village?action=edit&redlink=1,Kent,Vergennes Township
Kalamazoo Latvian Heritage Center,42.29305,-85.62814,HSC,,,,,,Kalamazoo,
4Th Battalion Of Artillery- Continental And Royal A Historical,42.98123,-84.12346,HSC,,,,,,Shiawassee,Corunna
Barryton Area Historical Commission,43.75256,-85.14749,HSC,,,One room schoolhouse and local history museum[8],,https://en.wikipedia.org/wiki/Barryton_Area_Museum?action=edit&redlink=1,Mecosta,Barryton
Lake Odessa Area Historical Society,42.78673,-85.1346,HSC,,,"Operated by the Lake Odessa Area Historical Society, area and railroad history, includes a Pere Marquette Depot built in 1887, a restored Grand Trunk caboose, the Freight Station Museum which houses local historical displays and the Hosford House",,,Ionia,Lake Odessa
Great Lakes Historical And Educational Association,42.52093,-83.50169,HSC,,,,,HTTPS://WWW.FACEBOOK.COM/GREATLAKESHISTORICALANDEDUCATIONALASSOCIATION,Oakland,
Litchfield Area Historical Society,42.0572,-84.75864,HSC,,,,,,Hillsdale,
Mt Pleasant Area Historical Society,43.61099,-84.77682,HSC,,,,,HTTP://WWW.MIFAMILYHISTORY.ORG/ISABELLA/MPHISTORICALSOCIETY/,Isabella,
Livingston County Genealogical Society,42.60907,-83.92822,HSC,,,,,,Livingston,
Grand Ledge Opera House,42.74093,-84.85512,HSC,,,website,,https://en.wikipedia.org/wiki/Grand_Ledge_Area_Historical_Society_Museum?action=edit&redlink=1,Eaton,Grand Ledge
Sebewaing Area Historical Society,43.72608,-83.45496,HSC,,,Operated by the Sebewaing Area Historical Society; also operates the Charles W. Liken House Museum[58][59],,https://en.wikipedia.org/wiki/Sebewaing_Township_Hall?action=edit&redlink=1,Huron,Sebewaing
Grand Marais Historical Society,46.58871,-86.04686,HSC,,,,,,Alger,
Downriver Genealogical Society,42.24396,-83.18042,HSC,,,,,HTTP://DOWNRIVERGENEALOGY.ORG/,Wayne,
Michigan Supreme Court Historical Society,42.73465,-84.56489,HSC,,,"website, exhibits on government and legal system in Michigan",,HTTP://WWW.MICOURTHISTORY.ORG/,Ingham,Lansing
Boston-Saranac Historical Society,42.9273,-85.21044,HSC,,,,,,Ionia,
Memphis Historical Society,42.97677,-82.85748,HSC,,,,,,St. Clair,
White Lake Township Historical Society,42.64803,-83.51036,HSC,,,,,HTTP://WWW.WHITELAKELIBRARY.ORG/WHITELAKE/,Oakland,
Northville Genealogical Society,42.43946,-83.51158,HSC,,,,,,Oakland,
Northern Michigan Antique Flywheelers Club,45.27382,-84.92759,HSC,,,"website, antique gas and steam engines and tractors",,HTTP://WWW.WALLOONLAKEFLYWHEELERS.NET/INDEX.PHP,Charlevoix,South Haven
Gulliver Historical Society,45.97716,-86.03493,HSC,,,,,,Schoolcraft,
Preservation Detroit,42.35415,-83.06571,HSC,,,"Operated by the Detroit Historical Society, includes a 19th-century street scene, local businesses including automobile companies, leaders, culture and heritage",,HTTP://PRESERVATIONDETROIT.ORG,Wayne,Detroit
Detroit Theater Organ Society,42.33121,-83.12272,HSC,,,"Operated by the Detroit Historical Society, includes a 19th-century street scene, local businesses including automobile companies, leaders, culture and heritage",,HTTP://WWW.DTOS.ORG,Wayne,Detroit
Cannon Township Historical Society,43.13058,-85.48242,HSC,,,Operated by the Cannon Township Historical Society[13],,HTTP://WWW.HSMICHIGAN.ORG/RESOURCES/LOCAL-HISTORICAL-ORGANIZATIONS/CANNON-TOWNSHIP-HISTORICAL-SOCIETY/,Kent,Cannon
Log Cabin Society Of Michigan,42.05299,-86.3737,HSC,,,"Open during the Monroe County Fair, operated by the Monroe County Historical Society[24][25]",,https://en.wikipedia.org/wiki/Eby_Log_Cabin?action=edit&redlink=1,Berrien,Monroe
East Lansing Historical Society,42.74574,-84.4836,HSC,,,,,,Ingham,
New Haven Historical Society,42.73137,-82.78932,HSC,,,,,,Macomb,
Allen Area Historical Society,41.95472,-84.76791,HSC,,,"website, operated by the Bad Axe Historical Society, 1902 Dutch colonial home",,https://en.wikipedia.org/wiki/Allen_House_Museum?action=edit&redlink=1,Hillsdale,Bad Axe
Starkweather Society,42.80303,-83.01347,HSC,,,,,,Macomb,Romeo
Davison Area Historical Society,43.0339,-83.51566,HSC,,,"website, operated by the Davison Area Historical Society",,HTTP://WWW.DAVISONMUSEUM.ORG/,Genesee,Davison
Hemlock Historical Society,43.42042,-84.22011,HSC,,,,,HTTPS://WWW.FACEBOOK.COM/HEMLOCKAREAHISTORICALSOCIETY,Saginaw,
Manitou Islands Memorial Society,44.23321,-84.2492,HSC,,,,,,Ogemaw,
Helena Township Historical Society,44.8787,-85.27653,HSC,,,,,,Antrim,
Michigan Historic Preservation Network,42.7475,-84.5489,HSC,,,,,HTTP://WWW.MHPN.ORG/,Ingham,
Vassar Historical Society,43.36721,-83.58754,HSC,,,,,HTTP://WWW.VASSARHISTORY.ORG,Tuscola,
Mecosta County Historical Society,43.69741,-85.47883,HSC,,,Operated by the Mecosta County Historical Society[43],,https://en.wikipedia.org/wiki/Mecosta_County_Historical_Museum?action=edit&redlink=1,Mecosta,Big Rapids
Saline Area Historical Society,42.13342,-83.7639,HSC,,,"website, operated by the Saline Historical Society",,HTTP://SALINEHISTORY.ORG/,Washtenaw,Saline
Tekonsha Historical Society,42.15977,-85.03873,HSC,,,,,HTTP://WWW.TEKONSHATOWNSHIP.COM/HISTORICAL.HTM,Calhoun,
Historical Society Of Missaukee County,44.35895,-85.16282,HSC,,,,,HTTP://WWW.MIFAMILYHISTORY.ORG/MISSAUKEE/HISTSOC.HTM,Missaukee,Lake City
Lowell Area Historical Association,42.94238,-85.34982,HSC,,,website,,HTTP://WWW.LOWELLMUSEUM.ORG,Kent,Lowell
Harbor Springs Area Historical Society,45.43058,-84.98519,HSC,,,"website, operated by the Harbor Springs Area Historical Society",,HTTP://WWW.HARBORSPRINGSHISTORY.ORG/,Emmet,Harbor Spgs
Algoma Township Historical Society,43.12152,-85.52077,HSC,,,,,HTTP://WWW.ALGOMATWP.ORG,Kent,
Banks Township Historical Society,45.14481,-85.15982,HSC,,,,,,Charlevoix,
Richmond Area Historical And Geneological Society,42.83328,-82.78301,HSC,,,,,HTTP://WWW.RICHMONDHISTORICALSOCIETY.ORG,Macomb,Richmond
Oakfield Pioneer Heritage,43.17416,-85.27674,HSC,,,"website, operated by the Oakfield Pioneer Heritage Society",,https://en.wikipedia.org/wiki/Oakfield_Pioneer_Heritage_Museum?action=edit&redlink=1,Montcalm,Oakfield Township
Saginaw River Marine Historical Society,43.60006,-83.88739,HSC,,,"website, history of the St. Mary's River and its inhabitants",,HTTP://WWW.SAGINAWRIVER.COM/,Bay,Sault Ste. Marie
Taylor Historical Society,42.22635,-83.27696,HSC,,,Located inside Taylor City Hall[65],,https://en.wikipedia.org/wiki/Taylor_Veterans_Museum?action=edit&redlink=1,Wayne,Taylor
Highland Township Historical Society,42.65496,-83.63486,HSC,,,,,HTTP://HIGHLANDTOWNSHIPHISTORICALSOCIETY.COM/,Oakland,Highland
Michigan Black Horsemans Association,42.42308,-83.17031,HSC,,,,,,Wayne,Detroit
Lovells Township Historical Society,44.6899,-84.71213,HSC,,,,,HTTP://WWW.LOVELLSMUSEUM.COM,Crawford,
Goodrich-Atlas Area Historical Society,42.90933,-83.48558,HSC,,,,,,Genesee,
Oakland Township Historical Society,42.78475,-83.14617,HSC,,,,,HTTP://WWW.OAKLANDTOWNSHIPHISTORICALSOCIETY.ORG,Oakland,
Otisville Area Historical Association,43.16722,-83.52235,HSC,,,,,,Genesee,Otisville
Tittabawassee Township Historical Society,43.51606,-84.12655,HSC,,,,,,Saginaw,
West Michigan Blues Society,42.95663,-85.63342,HSC,,,,,,Kent,
Port Austin Reeflight Association,44.03312,-82.99411,HSC,,,"website, operated by the Port Austin Historical Society",,HTTP://WWW.PORTAUSTINREEFLIGHT.ORG.PHP54-1.DFW1-1.WEBSITETESTLINK.COM/,Huron,Port Austin
Millington-Arbela Historical Scoiety,43.28059,-83.52977,HSC,,,website,,https://en.wikipedia.org/wiki/Millington_-_Arbela_Historical_Society_Museum?action=edit&redlink=1,Tuscola,Millington
Detour Passage Historical Museum,45.99265,-83.94909,HSC,,,"Includes clothing, pictures, record books, maritime and Native American artifacts[21][22]",,https://en.wikipedia.org/wiki/DeTour_Passage_Historical_Museum?action=edit&redlink=1,Chippewa,Detour Villa
Eastern District Of Michigan,42.45872,-83.13395,HSC,,,,,,Oakland,
Lathrup Village Historical Society,42.49854,-83.23055,HSC,,,,,,Oakland,
Michigan Military Air Land/Sea,42.89619,-85.54611,HSC,,,,,,Kent,Grand Rapids
Wyoming Historical Commission,42.90313,-85.69496,HSC,,,,,,Kent,Wyoming
Polish American Historic Site,42.35933,-83.04109,HSC,,,,,HTTP://WWW.STALBERTUS.ORG,Wayne,
Ovid Historical Society,42.99836,-84.36997,HSC,,,,,HTTP://OVIDHISTORICALSOCIETY.WEEBLY.COM/,Clinton,
Republic Area Historical Society,46.34162,-88.01889,HSC,,,"website, operated by the Marshall Historical Society, Civil War artifacts, local history",,"https://en.wikipedia.org/wiki/Grand_Army_of_the_Republic_Hall_(Marshall,_Michigan)?action=edit&redlink=1",Marquette,Marshall
Almira Historical Society,44.7238,-85.84856,HSC,,,,,HTTP://ALMIRAHISTORICALSOCIETY.ORG/,Benzie,Lake Ann
Gabriel Richard Historical Society,42.31999,-83.07658,HSC,,,,,,Wayne,
Fraser Historical Society,42.53763,-82.9493,HSC,,,,,HTTP://WWW.HSMICHIGAN.ORG/RESOURCES/LOCAL-HISTORICAL-ORGANIZATIONS/FRASER-HISTORICAL-SOCIETY/,Macomb,
Central Detroit Christian,42.37952,-83.08318,HSC,,,"Operated by the Detroit Historical Society, includes a 19th-century street scene, local businesses including automobile companies, leaders, culture and heritage",,https://en.wikipedia.org/wiki/Detroit_Historical_Museum,Wayne,Detroit
Birch Run Area Historical Society,43.29669,-83.79439,HSC,,,,,,Saginaw,
African American Cultural & Historical Museum,42.31047,-83.69271,HSC,,,,,HTTP://AACHMUSEUM.ORG,Washtenaw,Ann Arbor
Manton Area Historical Museum,44.41436,-85.39829,HSC,,,Operated by the Manton Area Historical Society; adjacent Veteran's Memorial Museum[40],,https://en.wikipedia.org/wiki/Manton_Area_Historical_Museum?action=edit&redlink=1,Wexford,Manton
Grand Rapids Model Railroad Historical Society,43.03505,-85.67041,HSC,,,,,,Kent,Comstock Park
Old Mission Peninsula Historical Society,44.8992,-85.49032,HSC,,,,,HTTP://WWW.OMPHISTORICALSOCIETY.ORG/,Grand Traverse,
Southgate Historical Society And Mu Seum,42.2186,-83.20627,HSC,,,Operated by the Southgate Historical Foundation in the Grahl House[5][61],,HTTP://WWW.SOUTHGATEMI.ORG,Wayne,Southgate
Crystal Falls Museum Society,46.09711,-88.33251,HSC,,,,,HTTP://WWW.HARBOURHOUSEMUSEUM.ORG/,Iron,Crystal Falls
Michigan Political History Society,42.74574,-84.4836,HSC,,,,,HTTP://MIPOLITICALHISTORY.COM/,Ingham,
Manoogian Mansion Restoration Society,42.32891,-83.04446,HSC,,,,,,Wayne,Detroit
Michigan Oral History Association,42.78432,-84.63215,HSC,,,,,HTTP://WWW.MICHIGANOHA.ORG/ANNUALCONFERENCE.HTML,Clinton,
Michigan Legacy Art Park,44.51694,-85.99365,HSC,,,Outdoor sculpture park with works that interpret Michigan's history,,HTTP://WWW.MICHLEGACYARTPARK.ORG/,Benzie,Thompsonville
Lewiston Area Historical Society,44.85716,-84.29267,HSC,,,[36],,HTTP://WWW.LEWISTONCHAMBER.COM/,Montmorency,Lewiston
Breckenridge-Wheeler Area Historical Society,43.4079,-84.47184,HSC,,,,,,Gratiot,Breckenridge
Orion Historical Society,42.63405,-83.09691,HSC,,,,,,Oakland,
Forsyth Township Historical Society,46.27948,-87.4376,HSC,,,Operated by the Forsyth Township Historical Society[27],,HTTP://WWW.HSMICHIGAN.ORG/RESOURCES/LOCAL-HISTORICAL-ORGANIZATIONS/FORSYTH-TOWNSHIP-HISTORICAL-SOCIETY/,Marquette,Gwinn
Brownstown Township Historical Society,42.11013,-83.28576,HSC,,,,,,Wayne,Brownstown Charter Twp
Taymouth Township Historical Association,43.24164,-83.90385,HSC,,,,,,Saginaw,
Leslie Historical Society,42.4589,-84.41902,HSC,,,,,HTTPS://WWW.FACEBOOK.COM/LESLIEAREAHISTORICALSOCIETY,Ingham,
Midland Experimental Aircraft Association,43.62331,-84.22697,HSC,,,,,,Midland,Midland
Painesdale Mine & Shaft,47.04315,-88.67148,HSC,,,"Mining artifacts, minerals, exhibits",,https://en.wikipedia.org/wiki/Cliffs_Shaft_Mine_Museum,Houghton,Ishpeming
World Chamberlain Genealogical Society,42.04088,-86.44177,HSC,,,,,,Berrien,
Depot Town Association,42.24699,-83.61052,HSC,,,Operated by the Clio Historical Association[20],,"https://en.wikipedia.org/wiki/Depot_(Clio,_Michigan)?action=edit&redlink=1",Washtenaw,Clio
Sturgis Historical Society,41.80446,-85.42188,HSC,,,,,,St. Joseph,Sturgis
Thunder Bay Island Preservation Society,45.07475,-83.46281,HSC,,,website,,HTTP://WWW.THUNDERBAYISLANDLIGHT.ORG/,Alpena,Bay City
French Canadian Heritage Society Of Michigan,42.48903,-83.1455,HSC,,,,,HTTP://FCHSM.ORG/,Oakland,
Pere Marquette Historical Society,43.03978,-86.18996,HSC,,,,,HTTP://WWW.PMHISTSOC.ORG/,Ottawa,
Then And Now Historical And Genealogical Society,42.72329,-85.76687,HSC,,,,,,Allegan,
Brethren Heritage Association,44.30477,-86.03202,HSC,,,Open by appointment with the Brethren Heritage Association[11][12],,https://en.wikipedia.org/wiki/Brethren_Heritage_Museum?action=edit&redlink=1,Manistee,Manistee
Grand Trunk Western Historical Society,42.91083,-83.98231,HSC,,,,,HTTP://GTWHS.TRIPOD.COM,Shiawassee,Durand
Millersburg Area Historical Society,45.43804,-84.10087,HSC,,,,,HTTP://WWW.HSMICHIGAN.ORG/RESOURCES/LOCAL-HISTORICAL-ORGANIZATIONS/MILLERSBURG-AREA-HISTORICAL-SOCIETY/,Presque Isle,Millersburg
Marquette Range Iron Mining Heritage Theme Park,46.49219,-87.67539,HSC,,,"website, 22 buildings including a Heritage Hall, two Mining Halls, a cultural center, Lee LeBlanc Wildlife Art Gallery, Giovanelli Italianati Art Gallery, Homestead and Lumbercamp with log buildings, The Carrie Jacobs Bond Victorian house & Museum Book & Gift Shop",,https://en.wikipedia.org/wiki/Iron_County_Historical_Museum?action=edit&redlink=1,Marquette,Ishpeming
Aloha Historical Society,45.62884,-84.47711,HSC,,,,,HTTP://WWW.ALOHABUSINESSASSOCIATION.COM/ALOHA-HISTORY/,Cheboygan,
Preservation Chelsea,42.31463,-84.01565,HSC,,,"website, operated by the Chelsea Area Historical Society",,https://en.wikipedia.org/wiki/Chelsea_Historical_Museum?action=edit&redlink=1,Washtenaw,Chelsea
Crisp Point Light Historical Society,42.66586,-83.94093,HSC,,,Operated by the Crisp Point Light Historical Society,,https://en.wikipedia.org/wiki/Crisp_Point_Light,Livingston,Paradise
Presque Isle Township Museum Society,45.29905,-83.49276,HSC,,,"Located in the Craftsman-style Bradley House, includes period rooms, toys, Native American artifacts, country store, tools and other exhibits",,HTTP://WWW.PRESQUEISLELIGHTHOUSES.ORG/HOME.HTML,Presque Isle,Presque Isle
Emmet County Genealogical Society,45.37158,-84.96876,HSC,,,,,,Emmet,
Governor John S Barry Historical Society,41.84109,-85.66173,HSC,,,,,,St. Joseph,
S S Milwaukee Clipper Preservation,43.21503,-86.29502,HSC,,,Retired passenger ship and automobile ferry,,HTTP://WWW.MILWAUKEECLIPPER.COM/,Muskegon,Muskegon
Mackinaw Area Historical Society,45.78157,-84.76567,HSC,,,Museum ship United States Coast Guard Cutter Mackinaw WAGB-83,,https://en.wikipedia.org/wiki/USCGC_Mackinaw_(WAGB-83),Emmet,Mackinaw City
Bailey Property Preservation,45.11988,-87.61765,HSC,,,,,HTTP://WWW.HSMICHIGAN.ORG/RESOURCES/LOCAL-HISTORICAL-ORGANIZATIONS/BAILEY-PROPERTY-PRESERVATION-ASSOCIATION/,Menominee,Menominee
Covington Township Historical Society,46.55165,-88.53442,HSC,,,,,,Baraga,
Bay Port Historical Society,43.8353,-83.36013,HSC,,,website,,https://en.wikipedia.org/wiki/Bay_County_Historical_Museum?action=edit&redlink=1,Huron,Bay City
Detour Reef Light Preservation Society,45.99395,-83.74585,HSC,,,,,HTTP://DRLPS.COM/,Chippewa,
Ausable Oscoda Historical Society,44.42028,-83.32883,HSC,,,,,HTTP://AUSABLEOSCODAHISTORICALSOCIETY.ORG/00/404.HTML,Iosco,Oscoda
Mancelona Area Historical Society,44.89091,-85.03294,HSC,,,,,,Antrim,Mancelona
Calhoun County Genealogical Society,42.26989,-84.95621,HSC,,,,,,Calhoun,
Labor Heritage Society Of West Michigan,42.96569,-85.67148,HSC,,,,,,Kent,
Chesterfield Township Historical Society,42.64803,-82.8196,HSC,,,,,HTTP://WWW.CHESTERFIELDTWP.ORG/,Macomb,
Pittsfield Township Historical Society,42.27276,-83.76611,HSC,,,,,HTTP://PITTSFIELDHISTORY.ORG/,Washtenaw,
Morenci Area Historical Society,41.71799,-84.2141,HSC,,,,,,Lenawee,
Suggs Historial Site,41.91924,-85.91441,HSC,,,,,,Cass,
Royal Oak Historical Society,42.51132,-83.16036,HSC,,,"website, housed in old Northwood Fire Station",,HTTP://WWW.ROYALOAKHISTORICALSOCIETY.COM,Oakland,Royal Oak
Silver Beach Carousel Society,42.07481,-86.48173,HSC,,,,,HTTP://WWW.SILVERBEACHCAROUSEL.COM,Berrien,
Forty Mile Point Lighthouse Society,45.41598,-83.84328,HSC,,,Operated by the Forty Mile Point Lighthouse Society,,https://en.wikipedia.org/wiki/Forty_Mile_Point_Light,Presque Isle,Rogers City
Neebish Island Historical Society,46.25196,-84.1751,HSC,,,,,,Chippewa,
Ishpeming Historical Society,46.48992,-87.66531,HSC,,,,,,Marquette,Ishpeming
Byers,42.60452,-83.46062,HSC,,,,,HTTP://WWW.BYERSHOMESTEAD.ORG,Oakland,
Ithaca Area Historical Society,43.29156,-84.6065,HSC,,,,,,Gratiot,
Mary Sheldon Ismon House,42.24301,-84.75449,HSC,,,,,,Calhoun,Albion
Port Austin Area Historical Society,44.02383,-82.99507,HSC,,,"website, operated by the Port Austin Historical Society",,HTTP://WWW.ARTSCENTEROFCC.COM/WHITEOAKCRAFTSFAIR.HTML,Huron,Port Austin
Waugoshance Lighthouse Preservation Society,45.77657,-84.73786,HSC,,,,,HTTP://WWW.WAUGOSHANCE.ORG/,Emmet,
Sunfield Historical Society,42.76493,-84.97925,HSC,,,,,HTTP://WWW.SUNFIELDHISTORICALSOCIETY.COM/,Eaton,Sunfield
Saginaw Valley Historic Preservation Society,43.42366,-83.93019,HSC,,,,,,Saginaw,
Grindstone City Historical Society,44.05798,-82.89955,HSC,,,,,,Huron,
Freeport Historical Society,42.76087,-85.30396,HSC,,,,,HTTP://FREEPORTHISTORICALSOCIETY.ORG/,Barry,Freeport
Hancock Pewabic House & Museum Society,47.12584,-88.58273,HSC,,,,,,Houghton,
Houghton & Keweenaw County Genealogical Society,47.24098,-88.44959,HSC,,,"Operated by the Houghton County Historical Society, site includes a railroad, one room schoolhouse, the Houghton County Historical Society Heritage Center and a WPA-era log cabin; participating institution in Keweenaw National Historical Park",,HTTP://WWW.HKCGS.ORG,Houghton,Calumet
Norwegian Lutheran Church Historical Society,47.248,-88.45379,HSC,,,,,,Houghton,
Eloise,42.34081,-83.33377,HSC,,,,,,Wayne,
Norwood Area Historical Society,45.21782,-85.38009,HSC,,,,,HTTP://NORWOODHISTORY.ORG/,Charlevoix,Charlevoix
Engadine Historical Society,46.15269,-85.55362,HSC,,,,,HTTP://WWW.HSMICHIGAN.ORG/,Mackinac,Engadine
Gogebic Range Geneaology Society,46.45659,-90.16009,HSC,,,,,HTTP://WWW.GOGEBICROOTS.COM/,Gogebic,
Broadway,43.60437,-84.77436,HSC,,,,,,Isabella,Mt Pleasant
Ortonvlle Community Historical Society,42.84286,-83.42638,HSC,,,,,,Oakland,
Wilkinson Homestead Historical Society,45.10792,-85.3508,HSC,,,,,,Antrim,Eastport
Lincoln Park Preservation Alliance,42.24396,-83.18042,HSC,,,"website, operated by the Lincoln Park Historical Society",,https://en.wikipedia.org/wiki/Lincoln_Park_Historical_Museum?action=edit&redlink=1,Wayne,Lincoln Park
Paradise & Mayfield Historical Society,44.5737,-85.53447,HSC,,,,,,Grand Traverse,
Corunna Historical Village Of Shiawassee County,42.98311,-84.11788,HSC,,,"website, operated by the Corunna Historical Commission, open only four times a year",,https://en.wikipedia.org/wiki/Corunna_Historical_Village?action=edit&redlink=1,Shiawassee,Corunna
Historical Preservation Society Of Dundee,41.95505,-83.65909,HSC,,,,,HTTP://WWW.DUNDEEOLDMILL.COM,Monroe,Dundee
Western Michigan Society For Industrial Heritage,43.06032,-85.94083,HSC,,,,,HTTP://WMSIH.COM/,Ottawa,
Fishtown Preservation Society,45.02201,-85.76187,HSC,,,,,HTTP://WWW.FISHTOWNMI.ORG/,Leelanau,Leland
Michigan Fallen Heroes Memorial,42.62719,-83.30021,HSC,,,"website, honors Michigan soldiers, sailors, aviators and astronauts who fought in our nation's foreign wars and bravely explored outer space; formerly known as Michigan's Military & Space Heroes Museum",,HTTP://WWW.MICHIGANFALLENHEROES.COM,Oakland,Frankenmuth
Preservation Owosso,43.00352,-84.18258,HSC,,,,,,Shiawassee,
Otsego Area Historical Society,42.46092,-85.6968,HSC,,,"website, operated by the Otsego County Historical Society",,HTTP://WWW.OTSEGOHISTORY.ORG,Allegan,Otsego
Stockbridge Area Genealogical Historical Society,42.46135,-84.22744,HSC,,,,,,Ingham,
Pointe Aux Barques Lighthouse Society,43.94996,-82.71807,HSC,,,"Two museums, one about shipwrecks in Lake Huron, the other about the lighthouse",,https://en.wikipedia.org/wiki/Pointe_aux_Barques_Lighthouse,Huron,Huron Township
Western District Historical Society,42.96404,-85.65872,HSC,,,,,,Kent,
Garden City Historical Museum,42.33076,-83.3507,HSC,,,,,,Wayne,
Ton-Up,42.24586,-83.61089,HSC,,,,,HTTPS://WWW.FACEBOOK.COM/THETONUP,Washtenaw,
City Hall,42.707,-82.52051,HSC,,,,,HTTP://WWW.FRIENDSOFCITYHALL.COM/,St. Clair,
Marine Historical Society Of Detroit,42.60533,-83.94147,HSC,,,"Operated by the Detroit Historical Society, includes a 19th-century street scene, local businesses including automobile companies, leaders, culture and heritage",,HTTP://MHSD.ORG,Livingston,Detroit
Albion Historical Society,42.24184,-84.75295,HSC,,,,,HTTP://ALBIONHISTORICALSOCIETY.ORG,Calhoun,
Beaver Island Historical Society Of Michigan,45.6965,-85.53122,HSC,,,"website, includes Old Mormon Print Shop Museum of local history, the Maritime Museum about fishing on the island, and Protar Home, a historic log cabin",,HTTP://WWW.BEAVERISLANDHISTORY.ORG,Charlevoix,St. James
Chippewa County Historical Society,46.50106,-84.34548,HSC,,,"Visitor center with natural history and Native American exhibits, Homestead Farm and Log Schoolhouse, wigwam, arboretum, trails",,HTTP://CCHSMI.COM/,Chippewa,Sault Ste Marie
Ontonagon County Historical Society,46.87284,-89.31799,HSC,,,"Operated by the Ontonagon Historical Society, participating institution in Keweenaw National Historical Park[48]",,HTTP://WWW.ONTONAGONMUSEUM.ORG,Ontonagon,Ontonagon
David Horodoker Womens Organization,42.53702,-83.36517,HSC,,,,,,Oakland,
Lenawee County Historical Society,41.89705,-84.03559,HSC,,,,,HTTP://WWW.LENAWEEMUSEUM.ORG/,Lenawee,Adrian
Manistee County Historical Society,44.2476,-86.32431,HSC,,,"website, located in a historic store, exhibits include the Civil War, pioneer life, antiques and maritime history; also operates another facility in the historic Waterworks building, exhibits include logging, railroad, and marine exhibits and memorabilia of Manistee in the 19th century",,HTTP://WWW.MANISTEEMUSEUM.ORG,Manistee,Manistee
Historical Society Of Greater Lansing,42.74259,-84.55223,HSC,,,,,HTTP://WWW.LANSINGHISTORY.ORG,Ingham,Lansing
Wayne Historical Society,42.28087,-83.38568,HSC,,,website,,https://en.wikipedia.org/wiki/Wayne_Historical_Museum?action=edit&redlink=1,Wayne,Wayne
Bernard Historical Society Museum,42.51295,-85.39621,HSC,,,"website, operated by the Bernard Historical Society, includes Bernard Hospital, Brown School, Country Store, Seamstress Cottage, Little House, Blacksmith Shop, Implement Building, Windmill",,https://en.wikipedia.org/wiki/Bernard_Historical_Museum?action=edit&redlink=1,Barry,Delton
Little Traverse Historical Society,45.37536,-84.95925,HSC,,,"website, special exhibits on Ernest Hemingway, operated by the Little Traverse Historical Society",,HTTP://WWW.PETOSKEYMUSEUM.ORG,Emmet,Petoskey
Birmingham Historical Society,42.5272,-83.20914,HSC,,,"website, regional art center, four galleries showcase contemporary art from the Midwest and beyond",,HTTP://WWW.BHAMGOV.ORG/MUSEUM/,Oakland,Birmingham
Farmington Historical Society,42.52838,-83.33429,HSC,,,,,,Oakland,
Barry County Historical Society,42.64285,-85.29659,HSC,,,,,,Barry,
Shiawassee County Historical Society,42.99876,-84.17557,HSC,,,website,,https://en.wikipedia.org/wiki/Shiawassee_County_Historical_Society?action=edit&redlink=1,Shiawassee,Owosso
Holland Harbor Lighthouse Historical Commission,42.76649,-86.20797,HSC,,,"Dutch paintings and decorative arts, Lake Michigan maritime history, industry, immigration",,https://en.wikipedia.org/wiki/Holland_Museum,Allegan,Holland
Clinton County Historical Society,43.00024,-84.56179,HSC,,,website,,HTTP://WWW.DEWITTLIBRARY.ORG/CCHS/,Clinton,St Johns
Sanilac County Historical Society,43.42006,-82.54232,HSC,,,"website, eight historic buildings on a 10-acre (40,000 m2) campus including a 20-room Victorian mansion, 1900 general store, one-room schoolhouse, 1883 log cabin, barn theater, marine shipwreck room, dairy industry museum, carriages, military and Native American exhibits",,HTTP://WWW.SANILACCOUNTYMUSEUM.ORG,Sanilac,Port Sanilac
Wausau Historic Landmarks,45.78516,-87.8952,HSC,,,,,,Dickinson,
Gull Rock Lightkeepers,47.47009,-87.88773,HSC,,,,,HTTP://WWW.GULLROCKLIGHTKEEPERS.ORG/,Keweenaw,
Michigamme Museum,46.5298,-88.18298,HSC,,,website,,https://en.wikipedia.org/wiki/Michigamme_Museum?action=edit&redlink=1,Baraga,Michigamme
Genesee Township Veterans Memorial Association,43.11288,-83.62165,HSC,,,,,,Genesee,
Beckmaze Historical Society,42.89271,-85.72589,HSC,,,,,,Kent,Wyoming
Michigan Historical Homes Preservation Society,43.42457,-83.96761,HSC,,,,,,Saginaw,
Dixboro Village Green,42.31311,-83.6571,HSC,,,,,,Washtenaw,
Wgpr Historical Society,42.33626,-83.03618,HSC,,,,,,Wayne,
Phoenix Continuum,43.21134,-86.22867,HSC,,,,,,Muskegon,
Bohm Theatre,42.24379,-84.75295,HSC,,,,,HTTP://BOHMTHEATRE.ORG/,Calhoun,Albion
Montague Museum And Historical Association,43.41754,-86.35523,HSC,,,"website, located in a former church, operated by the Montague Historical Association",,https://en.wikipedia.org/wiki/Montague_Museum?action=edit&redlink=1,Muskegon,Montague
Bellevue Historical Society,42.44491,-85.01803,HSC,,,,,,Eaton,
Community Historical Society,41.95637,-85.32397,HSC,,,,,,St. Joseph,
Baraga County Historical Society,46.73863,-88.47726,HSC,,,"website, operated by the Baraga County Historical Society",,HTTP://WWW.BARAGACOUNTYHISTORICALMUSEUM.COM/,Baraga,Baraga
Historical Hamtramck,42.3952,-83.05688,HSC,,,,,HTTP://WWW.HAMTRAMCKHISTORY.ORG/,Wayne,Hamtramck
Champion-Beacon-Humboldt Historical Society,46.4937,-87.91214,HSC,,,,,,Marquette,
Oakland County Historical Research,42.65803,-83.33351,HSC,,,,,HTTPS://WWW.OAKGOV.COM/INDEX.HTML,Oakland,
Juddville Historical Society,43.12661,-83.97851,HSC,,,,,,Shiawassee,
Historical Society Of Bancroft,42.86777,-84.06886,HSC,,,,,,Shiawassee,
Quincy Historical Society,41.94645,-84.88562,HSC,,,"Copper mine, mine buildings and mining exhibits; participating institution in Keweenaw National Historical Park",,HTTP://QUINCYHISTORY.ORG/,Branch,Hancock
Plymouth Preservation Network,42.36713,-83.44297,HSC,,,"website, growth of American industry, the advent of the railroad and the invention of the automobile",,HTTP://PLYMOUTHPRESERVATION.ORG/,Wayne,Plymouth
Old Tiger Stadium Conservancy,42.32809,-83.04629,HSC,,,,,,Wayne,
Michigan Lighthouse Fund,42.68559,-84.49876,HSC,,,,,,Ingham,
Hubbardston Area Historical Society,43.09776,-84.8497,HSC,,,,,HTTP://WWW.HUBBARDSTON.ORG,Ionia,
Southern Houghton County Airport And Heritage Association,42.83289,-85.52504,HSC,,,"Operated by the Houghton County Historical Society, site includes a railroad, one room schoolhouse, the Houghton County Historical Society Heritage Center and a WPA-era log cabin; participating institution in Keweenaw National Historical Park",,https://en.wikipedia.org/wiki/Houghton_County_Historical_Museum,Kent,Lake Linden
Clyde Historical Society,43.04872,-82.6348,HSC,,,,,,St. Clair,
Swartz Creek Area Historical Society,42.89798,-83.90834,HSC,,,,,HTTP://SWARTZCREEKHISTORY.COM,Genesee,
Linden Mills Historical Society,42.82615,-83.79072,HSC,,,"website, operated by the Linden Mills Historical Society",,HTTP://WWW.FREEWEBS.COM/LINDENMICHIGANHISTORICALSOCIETY/,Genesee,Linden
Martin Johnson Heritage Museum,43.8986,-85.87354,HSC,,,,,HTTPS://BIGBASSLAKEMI.WORDPRESS.COM/MARTIN-JOHNSON-HERITAGE-MUSEUM-NEW/,Lake,
Salem Community Events Association,42.40828,-83.57749,HSC,,,,,HTTP://WWW.SALEMFLAGDAY.COM,Washtenaw,
Historic Elk Rapids Town Hall Association,44.89703,-85.41863,HSC,,,operated by the Elk Rapids Area Historical Society in a former church,,HTTP://WWW.ERTOWNHALL.ORG/,Antrim,Elk Rapids
Yuba Historic Society,44.80704,-85.44636,HSC,,,,,,Grand Traverse,
Western District Historical Society,45.10698,-87.61475,HSC,,,,,HTTP://WWW.MENOMINEEFARMERSMARKET.COM,Menominee,Menominee
Charlevoix County History Preservation Society,45.21746,-85.07473,HSC,,,,,,Charlevoix,
Hadley Township Historical Society,42.94105,-83.39987,HSC,,,,,,Lapeer,
Wakefield Historical Society,46.47474,-89.94101,HSC,,,[71],,https://en.wikipedia.org/wiki/Wakefield_Historical_Society_Museum?action=edit&redlink=1,Gogebic,Wakefield
Acme Heritage Society,44.76486,-85.50663,HSC,,,,,,Grand Traverse,
Copper Country Firefighters History Museum,47.11683,-88.58085,HSC,,,,,HTTP://WWW.COPPERCOUNTRYFIREFIGHTERSHISTORYMUSEUM.COM,Houghton,Calumet
Keweenaw National Historical Park,47.24357,-88.45169,HSC,,,,,https://en.wikipedia.org/wiki/Keweenaw_National_Historical_Park,Houghton,Calumet
Sleeping Bear Dunes National Lakeshore,44.8112,-86.05474,HSC,,,"website, area natural and cultural history, lumber industry, and Scolnik House, a Depression-era period house",,https://en.wikipedia.org/wiki/Lakeshore_Museum_Center?action=edit&redlink=1,Leelanau,Muskegon
Isle Royale National Park,47.12262,-88.56567,HSC,,,,,,Houghton,
River Raisin National Battlefield-Visitor Center,41.91328,-83.37947,HSC,,,"website, history of the St. Mary's River and its inhabitants",,https://en.wikipedia.org/wiki/River_Of_History_Museum?action=edit&redlink=1,Monroe,Sault Ste. Marie
Pictured Rocks National Lakeshore Headquarters,46.41131,-86.65393,HSC,,,"website, area natural and cultural history, lumber industry, and Scolnik House, a Depression-era period house",,https://en.wikipedia.org/wiki/Lakeshore_Museum_Center?action=edit&redlink=1,Alger,Muskegon
Northwest Skirmish Association,45.06326,-85.64868,HSC,,,,,HTTP://WWW.N-SSA.ORG/,Leelanau,
Military Postal History Society,42.54238,-83.20544,HSC,,,,,,Oakland,
Monroe Historical Museum,41.91487,-83.39555,HSC,,,"website, operated by the Monroe County Historical Commission, exhibits include George Armstrong Custer, local military, Native American and settler history; Martha Barker Country Store Museum and Navarre Anderson Trading Post Complex are open only by appointment",,HTTP://WWW.MONROEHISTORICALSOCIETY.ORG/,Monroe,Monroe
Bergland Matchwood Historical Society,46.54665,-89.57425,HSC,,,website,,https://en.wikipedia.org/wiki/Bergland_Administrative_Site,Ontonagon,Bergland
Henry Ford Estate,42.25286,-83.7389,HSC,,,"Features 56 rooms on 5 acres (20,000 m2) of gardens and grounds",,HTTP://WWW.HENRYFORDESTATE.ORG/,Washtenaw,Dearborn
Adventure Mine,46.776,-89.083,Mining,,,Underground tours of a preserved copper mine,,https://en.wikipedia.org/wiki/Adventure_mine,Ontonagon,Greenland Township
Alberta Village Museum,46.6416667,-88.4822222,Open-air,,,"website, Ford's sawmill village & logging industry",,https://en.wikipedia.org/wiki/Alberta_Village_Museum?action=edit&redlink=1,Baraga,Alberta
Albert L. Lorenzo Cultural Center,42.5869782,-82.9200047,Multiple,,,"website, changing exhibits of art, science, culture and history, formerly Macomb Cultural Center, part of Macomb Community College",,https://en.wikipedia.org/wiki/Albert_L._Lorenzo_Cultural_Center?action=edit&redlink=1,Macomb,Clinton Township
Alden B. Dow Home & Studio,43.6241,-84.2533,Historic house,,,Private residence of noted 20th-century architect Alden B. Dow,,https://en.wikipedia.org/wiki/Alden_Dow_House_and_Studio,Midland,Midland
All Around the African World Museum,42.7338254,-84.5546295,African American,,,[4],,https://en.wikipedia.org/wiki/All_Around_the_African_World_Museum?action=edit&redlink=1,Ingham,Lansing
Alpine Township Historical Museum,43.0581342,-85.6900678,Local history,,,"Operated by the Alpine Township Historical Commission, 1860 former town hall[6]",,https://en.wikipedia.org/wiki/Alpine_Township_Historical_Museum?action=edit&redlink=1,Kent,Alpine Township
Amasa Historical Society Museum,46.2324679,-88.4485052,Local history,,,[7],,https://en.wikipedia.org/wiki/Amasa_Historical_Society_Museum?action=edit&redlink=1,Iron,Amasa
Anton Art Center,42.5996071,-82.8803428,Art,,,"Community art center, exhibitions of local, national and international artists",,https://en.wikipedia.org/wiki/Anton_Art_Center,Macomb,Mount Clemens
Astor House Museum,47.4682255,-87.8922208,Local history,,,"website, antique dolls, toys, American Indian artifacts, mining and fishing artifacts",,https://en.wikipedia.org/wiki/Astor_House_Museum?action=edit&redlink=1,Keweenaw,Copper Harbor
Bammert Blacksmith Shop,47.3923737,-88.2765271,Technology,,,"website, tools & equipment, operated by the Keweenaw County Historical Society; participating institution in Keweenaw National Historical Park",,https://en.wikipedia.org/wiki/Bammert_Blacksmith_Shop?action=edit&redlink=1,Keweenaw,Eagle Harbor Township
Beaumier Upper Peninsula Heritage Center,46.4481521,-87.6305899,Local history,,,"website, located in 105 Cohodas Hall at Northern Michigan University, history and culture of the Upper Peninsula",,https://en.wikipedia.org/wiki/Beaumier_Upper_Peninsula_Heritage_Center?action=edit&redlink=1,Marquette,Marquette
Bellaire Historical Museum,44.976707,-85.2096194,Local history,,,Operated by the Bellaire Area Historical Society in the lower level of the Bellaire Community Hall[9],,https://en.wikipedia.org/wiki/Bellaire_Historical_Museum?action=edit&redlink=1,Antrim,Bellaire
Berkley Historical Museum,42.5025106,-83.1835578,Local history,,,"website, located in the old Fire Hall at City Hall",,https://en.wikipedia.org/wiki/Berkley_Historical_Museum?action=edit&redlink=1,Oakland,Berkley
Bottle-Cap Museum,44.661517,-84.714637,Ephemera,,,"website, Coca-Cola memorabilia inside Dawson and Stevens Classic 50's Diner",,https://en.wikipedia.org/wiki/Bottle-Cap_Museum?action=edit&redlink=1,Crawford,Grayling
Boyne City Historical Museum,45.216675,-85.013942,Local history,,,[10],,https://en.wikipedia.org/wiki/Boyne_City_Historical_Museum?action=edit&redlink=1,Charlevoix,Boyne City
Bunert One-Room School House Museum,42.49916667,-82.97583333,School,,,"Operated by the Warren Historical Society, late 19th-century one-room school",,https://en.wikipedia.org/wiki/Warren_Township_District_No._4_School,Macomb,Warren
Caledonia Historical Museum,42.7891193,-85.5163391,Local history,,,"website, operated by the Caledonia Historical Society",,https://en.wikipedia.org/wiki/Caledonia_Historical_Museum?action=edit&redlink=1,Kent,Caledonia
Cannery Boathouse Museum,44.89888889,-86.03027778,Maritime,,,"Part of Sleeping Bear Dunes National Lakeshore, exhibit of Great Lakes small craft",,https://en.wikipedia.org/wiki/Cannery_Boathouse_Museum,Leelanau,Glen Haven
Carl T. Johnson Hunting And Fishing Center,44.23805556,-85.45222222,Natural history,,,"Wildlife dioramas, history of hunting and fishing in Michigan",,https://en.wikipedia.org/wiki/Mitchell_State_Park#Carl_T._Johnson_Hunting_and_Fishing_Center,Wexford,Cadillac
Castle Farms,45.27861111,-85.22944444,Historic house,,,"1918 castle-style house and gardens, open for tours",,https://en.wikipedia.org/wiki/Castle_Farms,Charlevoix,Charlevoix
Cell Block 7 Prison Museum,42.2575,-84.40583333,Prison,,,Prison exhibit within the walls of an operating penitentiary,,https://en.wikipedia.org/wiki/Michigan_State_Prison,Jackson,Jackson
Central Mine and Village,47.40583333,-88.19944444,Open-air,,,"Historic mining village, operated by the Keweenaw County Historical Society; participating institution in Keweenaw National Historical Park",,https://en.wikipedia.org/wiki/Central_Mine_Historic_District,Keweenaw,Eagle Harbor Township
Chassell Heritage Center,47.03111111,-88.52583333,Local history,,,Participating institution in Keweenaw National Historical Park,,https://en.wikipedia.org/wiki/Chassell_School_Complex,Houghton,Chassell
Civilian Conservation Corps Museum,44.51388,-84.75777,History,,,Located in North Higgins Lake State Park and interpreted in cooperation with the Michigan Department of Natural Resources,,https://en.wikipedia.org/wiki/North_Higgins_Lake_State_Park,Crawford,Roscommon
Clarkston Heritage Museum,42.735863,-83.4188304,Local history,,,"website, operated by the Clarkston Community Historical Society",,https://en.wikipedia.org/wiki/Clarkston_Heritage_Museum?action=edit&redlink=1,Oakland,Clarkston
Coppertown USA Mining Museum,47.15638889,-88.56361111,Industry - Mining,,,"website, copper mining and the Calumet & Hecla Mining Company, participating institution in Keweenaw National Historical Park",,https://en.wikipedia.org/wiki/Keweenaw_National_Historical_Park#Coppertown_USA_Mining_Museum,Houghton,Calumet
Cornish Pump Engine & Mining Museum,45.825,-88.07,Industry - Mining,,,"Largest steam-driven pumping engine built in the US, operated by the Menominee Range Historical Foundation",,https://en.wikipedia.org/wiki/Chapin_Mine_Steam_Pump_Engine,Dickinson,Iron Mountain
Cranbrook House and Gardens,42.56761111,-83.24358333,Historic house,,,"1908 English Arts and Crafts-style mansion and 40 acres (160,000 m2) of gardens",,https://en.wikipedia.org/wiki/Cranbrook_House_and_Gardens,Oakland,Bloomfield Hills
Crocker House Museum,42.5972563,-82.8779754,Local history,,,"website, operated by the Macomb County Historical Society, late Victorian home-life experience",,https://en.wikipedia.org/wiki/Crocker_House_Museum?action=edit&redlink=1,Macomb,Mount Clemens
Crooked Tree Arts Center,45.3742684,-84.9527701,Art,,,"website, visual and performing arts center",,https://en.wikipedia.org/wiki/Crooked_Tree_Arts_Center?action=edit&redlink=1,Emmet,Petoskey
Cross in the Woods & Nun Doll Museum,46.184195,-86.4736093,Religious,,,Catholic shrine with museum of dolls dressed in various nun's habits,,https://en.wikipedia.org/wiki/Cross_in_the_Woods,Schoolcraft,Indian River
Davis Brothers Farm Shop Museum,43.0991507,-83.4023247,Agriculture,,,"website, operated by the Lapeer County Historical Society, farm equipment, exhibits and demonstrations",,https://en.wikipedia.org/wiki/Davis_Brothers_Farm_Shop_Museum?action=edit&redlink=1,Lapeer,Oregon Township
Deckerville Historical Museum,43.526686,-82.735211,Local history,,,[19],,https://en.wikipedia.org/wiki/Deckerville_Historical_Museum?action=edit&redlink=1,Sanilac,Deckerville
Dee Stadium Hockey History Museum,47.12290556,-88.564975,Sports,,,"History of the site and area ice hockey, located in the Kenner Ruohonen Memorial History Room, open in the summer",,https://en.wikipedia.org/wiki/Dee_Stadium,Houghton,Houghton
Delaware Copper Mine,47.42429722,-88.09867778,Industry - Mining,,,Copper mine tours and exhibits,,https://en.wikipedia.org/wiki/Delaware_Mine,Keweenaw,Copper Harbor
Dowagiac Area History Museum,41.9824681,-86.1088809,Local history,,,"website, formerly the Museum at Southwestern Michigan College, history of Dowagiac, Cass County and Sister Lakes",,https://en.wikipedia.org/wiki/Dowagiac_Area_History_Museum?action=edit&redlink=1,Cass,Dowagiac
Edsel and Eleanor Ford House,42.45408333,-82.869,Historic house,,,"Mansion with fine and decorative arts, many outbuildings and gardens on 87 acres (350,000 m2)",,https://en.wikipedia.org/wiki/Edsel_and_Eleanor_Ford_House,Macomb,Grosse Pointe Shores
Engine House No. 5 Museum,42.982786,-85.9498141,Firefighting,,,website,,https://en.wikipedia.org/wiki/Engine_House_No._5_Museum?action=edit&redlink=1,Ottawa,Allendale Charter Township
Finnish American Heritage Center,47.1276,-88.5894,Art,,,"Part of Finlandia University, Finnish art gallery, culture,[26] participating institution in Keweenaw National Historical Park",,https://en.wikipedia.org/wiki/Finnish_American_Heritage_Center,Houghton,Hancock
Fire Barn Museum,43.2326364,-86.2560142,Firefighting,,,"website, operated by Lakeshore Museum Center, firefighting equipment, gear",,https://en.wikipedia.org/wiki/Fire_Barn_Museum?action=edit&redlink=1,Muskegon,Muskegon
Fort de Buade Museum,45.8686681,-84.7278146,Native American,,,"website, specializes in Native American objects of the pre-contact period, through the eras of the French, British and Americans of the area",,https://en.wikipedia.org/wiki/Fort_de_Buade_Museum?action=edit&redlink=1,Mackinac,St. Ignace
Fort Wilkins and Copper Harbor Lighthouse,47.46722222,-87.86972222,Fort,,,"19 restored buildings, costumed interpreters, copper mining sites and lighthouse, participating institution in Keweenaw National Historical Park",,https://en.wikipedia.org/wiki/Fort_Wilkins_and_Copper_Harbor_Lighthouse,Keweenaw,Copper Harbor
Gaines Township Museum,42.9127617,-83.8691888,Local history,,,"Historic one-room school, operated by the Gaines Charter Township Historical Society[28]",,https://en.wikipedia.org/wiki/Gaines_Township_Museum?action=edit&redlink=1,Genesee,Gaines Township
Gerald E. Eddy Discovery Center,42.36138889,-84.19083333,Natural history,,,Geology and area habitats,,https://en.wikipedia.org/wiki/Gerald_E._Eddy_Discovery_Center,Jackson,Chelsea
Gibraltar Historical Museum,42.0922868,-83.1895598,Local history,,,website,,https://en.wikipedia.org/wiki/Gibraltar_Historical_Museum?action=edit&redlink=1,Wayne,Gibraltar
Gillette Sand Dune Visitor Center,43.12388889,-86.265,Natural history,,,Visitor center for Hoffmaster State Park,,https://en.wikipedia.org/wiki/Hoffmaster_State_Park,Muskegon,Norton Shores
Gitchee Gumee Museum,46.670971,-85.983999,Natural history,,,"website, agates and minerals, local history",,https://en.wikipedia.org/wiki/Gitchee_Gumee_Museum?action=edit&redlink=1,Alger,Grand Marais
Governor Warner Mansion,42.4667566,-83.3814855,Historic house,,,"website, Victorian Italianate mansion and gardens, home of Fred M. Warner",,https://en.wikipedia.org/wiki/Governor_Warner_Mansion?action=edit&redlink=1,Oakland,Farmington
Greenmead Historical Park,42.43805556,-83.41805556,Open-air,,,"1841 Greek Revival farmhouse and outbuildings on 92 acres (370,000 m2)",,https://en.wikipedia.org/wiki/Greenmead_Historical_Park,Wayne,Livonia
Hadley House Museum,42.7919727,-83.6277255,Local history,,,"website, operated by Holly Historical Society",,https://en.wikipedia.org/wiki/Hadley_House_Museum?action=edit&redlink=1,Oakland,Holly
Hammond House Museum,42.0667135,-85.1360882,Historic house,,,"19th-century house, operated by the Union City Historical Society[31]",,https://en.wikipedia.org/wiki/Hammond_House_Museum?action=edit&redlink=1,Branch,Union City
Hartwick Pines Logging Museum,44.73583333,-84.65666667,Industry,,,"Logging camp buildings, exhibits and period rooms",,https://en.wikipedia.org/wiki/Hartwick_Pines_State_Park,Crawford,Grayling
Heddon Museum,41.9866667,-86.1158333,Sports,,,"website, Heddon fishing lures, reels, rods, advertising",,https://en.wikipedia.org/wiki/Heddon_Museum?action=edit&redlink=1,Cass,Dowagiac
Historic Bowens Mills,42.655327,-85.5167218,Open-air,,,"website, 19-acre (77,000 m2) historical park with grist mill, school house, 1860s house, log cabin, water wheel",,https://en.wikipedia.org/wiki/Historic_Bowens_Mills?action=edit&redlink=1,Barry,Yankee Springs Township
Historic Chapin Mansion,41.82916667,-86.25333333,Historic house,,,1880s Aesthetic Period mansion,,https://en.wikipedia.org/wiki/Henry_A._Chapin_House,Berrien,Niles
Historic Mill Creek Discovery Park,45.73888889,-84.67638889,Multiple,,,"Living history and natural history programs, period settings, discovery centers with interactive technological exhibits, archaeological ruin exhibits and artifact vitrines, interpretive panels, nature trails",,https://en.wikipedia.org/wiki/Historic_Mill_Creek_Discovery_Park,Cheboygan,Mackinaw City
Historic Pelkie Grade School,46.8132658,-88.636521,School,,,"website, operated by the Sturgeon Valley Historical Society",,https://en.wikipedia.org/wiki/Historic_Pelkie_Grade_School?action=edit&redlink=1,Baraga,Pelkie
Hudson Historical Museum,41.855048,-84.3538359,Local history,,,[34],,https://en.wikipedia.org/wiki/Hudson_Historical_Museum?action=edit&redlink=1,Lenawee,Hudson
Inland Seas Education Center,44.9763817,-85.6511429,Natural history,,,"website, history, ecology and economics of the Great Lakes",,https://en.wikipedia.org/wiki/Inland_Seas_Education_Center?action=edit&redlink=1,Leelanau,Suttons Bay
Jenison Historical Museum,42.906688,-85.8201278,Historic house,,,"website, located in the Husband-Hanchett-Tiffany House, operated by the Jenison Historical Association",,https://en.wikipedia.org/wiki/Jenison_Historical_Museum?action=edit&redlink=1,Ottawa,Jenison
John Pahl Historical Village,42.5867203,-85.8861492,Open-air,,,"Operated by the Allegan County Historical Society, located within the Allegan County Fairgrounds, open during the fair and by appointment[35]",,https://en.wikipedia.org/wiki/John_Pahl_Historical_Village?action=edit&redlink=1,Allegan,Allegan
Kalkaska County Museum,44.6780512,-85.1002509,Local history,,,"website, operated by the Kalkaska County Historical Society in a historic depot",,https://en.wikipedia.org/wiki/Kalkaska_County_Museum?action=edit&redlink=1,Kalkaska,Kalkaska
Kent City Museum,43.220024,-85.751154,Railroad,,,"website, operated by the Kent City Area Historical Group",,https://en.wikipedia.org/wiki/Kent_City_Museum?action=edit&redlink=1,Kent,Kent City
Kruizenga Art Museum,42.7874113,-86.0998726,Art,,,Teaching museum on Hope College's campus,,https://en.wikipedia.org/wiki/Kruizenga_Art_Museum,Ottawa,Holland
Lakeview Area Museum,43.442302,-85.27913,Local history,,,"website, operated by the Lakeview Historical Society",,https://en.wikipedia.org/wiki/Lakeview_Area_Museum?action=edit&redlink=1,Montcalm,Lakeview
Laurium Manor Inn,47.2354,-88.4412,Historic house,,,"Tours of the Victorian era hotel, participating institution in Keweenaw National Historical Park",,https://en.wikipedia.org/wiki/Laurium_Manor_Inn,Houghton,Laurium
Lighthouse Keepers House and Museum,46.670971,-85.983999,Maritime,,,Operated by the Grand Marais Historical Society[37],,https://en.wikipedia.org/wiki/Lighthouse_Keepers_House_and_Museum?action=edit&redlink=1,Alger,Grand Marais
Luckhard Museum,43.7258649,-83.4423664,Local history,,,Pioneer & Indian relics[39],,https://en.wikipedia.org/wiki/Luckhard_Museum?action=edit&redlink=1,Huron,Sebewaing
Mackinac Island State Park,45.86666667,-84.61666667,Multiple,,,"Includes Fort Mackinac and Fort Holmes, several museum buildings in historic downtown: McGulpin House, American Fur Company Store & Dr. Beaumont Museum, Biddle House, Benjamin Blacksmith Shop, McGulpin House, and Mission Church",,https://en.wikipedia.org/wiki/Mackinac_Island_State_Park,Mackinac,Mackinac Island
Marilla Museum,44.481669,-85.922581,Open-air,,,"website, Pioneer Place: 1860s fully furnished log house, early 20th-century barn and a full-size replica logger's cabin; operated by the Marilla Historical Society",,https://en.wikipedia.org/wiki/Marilla_Museum?action=edit&redlink=1,Manistee,Copemish
Marshlands Museum and Nature Center,42.07061667,-83.21081111,Natural history,,,Natural and cultural history of Southeast Michigan,,https://en.wikipedia.org/wiki/Lake_Erie_Metropark,Wayne,Brownstown
Mary's City of David Museum,42.1167065,-86.4541894,Religious,,,"website, open-air museum about the House of David Christian commune",,https://en.wikipedia.org/wiki/Mary's_City_of_David_Museum?action=edit&redlink=1,Berrien,Benton Harbor
Martha Barker Country Store Museum,41.9153358,-83.5135665,Store,,,Open by appointment[24],,https://en.wikipedia.org/wiki/Martha_Barker_Country_Store_Museum?action=edit&redlink=1,Monroe,Monroe
Mesick Area Historical Museum,44.405282,-85.713401,Local history,,,website,,https://en.wikipedia.org/wiki/Mesick_Area_Historical_Museum?action=edit&redlink=1,Wexford,Mesick
Michigan Art Walk,43.698078,-85.483656,Art,,,"website, collection of original artwork created by Michigan artists, located at Ferris State University",,https://en.wikipedia.org/wiki/Michigan_Art_Walk?action=edit&redlink=1,Mecosta,Big Rapids
Michigan Masonic Museum and Library,42.9632425,-85.6678639,Masonic,,,"website, includes Masonic photographs, jewels, aprons, charts and carpets",,https://en.wikipedia.org/wiki/Michigan_Masonic_Museum_and_Library?action=edit&redlink=1,Kent,Grand Rapids
Mill Race Historical Village,42.4310816,-83.4832339,Open-air,,,"website, operated by the Northville Historical Society, relocated 19th-century village buildings",,https://en.wikipedia.org/wiki/Mill_Race_Historical_Village?action=edit&redlink=1,Wayne,Northville
Montcalm Heritage Village,43.2500317,-85.1330746,Open air,,,"website, operated by Montcalm Community College, 28 buildings with artifacts from local areas depicting life in Michigan in turn the turn of the 20th Century",,https://en.wikipedia.org/wiki/Montcalm_Heritage_Village?action=edit&redlink=1,Montcalm,Sidney
Munising Falls Interpretive Center,46.42278,-86.62139,Local history,,,"Located in Pictured Rocks National Lakeshore, natural and cultural history of the area",,https://en.wikipedia.org/wiki/Munising_Falls,Alger,Munising
Museum on Main Street,42.2851273,-83.7480296,Local history,,,"website, operated by the Washtenaw County Historical Society",,https://en.wikipedia.org/wiki/Museum_on_Main_Street?action=edit&redlink=1,Washtenaw,Ann Arbor
Muskegon Heritage Museum,43.2341813,-86.2483921,Local history,,,"website, featuring Muskegon's industrial, business and historic homes with working machinery",,https://en.wikipedia.org/wiki/Muskegon_Heritage_Museum?action=edit&redlink=1,Muskegon,Muskegon
Myers School Museum,43.1609623,-85.7303045,Railroad,,,19th-century schoolhouse[45],,https://en.wikipedia.org/wiki/Myers_School_Museum?action=edit&redlink=1,Kent,Sparta Township
National Miniatures Trust Museum,42.4414265,-85.3755605,Toy,,,"website, dolls and miniatures, on the grounds of the Gilmore Car Museum",,https://en.wikipedia.org/wiki/National_Miniatures_Trust_Museum?action=edit&redlink=1,Barry,Hickory Corners
Nelis' Dutch Village,42.8104797,-86.0864626,Culture,,,"website, shopping theme park featuring buildings of authentic Dutch architecture, brick walkways, canals, gardens and special presentations depicting life in a typical village in the Netherlands in the late 19th century; includes Kolean Museum featuring Dutch clothing, farm and cheese making equipment",,https://en.wikipedia.org/wiki/Nelis'_Dutch_Village?action=edit&redlink=1,Ottawa,Holland
Northeast Oakland Historical Museum,42.8247524,-83.2646624,Local history,,,website,,https://en.wikipedia.org/wiki/Northeast_Oakland_Historical_Museum?action=edit&redlink=1,Oakland,Oxford
Oceana County Historical Park,43.6819514,-86.4197997,Open-air,,,"Operated by the Oceana County Historical & Genealogical Society, includes five museums: Swift Lathers Museum, Tool Museum, Boynton Cottage Museum, Transportation Museum, Robinson Museum",,https://en.wikipedia.org/wiki/Oceana_County_Historical_&_Genealogical_Society?action=edit&redlink=1,Oceana,Mears
Old Post Office Museum,46.671434,-85.9846528,Local history,,,Operated by the Grand Marais Historical Society[37],,https://en.wikipedia.org/wiki/Old_Post_Office_Museum?action=edit&redlink=1,Alger,Grand Marais
Old Victoria,46.70267222,-89.22692222,Historic house,,,"Victorian copper mining town, participating institution in Keweenaw National Historical Park",,"https://en.wikipedia.org/wiki/Victoria_Mine,_Michigan",Ontonagon,Rockland Township
Ortonville Historical Society Museum,42.8522506,-83.4430002,Local history,,,"website, housed in an old mill",,https://en.wikipedia.org/wiki/Ortonville_Historical_Society_Museum?action=edit&redlink=1,Oakland,Ortonville
Ottawa Visitor Center,46.23,-88.95,Natural history,,,"Visitor center for Ottawa National Forest, environmental education programs, maps, area information, interpretive exhibits, accessible trails",,https://en.wikipedia.org/wiki/Ottawa_National_Forest#Ottawa_Visitor_Center,Iron,Watersmeet
Our Savior's Historical Museum,44.24361111,-86.32083333,Local history,,,Historic Danish Evangelical Lutheran church with exhibits on early Scandinavian settlement in the area,,https://en.wikipedia.org/wiki/Our_Saviour's_Evangelical_Lutheran_Church,Manistee,Manistee
Paint Creek Center for the Arts,42.680588,-83.1338214,Art,,,"website, visual arts center",,https://en.wikipedia.org/wiki/Paint_Creek_Center_for_the_Arts?action=edit&redlink=1,Oakland,Rochester
Parker Mill,42.27388889,-83.66861111,Mill,,,Late 19th-century working grain mill,,https://en.wikipedia.org/wiki/Parker_Mill,Washtenaw,Ann Arbor
Pascoe House Museum,46.406606,-87.97569,Historic house,,,"website, operated by the Republic Area Historical Society",,https://en.wikipedia.org/wiki/Pascoe_House_Museum?action=edit&redlink=1,Marquette,Republic
Phoenix Church and Museum,47.38944444,-88.27611111,Religious,,,Restored 19th-century Catholic church,,"https://en.wikipedia.org/wiki/Church_of_the_Assumption_(Phoenix,_Michigan)",Keweenaw,Phoenix
Pine Forest Historical Museum,43.408087,-85.038632,Local history,,,[53],,https://en.wikipedia.org/wiki/Pine_Forest_Historical_Museum?action=edit&redlink=1,Montcalm,Edmore
Pioneer Log Village,43.8020626,-83.0004744,Open-air,,,"website, operated by the Bad Axe Historical Society, pioneer home, general store, school, chapel, barn and blacksmith shop",,https://en.wikipedia.org/wiki/Pioneer_Log_Village?action=edit&redlink=1,Huron,Bad Axe
Podunk House & Pioneer Museum,42.7978061,-83.7049498,Local history,,,"website, home and museum for the Pioneer Memorial Association of Fenton & Mundy Townships; 1837 Greek-revival pioneer family home, museum with tools and artifacts of early settlers",,https://en.wikipedia.org/wiki/Podunk_House_&_Pioneer_Museum?action=edit&redlink=1,Genesee,Fenton
Rathbone School,47.45666667,-88.16277778,School,,,"Operated by the Keweenaw County Historical Society, 19th-century period one-room school, participating institution in Keweenaw National Historical Park",,https://en.wikipedia.org/wiki/Rathbone_School,Keweenaw,Eagle Harbor Township
Rentschler Farm Museum,42.17638889,-83.76083333,"Agriculture, open-air",,,"Operated by the Saline Historical Society, farm living between the years 1900–1950 with a house and 11 farm outbuildings",,https://en.wikipedia.org/wiki/Rentschler_Farm_Museum,Washtenaw,Saline
Rockland Township Historical Museum,46.7014842,-89.2394906,Local history,,,[54],,https://en.wikipedia.org/wiki/Rockland_Township_Historical_Museum?action=edit&redlink=1,Ontonagon,Rockland Township
Saarinen House + Gardens,42.583645,-83.2454883,Historic house,,,"website, home and studio designed by Eliel Saarinen, part of the Cranbrook Art Museum",,https://en.wikipedia.org/wiki/Saarinen_House?action=edit&redlink=1,Oakland,Bloomfield Hills
Saint Joseph Mercy Health Exploration Station,42.7269261,-84.6433146,Medical,,,"website, health education learning center, open for individuals and families to tour the exhibit gallery on the fourth Thursday of each month",,https://en.wikipedia.org/wiki/Saint_Joseph_Mercy_Health_Exploration_Station?action=edit&redlink=1,Eaton,Canton
Samuel Adams Historical Museum,42.1372282,-83.3634084,Local history,,,Operated by the Huron Township Historical Society[5][57],,https://en.wikipedia.org/wiki/Samuel_Adams_Historical_Museum?action=edit&redlink=1,Wayne,Huron Township
Samuel Kingsley House,42.2222614,-83.3965995,Historic house,,,"1855 house, stop along the Underground Railroad[5]",,https://en.wikipedia.org/wiki/Samuel_Kingsley_House?action=edit&redlink=1,Wayne,Romulus
(SCENE) Metrospace,42.731981,-84.482153,Art,,,Alternative arts center,,https://en.wikipedia.org/wiki/(SCENE)_Metrospace,Ingham,East Lansing
Schmaltz Geology Museum and Dinosaur Park,42.291707,-85.5872286,Natural History (geology and fossils),,,Part of Western Michigan University,,,Kalamazoo,Kalamazoo
Selinsky-Green Farmhouse Museum,42.4969652,-82.8890965,Historic house,,,"website, late 19th-century period immigrant's house, located behind the St. Clair Shores Public Library, operated by the St. Clair Shores Historical Commission[60]",,https://en.wikipedia.org/wiki/Selinsky-Green_Farmhouse_Museum?action=edit&redlink=1,Macomb,Saint Clair Shores
SS City of Milwaukee,44.25944444,-86.315,Museum ship,,,Great Lakes railroad car ferry,,https://en.wikipedia.org/wiki/SS_City_of_Milwaukee,Manistee,Manistee
St. Mary's Historical Museum,43.7152941,-82.7402112,Historic house,,,"Polish settler log cabin, open by appointment[62]",,https://en.wikipedia.org/wiki/St._Mary's_Historical_Museum?action=edit&redlink=1,Huron,Ruth
St. Mary's Preparatory Museums,42.59388889,-83.35777778,Multiple,,,"Includes nine small museums of Polish military and political history, gallery of Polish art",,https://en.wikipedia.org/wiki/St._Mary's_Preparatory,Oakland,Orchard Lake
Steam Railroading Institute,42.99438,-84.17028,Railroad,,,"Heritage railroad with steam and diesel locomotives, freight and other cars",,https://en.wikipedia.org/wiki/Steam_Railroading_Institute,Shiawassee,Owosso
Steiner Museum,44.7533751,-84.0518459,Industry - Logging,,,Logging and pioneering history and artifacts[63],,https://en.wikipedia.org/wiki/Steiner_Museum?action=edit&redlink=1,Oscoda,Fairview
Stockton Center at Spring Grove,43.0161693,-83.6900211,Historic house,,,website,,https://en.wikipedia.org/wiki/Stockton_Center_at_Spring_Grove?action=edit&redlink=1,Genesee,Flint
Straight Farmhouse,42.3255929,-83.3310422,Local history,,,"website, home of the Garden City Historical Museum",,https://en.wikipedia.org/wiki/Straight_Farmhouse?action=edit&redlink=1,Wayne,Garden City
Tahquamenon Logging Museum,46.3704541,-85.5103571,Industry - Logging,,,"website, Michigan's early logging industry, includes a cook shack, original C.C.C. building, open seasonally",,https://en.wikipedia.org/wiki/Tahquamenon_Logging_Museum?action=edit&redlink=1,Luce,Newberry
Ten Cent Barn Museum,43.710016,-82.931607,Local history,,,"website, operated by the Ubly Area Historical Society",,https://en.wikipedia.org/wiki/Ten_Cent_Barn_Museum?action=edit&redlink=1,Huron,Ubly
Totem Village Museum,45.8686681,-84.7278146,Native American,,,Collection of totem poles and lumbering artifacts in a gift shop[67][68][69],,https://en.wikipedia.org/wiki/Totem_Village_Museum?action=edit&redlink=1,Mackinac,St. Ignace
Tower of History,46.4982,-84.3405,Local history,,,"website, observation tower and exhibits of early Missionaries, local & Native American history",,https://en.wikipedia.org/wiki/Tower_of_History,Chippewa,Sault Ste. Marie
Travelers Club International Restaurant & Tuba Museum,42.7221021,-84.4275259,Music,,,"website, restaurant and collection of tubas, sousaphones, French horns",,https://en.wikipedia.org/wiki/Travelers_Club_International_Restaurant_&_Tuba_Museum?action=edit&redlink=1,Ingham,Okemos
U.P. Steam & Gas Engine Antique Village & Agriculture Museum,45.7455707,-87.0647434,Technology,,,"website, operated by the U.P. Steam and Gas Engine Association, antique agriculture equipment and artifacts",,https://en.wikipedia.org/wiki/U.P._Steam_&_Gas_Engine_Antique_Village_&_Agriculture_Museum?action=edit&redlink=1,Delta,Escanaba
USCGC Bramble (WLB-392),42.96,-82.42555556,Museum ship,,,180-foot (55 m) seagoing buoy tender,,https://en.wikipedia.org/wiki/USCGC_Bramble_(WLB-392),St. Clair,Port Huron
USCGC Acacia,44.259444,-86.315,Museum ship,,,USCG seagoing buoy tender,,https://en.wikipedia.org/wiki/USCGC_Acacia_(WLB-406),Manistee,Manistee
Walker Tavern,42.06,-84.225,History,,,Exhibits focus on Michigan's frontier settlement and stagecoach eras during the first half of the 19th century,,https://en.wikipedia.org/wiki/Walker_Tavern,Lenawee,Brooklyn
Water Street Historic Block,46.4976734,-84.3476583,Historic houses,,,"website, cooperative effort between the Chippewa County Historical Society, Sault Historic Sites, & the City of Sault Ste. Marie; includes Johnston House & Henry Rowe Schoolcraft office",,https://en.wikipedia.org/wiki/Water_Street_Historic_Block?action=edit&redlink=1,Chippewa,Sault Ste. Marie
W.K. Kellogg Manor House,42.40537,-85.4012,Historic house,,,"Part of Kellogg Biological Station, 32-acre (130,000 m2) estate includes a Tudor Revival house, carriage house, chauffeur's cottage, boathouse, Dutch windmill, lakeside pagoda and several gardens",,https://en.wikipedia.org/wiki/Kellogg_Biological_Station#W.K._Kellogg_Manor_House,Kalamazoo,Gull Lake
West Shore Fishing Museum,45.2956175,-87.4378762,Industry - Fishing,,,Operated by the Bailey Property Preservation Association[73],,https://en.wikipedia.org/wiki/West_Shore_Fishing_Museum?action=edit&redlink=1,Menominee,Cedar River
White Rock School Museum,43.7100185,-82.6096483,Local history,,,"website, operated by the White Rock Historical Society",,,Huron,White Rock
William Bonifas Fine Arts Center,45.7449415,-87.0570823,Art,,,"website, gallery exhibits, art workshops, classes and theatrical productions",,https://en.wikipedia.org/wiki/William_Bonifas_Fine_Arts_Center?action=edit&redlink=1,Delta,Escanaba
William G. Thompson House Museum,41.85166667,-84.35388889,Historic house,,,"Late 19th-century home of Detroit mayor William G. Thompson, contains Japanese woodblocks, Chinese Jade and hard stone carvings, cloisonné vases, English and Continental art, antique porcelain and glass,",,https://en.wikipedia.org/wiki/Gamaliel_Thompson_House,Lenawee,Hudson
William L. Clements Library,42.2755,-83.7379,History,,,"Part of the University of Michigan, exhibits about American history from the Age of Discovery into the 20th century",,https://en.wikipedia.org/wiki/William_L._Clements_Library,Washtenaw,Ann Arbor
Wills Ste. Claire Auto Museum,42.9108647,-82.4861734,Automotive,,,History of Childe Wills and the Wills Sainte Claire automobile,,https://en.wikipedia.org/wiki/Wills_Sainte_Claire,St. Clair,Marysville
Wolcott Mill Metropark,42.77552,-82.94215,Agriculture,,,"Park features historic mill, barn museum of agriculture, working farm",,https://en.wikipedia.org/wiki/Wolcott_Mill_Metropark,Macomb,Ray Township
Ye Ole Carriage Shop,42.2050383,-84.5527387,Automotive,,,"website, open by appointment, ""Jackson made"" automobiles and a large Coca-Cola collection",,https://en.wikipedia.org/wiki/Ye_Ole_Carriage_Shop?action=edit&redlink=1,Jackson,Spring Arbor
