name,latitude,longitude,subtype,year,description,image_url,official_url,county,city
Botsford Inn,42.444076235000125,-83.32302740499996,building,2012,"Botsford Inn
This historic structure was built as a home in 1836 by Orrin Weston and converted into a tavern by Stephen Jennings in 1841. Milton Botsford bought what was by then called the Sixteen Mile House in 1860. It was a stagecoach stop popular with drovers, farmers and travelers on the Grand River plank road. Henry Ford, who in the 1880s attended dances at the inn with his future wife, Clara, bought it in 1924. He renovated the inn to reflect the Victorian era. He first used it as a private retreat. Later he opened it to the public. The Anhut family bought the property in 1951, operatin…",https://services3.arcgis.com/Jdnp1TjADvSDxMAX/arcgis/rest/services/Historical_Markers_Public_View/FeatureServer/0/13/attachments/2387,https://catalog.archives.gov/id/25340252,Oakland,Farmington
"Learned, Charles G., House",44.04233834000013,-82.99370720499996,building,2012,"Charles G. Learned
<div>A native of New York, contractor Charles G. Learned helped build New York City’s waterworks system and the Erie Canal. Around 1857, Learned and his brother-in-law purchased several thousand acres of pine land in Michigan’s Thumb area. Two years later, Learned and his wife, Maria Raymond, came to Port Austin and bought a house and three acres at this site. Learned’s cutover pine land became a 2,000-acre farm where he prospered as an agriculturalist and dairy farmer. With profits from his lumbering and farming enterprises Learned enlarged and updated this house in the Fr…",https://services3.arcgis.com/Jdnp1TjADvSDxMAX/arcgis/rest/services/Historical_Markers_Public_View/FeatureServer/0/14/attachments/19,https://catalog.archives.gov/id/25339451,Huron,Port Austin
"Van Wagoner, Murray D., Memorial Bridge",41.712367019000055,-84.21170168899992,structure,2012,"Taft Memorial Highway
In 1930 organizers from Michigan, Ohio, Kentucky, Tennessee, Georgia, and Florida formed the Taft Memorial Highway Association to promote automobile tourism.  Named after the nation’s twenty-seventh president, William Howard Taft, the highway stretched from Sault Ste. Marie, Michigan, to Fort Myers Beach, Florida.  Inspired by hundreds of similar associations across the country, founding members lobbied officials for modern roads and bridges along their selected route.  Morenci organizers participated actively in the association.  Although the association ceased operatio…",,https://catalog.archives.gov/id/25338283,Lenawee,Morenci
"Swayze, E. S., Drugstore/Otisville Mason Lodge No. 401",43.16659317100009,-83.52406817199989,building,2012,"E. S. Swayze Drugstore
E. S. Swayze opened a drugstore on this site prior to 1870.  When the store burned in 1874, Swayze built this one.  Members of the Free Methodist Church used the second-floor meeting hall for services from 1887 to 1890.  In 1903 Masonic Lodge #401 and the Order of the Eastern Star bought the building, which they owned until 1970.  This intact commercial building is listed in the National Register of Historic Places.",,https://catalog.archives.gov/id/25337856,Genesee,Otisville
Adrian Engine House No. 1,41.8972632550001,-84.03600228499994,building,2012,"Adrian Engine House No. 1
In 1855, local architect and builder O.P. Smith designed and constructed Engine House No. 1. An 1867 renovation increased the hose-drying tower’s height from twenty to seventy feet, making it a town landmark. Italianate elements are included in the Romanesque Revival building. When the Fire Department stopped using the engine house in 1987, it was Michigan’s oldest fire hall in continuous use. It was listed in the National Register of Historic Places in 1989.

Adrian Fire Department
Adrian founded its fire department in 1841. By 1851, it had 102 male volunteers, who…",https://services3.arcgis.com/Jdnp1TjADvSDxMAX/arcgis/rest/services/Historical_Markers_Public_View/FeatureServer/0/36/attachments/44,https://catalog.archives.gov/id/25339898,Lenawee,Adrian
Livingston County Courthouse,42.60724102000005,-83.92811375199989,building,2012,"County Courthouse
Albert E. French designed this two-and-a-half-story brick and stone building. This edifice, completed in 1890, shows influence of Richardsonian architecture and has maintained many of its original Victorian furnishings. Peter and Marie Cowdry donated the land for the courthouse square with the provision that it revert to their heirs if no longer used for a courthouse. Local citizens presented the clock to the county as a gift. The people of Livingston County voted in 1976 to restore their courthouse, which is an area landmark.",https://services3.arcgis.com/Jdnp1TjADvSDxMAX/arcgis/rest/services/Historical_Markers_Public_View/FeatureServer/0/38/attachments/49,https://catalog.archives.gov/id/25339939,Livingston,Howell
Mormon Print Shop,45.746242548000176,-85.52106102499988,building,2012,"Mormon Print Shop
This building was erected in 1850, by James Strang and his followers. Here, during the 1850s, these Mormon dissenters published religious works and two newspapers, the Northern Islander and the Daily Northern Islander. Strang’s group had settled on Beaver Island in 1846 after breaking away from the Mormons led by Brigham Young. In 1850 Strang was declared “king” of his community, which made up the majority of the population on the island. In 1856 Strang was fatally shot by two disenchanted followers. In the wake of the assassination, an angry mob from the mainland stormed Be…",https://services3.arcgis.com/Jdnp1TjADvSDxMAX/arcgis/rest/services/Historical_Markers_Public_View/FeatureServer/0/48/attachments/2308,https://catalog.archives.gov/id/25339116,Charlevoix,St. James
Saint Joseph Church and Shrine,42.05683604200015,-84.16416640799997,district,2012,"St. Joseph's Church
St. Joseph’s Church originated as a missionary church during the 1850s. Priests from Adrian, Clinton, Manchester, Tecumseh, and Monroe served the parish until the first resident priest arrived in 1854. The original church, which is still part of the present structure, was constructed in 1854 by Irish pioneers. In 1863 the first Mass was held in the church.  The tower and stained glass windows were added in 1911. In 1928 Father Joseph Pfeffer from St. Mary’s in Manchester served here and oversaw the enlargement and remodeling of the church to its present form. The transept…",,https://catalog.archives.gov/id/25339876,Lenawee,Cambridge Township
Lenawee County Courthouse,41.90210169499999,-84.03505503899999,building,2012,"County Courthouse
Lenawee County was first settled in 1824 at Tecumseh, which the territorial legislature subsequently made the county seat. Pioneers, mostly from upper New York State, then established Blissfield and Adrian, the latter called Logan. The largest Indian tribe in the area was the Potawatomi. In 1838 the first state legislature moved the Lenawee seat of justice from Tecumseh to Adrian. The first courthouse in Adrian was built in 1837 but burned in 1852. Immediately purchasing this site, formerly the western terminus of the Erie and Kalamazoo Railroad, the county erected a tempora…",,https://catalog.archives.gov/id/25339868,Lenawee,Adrian
Lakeside Inn,41.843208407000084,-86.67878850799997,building,2012,"Lakeside Inn
Known as Ames Grove, this property served as a picnic ground and recreation area beginning in the 1880s. John Aylesworth purchased the property in 1901 and opened the Lakeside Inn in this building as early as 1915. The hotel once had its own zoo and extensive gardens. During the 1930s and 1940s Chicago orchestras played at the inn. The Lakeside Center for the Arts occupied the premises from 1968 to 1994 and hosted artists from around the world. In 1995 the inn was restored to its 1920s appearance.",https://services3.arcgis.com/Jdnp1TjADvSDxMAX/arcgis/rest/services/Historical_Markers_Public_View/FeatureServer/0/95/attachments/115,https://catalog.archives.gov/id/25338942,Berrien,Lakeside
"McColl, James, House",43.12681759000004,-82.79859309599995,building,2012,"James McColl House
This Queen Anne-style structure was erected in 1899 by Scottish-born James Livingston. He gave the house to his daughter, Louise Livingston McColl. During the late nineteenth century Livingston and his son-in-law, James McColl, produced linseed oil and twine in their flax mills in Michigan and Canada. At the time this house was built, McColl was also village president. The elaborate wood-frame home remained in the McColl family until 1980.",,https://catalog.archives.gov/id/25340501,St. Clair,Yale
Sashabaw Presbyterian Church,42.719282083000145,-83.36210102099994,building,2012,"Sashabaw United Presbyterian Church
This church structure, one of the oldest in the Detroit Presbytery, was erected by a church building society which was organized on January 20, 1855. A fine example of the classic New England church, it was built and furnished for three thousand dollars. It was dedicated in June 1856 as the house of worship for the First Presbyterian Church of Independence. The congregation had been organized in 1840 under the Plan of Union as the Church of Orion and Independence. Because of a small membership, the church in 1932 was dissolved. When Sashabaw United Presbyte…",,https://catalog.archives.gov/id/25340286,Oakland,Clarkston
Gugel Bridge,43.32903149700008,-83.776361604,structure,2012,"Gugel Bridge
Built in 1904, this 204-foot-long bridge carried the Detroit and Saginaw Turnpike over the Cass River in Bridgeport Township.  By around 1919 the pike, which had become the well-traveled Dixie Highway, required a more substantial crossing, and the bridge was replaced and relocated to this site.  The bridge closed in 1979.  William “Tiny” Zehnder had the structure restored as a pedestrian bridge in 2004.  The Gugel Bridge is listed in the National Historic Register of Historic Places.

Gugel Bridge
The Joliet Bridge and Iron Company built at least 25 bridges in Michigan, several o…",https://services3.arcgis.com/Jdnp1TjADvSDxMAX/arcgis/rest/services/Historical_Markers_Public_View/FeatureServer/0/108/attachments/136,https://catalog.archives.gov/id/25340434,Saginaw,Frankenmuth Township
Bellevue Mill,42.445871100000026,-85.01610931199991,building,2012,"Bellevue Gothic Mill
Horatio Hall built this mill for Manlius Mann in 1854. Powered by water from the Battle Creek, a three-ton overshot waterwheel in the basement turned three pairs of millstones that ground grain from local farmers into flour. Before vertical grain elevators came into use, a rope hoist in the western roof peak lifted grain to the appropriate level. It was manually pulled through the corresponding vertical door to be processed. Grain products produced here included corn meal, bran, white, whole wheat and biscuit flour. In 1873 Mann sold the mill to Hiram Ovenshire and Daniel…",https://services3.arcgis.com/Jdnp1TjADvSDxMAX/arcgis/rest/services/Historical_Markers_Public_View/FeatureServer/0/124/attachments/153,https://catalog.archives.gov/id/25339254,Eaton,Bellevue
Bingham District No. 5 Schoolhouse,44.87570379500017,-85.67481450899997,building,2012,"Bingham District No. 5 Schoolhouse
This school was erected in 1877 to replace a log structure built in 1870. The school has two rooms that housed grades one through eight. Older children attended school in Suttons Bay or Traverse City. Sunday school classes met here until 1888 when an Evangelical church was built across the road. Bingham prospered during the lumber boom of the 1870s and 1880s. By 1910 area timber was depleted, and Bingham’s population declined. This building served as a school until after World War II. It has been used as the township hall for many years. In 1987 the school w…",,https://catalog.archives.gov/id/25339840,Leelanau,Bingham
Fifty-Seventh Street Bridge,42.65154750800013,-86.10702704699997,structure,2012,"57th Street Bridge
Spanning the Kalamazoo River, this 422-foot bridge is one of Michigan´s longest pony truss highway bridges, and among the oldest survivng swing bridges in the United States. The Milwaukee Bridge and Iron Company fabricated the $5,000 structure, which has four primary and eight short approach spans, to serve traffic on Fifty-Seventh Street near New Richmond. Of the four primary Warren pony truss spans, three date from 1879 (including a 89-foot long swing span) and one from 1899. To allow boats to pass, a bridge tender rotated open the swing span. The bridge was closed to mot…",https://services3.arcgis.com/Jdnp1TjADvSDxMAX/arcgis/rest/services/Historical_Markers_Public_View/FeatureServer/0/130/attachments/162,https://catalog.archives.gov/id/25338831,Allegan,Manlius Township
Cobbs and Mitchell Building,44.2482719630001,-85.39737828999995,building,2012,"Cobbs and Mitchell Building
In 1905 George D. Mason of Detroit designed this brick and limestone building as a showplace for the products of Cobbs and Mitchell, Incorporated, a nationally known lumber company. Completed in 1907, the building’s interior is finished in nine varieties of native Michigan wood—elm, white maple, bird’s eye maple, sap birch, red birch, curly red birch, red beech, red oak, and hemlock. The company was named for Jonathan W. Cobbs (1828 1898) and William W. Mitchell (1854 1915). Their families were prime movers in the growth of the city of Cadillac and developed much o…",,https://catalog.archives.gov/id/25341186,Wexford,Cadillac
"Porter, John J. and Eva Reynier, Estate",45.179002633000096,-85.16250558699983,district,2012,"John and Eva Porter Estate
Elm Pointe is an eleven acre estate developed c. 1926 by John J. and Eva Porter. The house, designed by Grand Rapids architect J. Alexander McColl, was constructed of lumber milled by the East Jordan Lumber Company. An unusual, contemporary version of Colonial architecture, the house provided a showcase for the company’s products when the Porters entertained clients. Robert W. and Augustine Allen purchased the estate in 1942 to use as a summer home. They built the lodge in the early 1940s. Augustine Allen Westgate donated the property with many of its original furni…",,https://catalog.archives.gov/id/25339100,Charlevoix,South Arm Township
Capital Bank Tower,42.73290648800007,-84.55315387999991,building,2012,"Capital Bank Tower
Upon its completion in 1931, the Capital Bank Tower was hailed by newspapers as the tallest building in the state beyond Detroit. Industrialist and Capital Bank president Ranson E. Olds commissioned the three hundred-foot skyscraper, which housed the bank in the four lower floors and office space in the upper stories. To accommodate the building, the city council amended an ordinance that limited buildings to 150 feet. Hopkins and Dentz of New York designed the building. It was a major investment in Lansing by Olds, despite the Great Depression. The May 30, 1931, Lansing Ca…",https://services3.arcgis.com/Jdnp1TjADvSDxMAX/arcgis/rest/services/Historical_Markers_Public_View/FeatureServer/0/164/attachments/186,https://catalog.archives.gov/id/25337971,Ingham,Lansing
Western Knitting Mills,42.68032099800018,-83.13117218899993,building,2012,"Western Knitting Mills
Paint Creek and the Clinton River provided power for the first woolen mill on this site in 1844. Constructed in 1896, the Western Knitting Mills building was supported by a yarn mill, dormitories and two warehouses. One of the area’s largest employers, the mill produced wool socks, gloves and mittens (1896-1916), wool cloth (1916-1927), and khaki gloves for World War I soldiers. Knitting ceased at this site in 1939.",https://services3.arcgis.com/Jdnp1TjADvSDxMAX/arcgis/rest/services/Historical_Markers_Public_View/FeatureServer/0/169/attachments/191,https://catalog.archives.gov/id/25340276,Oakland,Rochester
"Aldrich, Royal, House",42.48508330000015,-83.35666499199993,building,2012,"Aldrich House
Royal Aldrich, a native of Farmington, New York, built this two-story Greek Revival farmhouse around 1840. His father, Esek, had purchased the 320-acre site from the United States government in 1823. Esek never lived here, but sold the property to Royal, who settled here in 1839. The house retains its original clapboard siding, interior woodwork, doors and hardware. It is supported by fourteen-inch to sixteen-inch walnut beams and a cobblestone basement foundation.",,https://catalog.archives.gov/id/25340218,Oakland,Farmington Hills
Saint Ignatius Loyola Church,47.120388349999985,-88.56492587099996,building,2012,"St. Ignatius Loyola Church
The roots of the Catholic Church in the Portage Lake area are associated with Bishop Frederic Baraga, the “Snowshoe Priest,” who dedicated the original St. Ignatius Loyola Church on July 31, 1859. Before the erection of that building, Catholics in Houghton worshipped in a boarding house and later a school. The present structure was completed in 1902, after four years of construction, under the direction of Father Anton Ivan Rezek. Father (later Monsignor) Rezek came as pastor in 1895 and remained in that position for fifty-one years. One of the most imposing edifice…",,https://catalog.archives.gov/id/25339431,Houghton,Houghton
Hillsdale County Courthouse,41.920557622000054,-84.63156282399996,building,2012,"Hillsdale
The plat for the village of Hillsdale was filed in July 1839, though the first settlement probably occurred a few years previously. Before that time this area had been inhabited mainly by a band of Potawatomi Indians led by their chief, Baw Beese. Jonesville was the first county seat, but Hillsdale gained this distinction in 1843 due to its more central location and the completion of the Michigan Southern Railroad to the town. The first Hillsdale County Fair was held on this site in 1851. Hillsdale College opened for classes in November 1855, and the city received its charter in Apr…",,https://catalog.archives.gov/id/25339375,Hillsdale,Hillsdale
Women's City Club,42.33738965999998,-83.05277885599997,building,2012,"Women's City Club of Detroit
William B. Stratton designed this building for the Women’s City Club of Detroit--founded in 1919 “to promote a broad acquaintance among women” and to further civic and cultural activities. The club, which grew to be one of the largest women’s clubs in the world with a membership of over eight thousand in the 1950s, occupied this building from 1924 to 1975. Mary Chase Perry Stratton’s Pewabic tile is featured throughout.",,https://catalog.archives.gov/id/25341090,Wayne,Detroit
Haymarket Historic District,42.29240655000005,-85.58031633899996,district,2012,"Haymarket Historic District
Development began in the Haymarket district as early as the 1830s and was spurred by the construction of the Grand Rapids and Indiana Railroad Depot in 1870. The district became a hub for retail, wholesaling and light manufacturing. It was the business center for the German community. The Desenberg Block at 251 East Michigan Avenue is Michigan’s only surviving example of the work of Chicago architects Dankmar Adler and Louis Sullivan.",https://services3.arcgis.com/Jdnp1TjADvSDxMAX/arcgis/rest/services/Historical_Markers_Public_View/FeatureServer/0/211/attachments/247,,Kalamazoo,Kalamazoo
Holly Union Depot,42.789124482000034,-83.62407098799999,building,2012,"Holly´s Railroads
In 1854 when “the last rail was laid and the last spike driven in the Detroit and Milwaukee Railway between Detroit and Holly” the Oakland County Advertiser reported “great rejoicing among Hollyites who had lived so long in the woods.” In 1858 Holly became Michigan’s first railroad junction following the completion of a second track, the Flint and Holly Railway. Before long, both railroads had expanded and reorganized, becoming two of Michigan’s leading lines, the Grand Trunk and the Pere Marquette. These routes connected Michigan’s dense old growth pine forests to the indus…",https://services3.arcgis.com/Jdnp1TjADvSDxMAX/arcgis/rest/services/Historical_Markers_Public_View/FeatureServer/0/214/attachments/249,https://catalog.archives.gov/id/25340304,Oakland,Holly
Trinity Episcopal Church,43.48780840600016,-83.39668650499993,building,2012,"Trinity Episcopal Church
This skillfully designed board and batten Gothic Revival church, first served local Episcopalians in 1880. The congregation had been formed in 1871, the year the town was incorporated. During the 1870s Caro grew to be a major commerce center for the Thumb area. By the 1920s, however, church membership dropped and the building was sold to the Nazarenes. In 1974 preservationists saved the church from demolition.",https://services3.arcgis.com/Jdnp1TjADvSDxMAX/arcgis/rest/services/Historical_Markers_Public_View/FeatureServer/0/227/attachments/262,https://catalog.archives.gov/id/25340575,Tuscola,Caro
Fairman Building,43.69816294900016,-85.48178182799995,building,2012,"Fairman Building
Banker Ferdinand Fairman (1833-1902) built this structure in 1880-81.  The upper floors housed offices, and the basement and first floor offered a variety of commercial businesses, including a combined tobacco store-billiard hall and Fairman’s bank.  The block was designed and built by Crocker and Hudnutt of Big Rapids.  Fairman closed his bank in 1889, but opened a new one in 1896 after the financial Panic of 1893 left the city without a bank.",,https://catalog.archives.gov/id/25340109,Mecosta,Big Rapids
"Belding, Alvah N., Memorial Library",43.09812523100003,-85.22615503899993,building,2012,"Alvah N. Belding Library
Alvah N. Belding erected this library in 1917-18 as a memorial to his parents, Hiram and Mary Wilson Belding. Alvah and his brother Hiram began peddling silk around Belding (then Patterson’s Mills) in 1858. With the help of their brother Milo they began the internationally known Belding Brothers and Company in 1863. Michigan’s first silk mill was erected here in 1886 and operated until 1932. This library, which cost fifty thousand dollars, was dedicated and presented to the city of Belding on May 14, 1918. It is the only structure built by the Beldings still being use…",,https://catalog.archives.gov/id/25339557,Ionia,Belding
Ionia County Courthouse,42.98342189700015,-85.06338391399998,building,2012,"Ionia County Courthouse
Completed in 1885, the Ionia County Courthouse is the largest structure ever built of Ionia sandstone. The handsome three-and-half-story courthouse replaced an 1840s hall of justice, which had become inadequate for the county’s needs. David W. Gibbs (1836-1917), of Toledo, Ohio, designed the 120-by-80-foot Classical Revival structure. The $42,380 courthouse was financed by a special tax levy, which was approved in 1883. The first county offices moved into the new building in January 1886 and court was first held in it in late February of that year. Formal dedication se…",,https://catalog.archives.gov/id/25339553,Ionia,Ionia
Genesee County Courthouse and Jail,43.01167144800013,-83.68814073999992,building,2012,"Genesee County Courthouse
Genesee County was organized on March 8, 1836. The previous year the territorial legislature had stipulated that the county seat would be located on the west side of the Saginaw Turnpike “on lands recently deeded by John Todd and wife” to Wait Beach.  Beach would in turn donate two acres of land to the county for “a courthouse and public square, one acre of ground for a burial ground, two churches and two school lots of common size.” The first courthouse and jail was constructed on this site in 1839. In 1866 an inmate in the jail burned the structure. The second cour…",,https://catalog.archives.gov/id/25339300,Genesee,Flint
"Players, The",42.342400926000025,-83.01397442899997,building,2012,"The Players
The Players, a Detroit gentlemen’s amateur theatre club founded in 1911, opened this playhouse in 1926. The handsome building was created by club members William E. Kapp, architect; Corrado Parducci, stone sculptor; and Paul Honoré, muralist. The playhouse, built in the style of the sixteenth-century English Renaissance, was one of the earliest major structures in the area to use cinder block laid in ashlar on its interior walls to give the appearance of cut stone. It has been in continual use as a playhouse since its completion.",,https://catalog.archives.gov/id/25341072,Wayne,Detroit
Rowe House,42.622708014000125,-83.64791015299988,building,2012,"Rowe House
Squire and Dolly Rowe, who settled here in 1835, built this elegant, cut fieldstone house in 1855. The solid cobblestone, beaded mortar joint construction is highlighted by the pleasing and sophisticated use of delicate scrollwork under the eaves and by the smooth chiseled quoins, lintels and sills. Squire Rowe grew to a position of prominence in the community. After twenty-five terms as township supervisor, he served in the state legislature in 1865, the year before his death.",,https://catalog.archives.gov/id/25340214,Oakland,Milford
First Congregational Church,42.563578898000166,-84.8378880979999,building,2012,"First Congregational Church of Charlotte
This handsome brick church was completed in 1881. Seven persons organized the congregation in 1851 in nearby Carmel Township. Moving to Charlotte the next year, they held services in the wooden courthouse and in 1856 built the city’s first place of worship, “The Basswood Church” on Bostwick Avenue. In 1873 construction of the present church began. Members made contributions to assure its finish. Local businessman Joseph Musgrave donated exterior brick originally purchased for his own home.",https://services3.arcgis.com/Jdnp1TjADvSDxMAX/arcgis/rest/services/Historical_Markers_Public_View/FeatureServer/0/332/attachments/406,https://catalog.archives.gov/id/25339250,Eaton,Charlotte
First (Park) Congregational Church,42.96415191600011,-85.66552987199992,building,2012,"First (Park) Congregational Church
On September 18, 1836, twenty-two persons founded one of the first Protestant congregations in Grand Rapids. Initially a Presbyterian parish, it was reorganized under the Congregational polity in 1839. The congregation occupied a former Roman Catholic chapel from 1842 to 1869. The present brick Gothic structure, completed in 1869, is the second oldest existing church building in the city. Additions were made in 1916 and 1950. The church was listed in the National Register of Historic Places in 1982.",,https://catalog.archives.gov/id/25339685,Kent,Grand Rapids
St. Josaphat's Roman Catholic Church Complex,42.35666123600009,-83.05279943999994,building,2012,"St. Josaphat Roman Catholic Church Complex
St. Josaphat’s, founded on June 1, 1889, was the third Polish-speaking Roman Catholic parish established in Detroit. On February 2, 1890, it dedicated a combination church and school building. Within a decade plans were begun for a new church rectory and a convent. In 1901 this late Victorian Romanesque-style church was completed at a cost of one hundred thousand dollars. The church was designed by Joseph G. Kastler and William E. N. Hunter. Local carpenters, Harcus and Lang and the Jermolowicz Brothers, were the builders. The stained glass was craft…",,https://catalog.archives.gov/id/25340858,Wayne,Detroit
Superintendent's Cottage,43.00566950200016,-83.70211066899986,building,2012,"Michigan School for the Deaf
In 1848 the Michigan legislature established the Michigan Asylum for Educating the Deaf and Dumb and the Blind. Flint was selected as the site for the new institution. The first student arrived on February 6, 1854. After the School for the Blind opened in Lansing in 1880, the Flint facility began serving only deaf children. The curriculum, which combined academics and practical training, emphasized “market gardening and general farming.” Boys studied carpentry, printing, tailoring, and farming, while girls learned the sciences of cooking, sewing, darning, and patc…",,https://catalog.archives.gov/id/25339294,Genesee,Flint
Delhi Bridge,42.3336764440001,-83.8092977519999,structure,2012,"Delhi Bridge
The Delhi Bridge was one of many Pratt through truss iron bridges built to order by the Wrought Iron Bridge Company of Canton, Ohio, between 1876 and 1899 to span the Huron River. It was listed in the National Register of Historic Places in 2008. Once common in Michigan, few bridges of this type survived into the twenty-first century. Built to serve the thriving agricultural village of Delhi Mills, it replaced earlier wooden foot and wagon bridges that crossed the river at a traditional ford. In the 1870s Delhi Mills was home to two flouring mills, a saw and woolen mill, a plaste…",https://services3.arcgis.com/Jdnp1TjADvSDxMAX/arcgis/rest/services/Historical_Markers_Public_View/FeatureServer/0/365/attachments/448,https://catalog.archives.gov/id/25340706,Washtenaw,Scio
Battle Creek Post Office,42.31737207700012,-85.18003373699997,building,2012,"Battle Creek Post Office
The second Battle Creek Post Office, one of Albert Kahn’s earliest commissions, opened in 1907. He designed the structure with reinforced concrete supports, an innovation he later used in his internationally renowned factory designs. The building’s stone trim and repeating arches exemplify Second Renaissance Revival architecture. The post office became the Calhoun County Hall of Justice in 1978. The structure was listed on the National Register of Historic Places in 1972.",,https://catalog.archives.gov/id/25339018,Calhoun,Battle Creek
Ada Covered Bridge,42.952251178999965,-85.4861425189999,structure,2012,"Ada Covered Bridge
An act of the legislature in 1867 authorized Ada Township to borrow up to three thousand dollars for the purpose of building or repairing bridges in the township. This bridge was built about that time, apparently by William Holmes. The design for the trusses was patented by Josiah Brown in 1857. A timber bearing his name was uncovered during repair work. The bridge has been threatened by floods a number of times. It is said that farmers used to drive wagons loaded with stone onto the bridge during high water to hold it to the foundation. The bridge was closed to automobile…",https://services3.arcgis.com/Jdnp1TjADvSDxMAX/arcgis/rest/services/Historical_Markers_Public_View/FeatureServer/0/376/attachments/464,https://catalog.archives.gov/id/25339750,Kent,Ada
HURON (lightship),42.989337872000185,-82.4265869379999,structure,2012,"Huron Lightship
Commissioned in 1921, the Huron began service as relief vessel for other Great Lakes lightships. She is ninety-seven feet long, twenty-four feet in beam, and carried a crew of eleven. On clear nights her beacon could be seen for fourteen miles. After serving in northern Lake Michigan the Huron was assigned to the Corsica Shoals in 1935. These shallow waters, six miles north of Port Huron, were the scene of frequent groundings by lake freighters in the late nineteenth century. A lightship station had been established there in 1893, since the manned ships were more reliable than…",,https://catalog.archives.gov/id/25340523,St. Clair,Port Huron
Villa Maria,42.98364477400002,-85.70055564399996,building,2012,"Villa Maria
Villa Maria was founded by the Sisters of the Good Shepherd in 1904 as a haven for destitute young women. Many girls came here seeking shelter from negligent or abusive families; in later years some were referred by social service agencies. Villa Maria’s mission was not only to educate, but to teach self-discipline and offer the women a new start. Residents learned a variety of skills so that they could become independent. The home was first located on Bridge Street and moved to the present site in 1904. In 1985 it became a retirement center.",,https://catalog.archives.gov/id/25339748,Kent,Grand Rapids
St. John's Episcopal Church,43.599752779000134,-84.77786043099997,building,2012,"Saint John's Episcopal Church
A mission was organized in Mount Pleasant in 1876, and in 1882 the present building was begun. Local businessman William N. Brown contributed most of the building funds, and the bricks and lumber were made in his plants. The interior design of St. John’s was adopted from a chapel on the English estate of the Duke of Devonshire. The Right Reverend George D. Gillespie consecrated the church in a three-hour ceremony on January 10, 1884, after which parishioners repaired to a local hotel for a ten-course dinner.",,https://catalog.archives.gov/id/25339572,Isabella,Mount Pleasant
Doughty House,43.60598345600006,-84.77416158499989,building,2012,"Doughty House
Built about 1865 this oldest remaining house in Mount Pleasant was purchased by Wilkinson Doughty in 1869. An early hardware and dry goods merchant, Doughty was a town trustee, and a founder of Central Michigan Normal School, now Central Michigan University. A carefully preserved example of balloon frame pioneer architecture, the house has remained in the family since Doughty’s death in 1909. It was listed on the National Register of Historic Places in 1974.",,https://catalog.archives.gov/id/25339574,Isabella,Mount Pleasant
Mikulich General Store,46.26050504000011,-86.96952565999987,building,2012,"Mikulich General Store
Traunik was the heart of a large ethnic community that developed in the early 1900s, when Slovenians who cut timber settled on the cutover land. This store, built in 1922-23, was purchased by Louis Mikulich in 1925. Mikulich’s store was the social and economic center for the community. In 1927 Mikulich became postmaster and opened an office in the store. His family’s residence was on the second floor. The Mikulich General Store was listed in the National Register of Historic Places in 1993.",,https://catalog.archives.gov/id/25338803,Alger,Traunik
Union Depot,43.23299999500016,-86.25796050599992,building,2012,"Union Depot
The Union Depot opened in 1895 to serve the Chicago and West Michigan Railway; the Muskegon, Grand Rapids and Indiana Railroad; and the Toledo, Saginaw and Muskegon Railroad. A. W. Rush and Son of Grand Rapids designed the Richardsonian Romanesque station. Several national political figures paused at the depot during whistle stop campaigns. In 1896 William Jennings Bryan stopped during the first of three unsuccessful presidential bids. The 1952 campaign brought Republican vice presidential candidate, and future president, Richard M. Nixon to Muskegon, as well as President Harry S…",,https://catalog.archives.gov/id/25340179,Muskegon,Muskegon
Wing House,41.938874182000134,-84.9974570519999,building,2012,"Wing House Museum
Lucius M. Wing (1839-1921), Civil War captain, county sheriff, and prominent businessman, purchased this residence in 1882. That same year he served a term as mayor. Making notable contributions to the industrial, financial and social life of the city, he was the long-time president of a local bank, a manufacturer of cigars, and founder of the Bon Ami Social Club. The house remained in the family for three generations until acquired by the Branch County Historical Society in 1974 for use as a historical museum.

Wing House Museum
This impressive Scond Empire-style home with…",https://services3.arcgis.com/Jdnp1TjADvSDxMAX/arcgis/rest/services/Historical_Markers_Public_View/FeatureServer/0/434/attachments/510,https://catalog.archives.gov/id/25338973,Branch,Coldwater
"Sweet, Ossian H., House",42.370190186000166,-82.98446952299997,building,2022,"Ossian Sweet House
African American physician Ossian Sweet and his wife, Gladys, purchased this house in May 1925.  When the Sweets moved into their home on September 8 white residents who objected to blacks moving into the neighborhood formed a crowd on the street.  The next day hundreds of people converged on the corner of Charlevoix and Garland Streets intent on driving the Sweets from their home.  The mob threw rocks and bricks at the house while the Sweets and nine others took refuge inside.  In the evening shots rang out and a white man was killed.  The police charged the people inside…",,https://catalog.archives.gov/id/25341110,Wayne,Detroit
First Congregational Church,42.35540031700008,-83.0628361549999,building,2012,"First Congregational Church of Detroit
In 1801 David Bacon and his wife Alice made the first attempt to establish Congregationalism in Detroit. Sent by a Connecticut Congregational society, the Bacons failed in their efforts to build a mission. It was not until 1844 that the First Congregational Society was formed in Detroit. The society erected a building which it soon outgrew. A second structure was dedicated in 1854. The third and present church known as the “Church of the Seven Arches” was completed in 1891. Designed by John L. Faxon, it has Byzantine and Romanesque features. The tower of…",,https://catalog.archives.gov/id/25340816,Wayne,Detroit
Thompson Home,42.354987839000096,-83.06573669199992,building,2012,"Thompson Home
This Victorian structure was completed in 1884. It was named for wealthy Detroit businessman David Thompson. In his will Thompson instructed his wife, Mary, to use part of his estate to found a charitable institution. She commissioned George DeWitt Mason, prominent local architect and leader in architectural education, to design the building. It stands as a distinctive example of his early work. The one-story addition was constructed in 1964.",,https://catalog.archives.gov/id/25341088,Wayne,Detroit
"Davenport, William H., House",42.16989118800006,-83.77527890099992,building,2012,"Davenport House
This handsome two and a half-story residence, constructed in 1875, was the home of William H. Davenport (1826-1909), prominent Saline citizen. In 1851 Davenport entered into partnership with H. J. Miller in a general store. He bought out Miller’s interest in 1853 and became a leading city merchant. Later, Davenport started a private bank in 1885. Since 1902 this bank has been known as the Citizens’ Bank of Saline. Well-known Detroit architect William Scott designed Davenport’s elegant Second Empire home, built at a cost of eighty-five hundred dollars.",https://services3.arcgis.com/Jdnp1TjADvSDxMAX/arcgis/rest/services/Historical_Markers_Public_View/FeatureServer/0/447/attachments/517,https://catalog.archives.gov/id/25340629,Washtenaw,Saline
Tuscola County Courthouse,43.490947440000184,-83.39297691599995,building,2012,"Tuscola County Courthouse
<div>Peter DeWitt Bush (1818-1913), the second permanent resident of the village of Caro, donated this site for the county courthouse square in 1866. Then he, along with two other pioneer settlers, moved an old frame church to the site to serve as the county’s first courthouse. In 1873 the county replaced the former church with a brick courthouse that served the community’s needs until 1932, when the present Art Deco style structure was completed. Designed by Detroit architect William H. Kuni and built by Cecil M. Kelly, a Caro native, the courthouse is faced with In…",https://services3.arcgis.com/Jdnp1TjADvSDxMAX/arcgis/rest/services/Historical_Markers_Public_View/FeatureServer/0/448/attachments/519,https://catalog.archives.gov/id/25340557,Tuscola,Caro
"King, L. B. and Co. Building",42.334695040000156,-83.04735044299991,building,2012,"L. B. King and Company Building
L. B. King and Company headquartered here from 1911 to 1932, and Annis Furs occupied the building from 1932 to 1983. Constructed in 1911 to the designs of James S. Rogers and Walter MacFarlane, it exemplifies the Chicago commercial style popular in the early twentieth century. The building features a steel frame, terra cotta skin, three-part vertical division and banks of “Chicago windows.” It incorporates classical decorative elements in the cornice and the window details.",,https://catalog.archives.gov/id/25340884,Wayne,Detroit
Ladies' Literary Club Building,42.24454932800005,-83.61420711999989,building,2012,"Ladies Literary Club House
This house, built prior to 1842 by Arden Ballard, has been recognized by the Historic American Building Survey as a model of Greek Revival architecture. The house was purchased by the Ladies’ Literary Club in 1913.",https://services3.arcgis.com/Jdnp1TjADvSDxMAX/arcgis/rest/services/Historical_Markers_Public_View/FeatureServer/0/464/attachments/534,https://catalog.archives.gov/id/25340601,Washtenaw,Ypsilanti
Luce County Sheriff's House and Jail,46.352436227000126,-85.51534343899993,building,2012,"Jail and Sherriff's Residence
Constructed in 1894, this graceful Queen Anne-style structure served as the Luce County jail and sheriff’s residence for over seventy years. The Peninsular Land Company donated the site. The architectural firm of Lovejoy and DeMar, from Marquette, designed this sturdy edifice made of rough-hewn Jacobsville sandstone. The Luce County Historical Society rescued this building from demolition in 1975 and restored it as the Luce County Historical Museum, which opened in 1976.",https://services3.arcgis.com/Jdnp1TjADvSDxMAX/arcgis/rest/services/Historical_Markers_Public_View/FeatureServer/0/467/attachments/541,https://catalog.archives.gov/id/25339945,Luce,Newberry
City Opera House,44.76386611800018,-85.62278326799998,building,2012,"City Opera House
In 1891 businessmen John Wilhelm, Anthony Bartak, Charles Wilhelm, and Frank Votruba hired architect William G. Robinson of Grand Rapids to design this Victorian business block with its second-floor opera house. In 1897 architect Fred E. Moore led a major interior renovation that included hand-painted designs by Burt Hall of Traverse City. The Evening Record praised 
its 421 electric lights and called it a ""magnificent transformation"" that seemed ""like a gilded palace compared to the old hall.""

City Opera House
The City Opera House has hosted concerts, traveling plays, vaude…",https://services3.arcgis.com/Jdnp1TjADvSDxMAX/arcgis/rest/services/Historical_Markers_Public_View/FeatureServer/0/480/attachments/2464,https://catalog.archives.gov/id/25339346,Grand Traverse,Traverse City
"Evans, Musgrove, House",42.00576956600013,-83.93969997299996,building,2012,"Evans House
Musgrove Evans built this dwelling in 1826. It is the oldest frame house in Tecumseh and is believed to be the oldest still standing in Lenawee County. Evans was a pioneer settler in this area. He platted the village of Tecumseh, served as its first postmaster and probate judge, and helped to organize Michigan’s first temperance society. Used as an inn and home, the Evans House was moved to this location in 1886 from the northeast corner of Ottawa Street and Chicago Boulevard. However, its appearance has changed little over the years.",https://services3.arcgis.com/Jdnp1TjADvSDxMAX/arcgis/rest/services/Historical_Markers_Public_View/FeatureServer/0/496/attachments/2294,https://catalog.archives.gov/id/25339910,Lenawee,Tecumseh
Second Baptist Church Of Detroit,42.33501676400015,-83.04303188799997,building,2022,"Second Baptist Church
In 1836, thirteen free Black people living in Detroit, some of whom were formerly enslaved, founded Second Baptist Church. It is the oldest Black congregation in Michigan. From its beginnings, the church has occupied a prominent place in Detroit’s Black community. It established the city’s first school for Black children in 1839. Its first pastor, the Reverend William C. Monroe, was an antislavery activist. He presided over the first State Convention of Colored Citizens. Meeting at Second Baptist Church in 1843, it demanded the right to vote and an end to slavery. On Jan…",,https://catalog.archives.gov/id/25341124,Wayne,Detroit
St. John's Episcopal Church,42.339918449000095,-83.05237562799994,building,2012,"St. John's Church
St. John's Parish, established on this site in December 1858, served what was then a rural area north of Detroit. Henry Porter Baldwin, a local merchant and future state senator, governor, and United States senator, donated the land, architectural plans, and a substantial portion of the construction costs for a church. Designed by architect Albert Jordan, it was dedicated on St. John's Day, December 27, 1859. The initial service drew more worshippers than the church could accommodate. Jordan and his partner, James Anderson, were then commissioned to design this Gothic Reviva…",https://services3.arcgis.com/Jdnp1TjADvSDxMAX/arcgis/rest/services/Historical_Markers_Public_View/FeatureServer/0/523/attachments/2306,https://catalog.archives.gov/id/25338568,Wayne,Detroit
Fallasburg Covered Bridge,42.98086447400004,-85.3272513529999,structure,2012,"Fallasburg Covered Bridge
John W. and Silas S. Fallas settled here in 1837, founding a village, which soon boasted a chair factory, sawmill, and gristmill. About 1840 the first of several wooden bridges was placed across the Flat River, but all succumbed in a short time to high water and massive spring ice jams. Bridge builder Jared N. [Brezee]of Ada was given a contract in 1871 to build the present structure. Constructed at a cost of fifteen hundred dollars, the bridge has latticework trusses made of white pine timbers. As in all covered bridges, the roof and siding serve to protect bridge t…",https://services3.arcgis.com/Jdnp1TjADvSDxMAX/arcgis/rest/services/Historical_Markers_Public_View/FeatureServer/0/530/attachments/623,https://catalog.archives.gov/id/25339736,Kent,Lowell
Union Depot,42.734493909000086,-84.5431847349999,building,2012,"Union Depot
The Union Depot began passenger service for the Michigan Central and Pere Marquette Railroads in 1902. Spier and Rohns, a Detroit-based architectural firm that planned many Michigan Central stations, designed the building with Châteauesque conical towers and cut stone arches. The depot closed in 1972 after Amtrak took over passenger train service to Lansing. Peter Jubeck bought the building in 1978 and converted the interior into a restaurant. Gillespie Group purchased and remodeled  the building in 2016, reopening it as a coffee shop and eatery in 2022.",,https://catalog.archives.gov/id/25339517,Ingham,Lansing
Wolcott Mill,42.76704998600018,-82.92734941999991,building,2012,"Wolcott Mill
<div>Wolcott Mill is among the oldest mills in Michigan. Built in the mid-1840s by the Arad Freeman family, early Macomb County settlers, it passed through several owners before Frederick Wolcott purchased it in 1878. The Wolcott family upgraded the business as technology changed. In 1881, the breastshot waterwheel was replaced by a turbine. The millstones where changed to more efficient metal rollers in 1890 and again improved in 1917. Waterpower was used until the mill closed, but it was supplemented by electric power beginning in the 1920s. Declining business caused the Wolcot…",https://services3.arcgis.com/Jdnp1TjADvSDxMAX/arcgis/rest/services/Historical_Markers_Public_View/FeatureServer/0/545/attachments/645,https://catalog.archives.gov/id/25340002,Macomb,Ray
Durant-Dort Carriage Company Office,43.01724655600009,-83.69611507299999,building,2012,"William C. Durant
William Crapo Durant (1861-1947), one of Flint’s most important historical figures, was a pioneer in the development of the American auto industry. Durant’s vehicle ventures began in 1886, when, with a borrowed fifteen hundred dollars, he bought the rights to build a two-wheeled road cart. Nine years later the Flint Road Cart Company, begun by Durant and his partner, Dallas Dort, became the Durant-Dort Carriage Company. Durant took over Flint’s tiny Buick Motor Company in 1904. He turned it into the largest American producer of automobiles by 1908, and, on Buick’s success, f…",,https://catalog.archives.gov/id/25339308,Genesee,Flint
Sixth Street Bridge,42.97667944300008,-85.67421200299992,structure,2012,"Sixth Street Bridge
The Massillon Bridge Company of Ohio built this thirty-one thousand-dollar, four-span bridge for Grand Rapids in 1886. The rust-resistant wrought iron used in its four Pratt trusses accounts for its durability. In 1921 the western truss was shortened when the west bank canal was filled in. In 1975 the bridge was slated for demolition, but concerned citizens convinced authorities to save it. This structure, the longest, oldest remaining metal bridge in Michigan, was listed in the National Register of Historic Places in 1976.",,https://catalog.archives.gov/id/25339738,Kent,Grand Rapids
Saugatuck Pump House,42.66067500000002,-86.20714099999998,building,2024,"Saugatuck Pump House
The village of Saugatuck built this structure in 1904 to house the community’s first water pumps. The building’s construction cost about $720. The pumps were part of a water system designed by John W. Alvord, an engineer from Chicago. The two gas-powered pumps brought water from seven wells up to a 100,000-gallon reservoir, located at the top of Lone Pine Dune, just north of Mt. Baldhead. Gravity fed the water through pipes under the Kalamazoo River to Saugatuck’s buildings and fire hydrants.

Saugatuck Pump House
In 1912 the Pump House was doubled in size to make room fo…",https://services3.arcgis.com/Jdnp1TjADvSDxMAX/arcgis/rest/services/Historical_Markers_Public_View/FeatureServer/0/566/attachments/667,,Allegan,Saugatuck
Vermont House and Fenton Grain Elevator,42.79841640300013,-83.70455562899991,district,2012,"Fenton House
Constructed soon after the Detroit and Milwaukee Railroad reached town in 1855, this hotel has been a favorite resting and dining spot for over a century. It was said in 1883 that the guests were “entertained in a style unsurpassed in many large cities.” The interior decor of the hotel is much as it was at the turn of the century. However, the exterior was altered by the destruction of the front porch in 1904 by a team of runaway horses. The Fenton House is one of the oldest hotels in continuous operation in Michigan.",https://services3.arcgis.com/Jdnp1TjADvSDxMAX/arcgis/rest/services/Historical_Markers_Public_View/FeatureServer/0/593/attachments/705,https://catalog.archives.gov/id/25339278,Genesee,Fenton
Michigan Paper Company Mill Historic District,42.44483180100013,-85.64388434199998,district,2012,"Michigan Paper Company Mill
On January 26, 1886, twenty-five businessmen founded the Michigan Paper Company.  Daniel Albertson, a mill designer from Kalamazoo, built the mill complex using slow-burn construction methods.  Supports were made of concrete, steel or timber.  If ignited, the heavy timber floors would also burn slowly.  Production began in August 1887.  During the next twenty years, the number of buildings here doubled.  By 1912, the company had added two more 130-foot machines.  Production grew from eight tons to fifty tons daily.  Ownership changed through the years until 2000, w…",https://services3.arcgis.com/Jdnp1TjADvSDxMAX/arcgis/rest/services/Historical_Markers_Public_View/FeatureServer/0/595/attachments/707,https://catalog.archives.gov/id/25338819,Allegan,Plainwell
Harrington Hotel,42.97279654500011,-82.42436448699986,building,2012,"Harrington Hotel
The Harrington Hotel opened amid much fanfare in 1896. A unique blend of Romanesque, Classical, and Queen Anne architecture, the hotel thrived for many years. As business declined due to the popularity of automobile travel, expressways, and roadside motels, the hotel deteriorated. It eventually closed in 1986; a group of investors bought the structure that same year, converting it to housing for senior citizens. The Harrington Hotel is listed in the National Register of Historic Places.

Truman Honeymoon
In May 1919 Harry S. Truman, the future thirty-thrid president of the Un…",,https://catalog.archives.gov/id/25340511,St. Clair,Port Huron
Nisbett Building,43.69815147800016,-85.48159596799984,building,2012,"Nisbett Block
Daniel F. Comstock (1831-1903), a lumberman and president of Mecosta County Savings Bank, began erecting his building in 1885 to house stores, a hotel, and the bank.  When the bank failed in 1896, Comstock lost all of his assets, including the unfinished structure.  In 1900 retired newspaper publisher William Nisbett (1846-1923) bought the block.  He completed the massive, decorative exterior - with its rough-cut granite, elaborate parapets, and heavy Romanesque columns - in 1906.",,https://catalog.archives.gov/id/25340107,Mecosta,Big Rapids
WGPR-TV Studio,42.340238806,-83.01688358199988,building,2022,"WGPR-TV
In 1973, the Federal Communications Commission granted the International Free and Accepted Modern Masons, led by Dr. William V. Banks (1903-1985), a permit to operate UHF television Channel 62 in Detroit. WGPR-TV debuted a few seconds before noon on September 29, 1975, becoming the first African-American owned and operated television station in the continental United States. The station provided job training and employment opportunities for African-Americans in television production, broadcast journalism and sales. Programming, most of which was locally produced, was crafted for an ur…",https://services3.arcgis.com/Jdnp1TjADvSDxMAX/arcgis/rest/services/Historical_Markers_Public_View/FeatureServer/0/624/attachments/735,,Wayne,Detroit
Commandant's Quarters,42.306518716000134,-83.24395286899988,building,2012,"Commandant's Quarters
This building was one of eleven built in 1833 for the United States Detroit Arsenal at Dearbornville. A walled compound, a 360-foot square, was erected to store military supplies on the frontier. Constructed of red brick in the Federal style, this arsenal was located on strategic Chicago Road, now Michigan Avenue. The quarters were a center for social and cultural events in Dearborn until they were closed in 1875. The Commandant’s Quarters later became a fire station, police station, church, courthouse, school facility, library, and meeting hall. The Dearborn Historical…",,https://catalog.archives.gov/id/25341024,Wayne,Dearborn
"Alger, Russell A., Jr., House",42.386900845000014,-82.89713453699989,building,2012,"Russell A. Alger House ""The Moorings""
Russell A. Alger Jr. (1873-1930), son of Michigan’s governor Russell Alger, built this Italian Renaissance-style mansion in 1910. Alger was one of the founders of the Packard Motor Car Company. Charles A. Platt of New York designed this elaborate structure, and Ellen Shipman of New York landscaped the grounds. The home, situated on Lake St. Clair, was referred to as “The Moorings.” Alger lived here until his death in 1930. From 1936 to 1948 the house was used by the Detroit Institute of Arts as a branch museum. In 1949 it was deeded to the Grosse Pointe W…",,https://catalog.archives.gov/id/25341018,Wayne,Grosse Pointe Farms
Cheboygan County Courthouse,45.63950611500019,-84.48218275099993,building,2012,"Old Cheboygan County Courthouse
When Cheboygan County was organized in 1853, the courthouse was located in Duncan (now a part of the city of Cheboygan). In 1860 the county board of supervisors moved the county seat to Inverness Township and purchased this property from Bela Chapman. This courthouse, built by J. F. Watson in 1869 at a cost of three thousand dollars, held its last circuit court session in 1899. Since then it has served as a fire station, a church, and a community center.",https://services3.arcgis.com/Jdnp1TjADvSDxMAX/arcgis/rest/services/Historical_Markers_Public_View/FeatureServer/0/649/attachments/759,https://catalog.archives.gov/id/25339135,Cheboygan,Cheboygan
Fort Mackinac,45.852129116000064,-84.61725376599998,district,2012,"Historic Fort Mackinac
Mackinac Island has been called the most historic spot in the Middle West. Fort Mackinac was first built by the British in 1780-81. It was not until 1796, thirteen years after the end of the Revolutionary War, that the British relinquished this fort to the Americans. At the outbreak of the War of 1812 the British seized the island and built Fort George. This fort, which you see to the north beyond the Rifle Range, was renamed Fort Holmes by the Americans who reoccupied the island in 1815. Troops garrisoned Fort Mackinac until 1895.",https://services3.arcgis.com/Jdnp1TjADvSDxMAX/arcgis/rest/services/Historical_Markers_Public_View/FeatureServer/0/650/attachments/760,https://catalog.archives.gov/id/25339974,Mackinac,Mackinac Island
Fisher and New Center Buildings,42.36972630999997,-83.07739309199991,building,2012,"Fisher Building
The golden tower of the Fisher Building has brightened the skyline of metropolitan Detroit since 1928. Called Detroit’s largest art object, the edifice is a city landmark. The Fisher brothers, developers of the closed automobile, erected the building for their offices. Architect Albert Kahn received the Architectural League’s Silver Medal designating this as the most beautiful commercial structure of the year. Outside metallic trim is solid bronze. Gold leaf dominates the hand-painted arcade ceiling, and marble from all over the world graces both the exterior and interior of t…",,https://catalog.archives.gov/id/25340844,Wayne,Detroit
Horton Bay House--Red Fox Inn,45.284933673000126,-85.07926331599998,building,2012,"Horton Bay
Named for pioneer settler Samuel Horton, this village was founded as a lumbering community in 1876, complete with sawmill, shanty boys, boarding house, company store, blacksmith shop, and draft horses. The store and many early buildings still stand. After the timber was gone, three fine restaurants opened: Dilworth’s, The Waffle Shop, and The Red Fox Inn. Young Ernest Hemingway frequently came here to fish and camp on “The Point.” This area is the setting for several of his famous “Nick Adams” short stories. Hemingway was married here in 1921.",,https://catalog.archives.gov/id/25339118,Charlevoix,Horton Bay
Lincoln Park Post Office,42.25023245300014,-83.17868030299995,building,2012,"Lincoln Park Post Office
The 1938 Lincoln Park Post Office was the first non-branch post office in this Detroit suburb.  Erected by the United States Treasury Department, the building marked Lincoln Park’s coming of age as a city with a large enough population to warrant its own independent facility.  Architect Louis A. Simon designed the classicist building, which is typical of Depression era architecture.  The building’s interior was lavishly decorated with special materials including several types of marble, birch paneling, and maple flooring.  Although spare in detail, three carved stone…",,https://catalog.archives.gov/id/25341068,Wayne,Lincoln Park
Our Saviour's Evangelical Lutheran Church,44.24358112100009,-86.32079344099996,building,2012,"Our Saviour's Lutheran Church
Organized as a Scandinavian congregation in 1868, Our Saviour’s became a Danish church in 1875 and served the American Evangelical Lutheran Synod until 1962. First used for worship in 1869, the building escaped damage in the Fire of 1871 and was completed with the addition of the tower in 1888. Danish architectural features are present, particularly the weather vane-topped spire, and the Danish language was used in services until [the] mid-twentieth century. Our Saviour’s is now a museum of Danish life in America.",https://services3.arcgis.com/Jdnp1TjADvSDxMAX/arcgis/rest/services/Historical_Markers_Public_View/FeatureServer/0/701/attachments/805,https://catalog.archives.gov/id/25340023,Manistee,Manistee
"Cappon, Isaac, House",42.789052519000045,-86.11777346899987,building,2012,"The Cappon House
Completed in 1874, this Italianate home was built by John R. Kleyn for Isaac Cappon. Erected in the aftermath of the devastating Holland fire of 1871, the Cappon House is one of the finest extant homes in the city. It remained in the Cappon family until the death of Isaac’s daughter Lavina in 1978. Its furnishings were willed to the Netherlands Museum, which with the help of the city, acquired the property in 1981. Volunteer groups have restored and preserved the elegant home.

Isaac Cappon
Isaac Cappon (1830-1902) emigrated from the Netherlands to the United States in 1847.…",https://services3.arcgis.com/Jdnp1TjADvSDxMAX/arcgis/rest/services/Historical_Markers_Public_View/FeatureServer/0/709/attachments/819,https://catalog.archives.gov/id/25340378,Ottawa,Holland
"Blanchard, John C., House",42.982923415000116,-85.05788032099997,building,2012,"John C. Blanchard
John Celsus Blanchard (1822-1905) epitomizes the American “self-made man.” He left his home in Cayuga County, New York, at age fourteen, bound for the western frontier. Blanchard worked as a laborer in Detroit, Livingston and Shiawassee Counties before walking sixty miles to the U.S. Land Office at Ionia. Using $50 of the $53 he had saved, he purchased forty acres of land in 1837. Two years later he began “reading the law” as a student in the law offices of Roof and Bell in Lyons. His appointment as Ionia County prosecuting attorney in 1850 began a distinguished public caree…",https://services3.arcgis.com/Jdnp1TjADvSDxMAX/arcgis/rest/services/Historical_Markers_Public_View/FeatureServer/0/711/attachments/823,https://catalog.archives.gov/id/25339537,Ionia,Ionia
Michigan Central Railroad Chelsea Depot,42.319268029000106,-84.01954072699984,building,2012,"Chelsea Depot
In 1880 Chelsea was chosen by the Michigan Central Railroad for an experiment in upgrading the appearance of rural stations. Mason and Rice of Detroit were commissioned as the new station’s architects. Their design was Victorian, characterized by numerous gables and gingerbread embellishments. This depot served patrons of the Michigan Central until 1975 when the company was taken over by Amtrak. In 1981 Amtrak discontinued service to Chelsea and closed the station. Fearing damage from prolonged neglect, in 1985 area citizens formed the Chelsea Depot Association to restore the bu…",https://services3.arcgis.com/Jdnp1TjADvSDxMAX/arcgis/rest/services/Historical_Markers_Public_View/FeatureServer/0/737/attachments/857,https://catalog.archives.gov/id/25340698,Washtenaw,Chelsea
Paulson House,46.40683175900005,-86.8505393499999,building,2012,"Paulson House
Swedish pioneer Charles Paulson purchased one hundred acres of land here in 1884 and constructed this cabin for his family home. Built of hand hewn cedar logs securely dovetailed at the corners, the house was occupied by Paulson and his wife until their deaths in 1925. At the turn of the century the three Paulson daughters were able to attend the district school which met in the upper story. Today the restored Paulson House serves as a museum of pioneer life.",,https://catalog.archives.gov/id/25338811,Alger,Autrain
Shiawassee County Courthouse,42.981538788000016,-84.11712420299995,building,2012,"Shiawassee County Courthouse
Territorial Governor Lewis Cass established Shiawassee County in 1822, but as there were few white settlers in the area, its government was not organized until 1837. Two years later, the county commissioners designated this site in the village of Corunna as the public square. County offices occupied temporary facilities here until 1851, when a brick courthouse was built. It was replaced in 1903-04 by the present structure, designed by Claire Allen and costing seventy-five thousand dollars. The cornerstone was laid on May 4, 1904, before the largest gathering in th…",https://services3.arcgis.com/Jdnp1TjADvSDxMAX/arcgis/rest/services/Historical_Markers_Public_View/FeatureServer/0/767/attachments/2433,https://catalog.archives.gov/id/25340468,Shiawassee,Corunna
"Whitney, David, House",42.352713342000136,-83.06201971899998,building,2012,"David Whitney Jr. Residence
This mansion was once described as “an American palace enjoying the distinction of being the most pretentious modern home in the state and one of the most elaborate houses in the west.” David Whitney Jr. (1830-1900), its owner, was one of the wealthiest lumber barons in the Midwest. Begun in 1890, the house took four years to construct. Its exterior is made of pink jasper, mined in South Dakota. The luxurious interior is reminiscent of residences of Napoleonic Paris. Its features include silk-covered walls and ceilings, tapestries, extensive woodwork, leaded crysta…",,https://catalog.archives.gov/id/25340888,Wayne,Detroit
Central Methodist Episcopal Church,46.49789478400015,-84.34651963899991,building,2012,"Central Methodist Church
This Richardsonian Romanesque church was erected in 1892-93 according to plans by Bay City architect Dillon P. Clark. It is one of several buildings in the city constructed of red “canal rubble” sandstone discarded during a power canal excavation. The church sustained three fires; the most recent occurred on December 22, 1941, during a wartime blackout. Although the interior suffered extensive damage, the original exterior structure remains substantially unchanged.",,https://catalog.archives.gov/id/25339160,Chippewa,Sault Ste. Marie
Saline First Presbyterian Church,42.167243435000096,-83.7804892179999,building,2012,"Saline Presbyterian Church
In 1831 Presbyterian families from Newark, New York, traveled by boat through the Erie Canal to Detroit. Settling in the Saline area, they held their first religious service on July 18, 1831. Thereafter, services were held in schoolhouses, homes, and other church buildings until 1842 when they erected a frame structure on this site. In 1898 that building was replaced with the present church.

Saline Presbyterian Church
Built in 1898 with heavy cut stone foundations and rounded arches, the Saline Presbyterian Church reflects the influence of Romanesque Revival archit…",https://services3.arcgis.com/Jdnp1TjADvSDxMAX/arcgis/rest/services/Historical_Markers_Public_View/FeatureServer/0/785/attachments/902,https://catalog.archives.gov/id/25338523,Washtenaw,Saline
Pewabic Pottery,42.361417923000076,-82.98158904999997,building,2012,"Pewabic Pottery
In 1903 Mary Chase Perry (Stratton) and Horace Caulkins founded Pewabic Pottery in a stable near downtown Detroit.  Four years later, the present building was constructed – a pottery works designed in the style of an English inn.  Pewabic Pottery was part of the early twentieth-century Arts and Crafts design movement, which shunned machine-made products and championed the return of craftsmanship.  Pewabic’s handmade ceramic wares became famous nationwide for their quality and brilliant, iridescent glazes.  The company’s architectural tiles were used in numerous public and priv…",,https://catalog.archives.gov/id/25340724,Wayne,Detroit
Wahbememe Burial Site and Monument,41.79760462200006,-85.66300974699988,site,2012,"Chief Wahbememe Burial Site
Potawatomi Chief Wahbememe (White Pigeon) was a signer of the 1795 Treaty of Greenville, which placed Michigan Great Lakes forts in U.S. hands. The chief was known as a friend to the white settlers in Michigan. According to legend, while attending a gathering of chiefs in Detroit, Wahbememe heard of a plot to attack the settlement that later became known as White Pigeon. The story states that he immediately set out on foot, running nearly 150 miles across the state without stopping for food or rest to alert the village. After warning of the impending danger, he col…",,https://catalog.archives.gov/id/25340551,St. Joseph,White Pigeon
"Comstock, Elias, Cabin",42.99920018900019,-84.17542723899999,building,2012,"Comstock Cabin
Elias Comstock was the first pioneer to erect a permanent residence in Owosso. He moved here in 1836. Comstock was a merchant, school teacher, justice of the peace, township supervisor, judge, and county clerk. This one-room structure was built for him in the mid-1830s. Though the cabin has been moved three times (the last in 1969), the original logs are still intact. It is now located just north of the Comstock homesite. Funds raised by the Owosso Bicentennial Committee help maintain the cabin and surrounding grounds.",https://services3.arcgis.com/Jdnp1TjADvSDxMAX/arcgis/rest/services/Historical_Markers_Public_View/FeatureServer/0/809/attachments/2446,https://catalog.archives.gov/id/25338470,Shiawassee,Owosso
Marine City City Hall,42.720157538000024,-82.491598357,building,2012,"Marine City
Built in 1884 at a cost of $12,300, this edifice has served continuously as the seat of local government. Marine City was incorporated as the village of Marine in 1865. It became Marine City in 1867. The first village president was David Lester, a prominent shipbuilder. Shipbuilding was the principal industry for about a half century, employing several hundred men. During the era of wooden ships, this city was one of the largest shipbuilding centers in the Great Lakes area, with an output of nearly 250 vessels by 1900. The discovery of salt on Catholic Point in 1882 proved to be a…",https://services3.arcgis.com/Jdnp1TjADvSDxMAX/arcgis/rest/services/Historical_Markers_Public_View/FeatureServer/0/810/attachments/2197,https://catalog.archives.gov/id/25340505,St. Clair,Marine City
St. Clair Inn,42.82777316300012,-82.48439989299999,building,2012,"St. Clair Inn
During the early twentieth century, known as the “Golden Age of Steamboating,” pleasure craft were numerous on the St. Clair River. In 1925 the local Rotary Club decided that a luxurious establishment was needed to accommodate the large number of tourists and serve as a civic and social center. Club members organized the St. Clair Community Hotel Corporation. Many of the area’s leading businessmen were on the board. The board hired Hockenbury System, Inc., of Harrisburg, Pennsylvania, for advice on financing the venture. The financial plan was modeled after successful community…",,https://catalog.archives.gov/id/25340507,St. Clair,St. Clair
"Sprague, Rollin, Building--Old Stone Store",42.679472447000194,-83.13321795899998,building,2012,"Rollin Sprague Building
The “Old Stone Store” is the oldest commercial building in Rochester. Dr. Rollin Sprague of New York had the structure built in 1849 of coursed cobblestone, using a construction method more commonly used in his home state. The Sprague Building is the only known commercial example in Michigan of this particular type of construction. Listed in the National Register of Historic Places, the building reflects its 1899 appearance. The Home Bakery opened here in 1930.",https://services3.arcgis.com/Jdnp1TjADvSDxMAX/arcgis/rest/services/Historical_Markers_Public_View/FeatureServer/0/838/attachments/954,https://catalog.archives.gov/id/25340240,Oakland,Rochester
Detroit-Bay City Railroad Company Columbiaville Depot,43.15611182600002,-83.40888543599993,building,2012,"Columbiaville Depot
In the nineteenth century railroads provided the prime transportation link between small villages and the rest of the country. The first Columbiaville depot was built near this site in 1872. In 1893 William Peter (1824-1899) replaced that structure with this small Romanesque-inspired depot with its rounded-arch, beveled-glass windows. Peter, Columbiaville’s dominant merchant and a millionaire lumber baron, built the new depot in an effort to spur the development of the village and assure the continued growth of his many businesses. By prior agreement, he gave the building…",,https://catalog.archives.gov/id/25339808,Lapeer,Columbiaville
Ramsdell Theatre,44.24553077300009,-86.32315068999998,building,2012,"Ramsdell Theatre
Thomas Jefferson Ramsdell—pioneer lawyer, state legislator, and civic leader—built this theater between 1902 and 1903. Many traveling companies played here and praised the features that made it unique among the playhouses of the era. Theatrical artist Walter Burridge painted the main curtain utilizing the theme “A Grove Near Athens.” The dome and lobby murals were the work of Thomas Ramsdell’s son Frederick. Public spirited citizens saved the landmark from demolition in the early 1920s. It was acquired by the city of Manistee in 1943. The Manistee Civic Players have helped to…",,https://catalog.archives.gov/id/25340037,Manistee,Manistee
"Newton, George, House",42.01217841300007,-85.9679404979999,building,2012,"Newton House
Designed by Christian Haefner in the 1860s, this house belonged to George Newton, a state legislator. The cupola, projecting eaves, and symmetrically grouped windows distinguish its architecture. This building is located in the 580-acre densely timbered Fred Russ Experimental Forest, which Michigan State University used as a forestry school after receiving it as a gift in 1942. The Cass County Historical Commission has restored this elegant structure.",,https://catalog.archives.gov/id/25339084,Cass,Marcellus
Mission Church,45.84997588300018,-84.6089735659999,building,2012,"Mission Church
This is one of Michigan’s oldest Protestant churches. It was built in 1829-30 by the Presbyterian flock of Reverend William M. Ferry, founder in 1823 of a nearby Indian mission. Robert Stuart and Henry Schoolcraft were lay leaders. About 1838 private owners bought the building. It is judged Michigan’s best example of the New England Colonial church style.",https://services3.arcgis.com/Jdnp1TjADvSDxMAX/arcgis/rest/services/Historical_Markers_Public_View/FeatureServer/0/860/attachments/963,https://catalog.archives.gov/id/25339977,Mackinac,Mackinac Island
Scottville School,43.95707137699996,-86.28006247199988,building,2012,"Scottville
White settlers came to this area around 1860. In 1876 a station on the Flint and Pere Marquette Railroad opened. In 1879 James Sweetland built a sawmill adjacent to the railroad, which precipitated the establishment of a post office for the community of Sweetland. He sold the mill a year later to the firm of Crowley and Scott. Sweetland was informally known as Mason Center because of its location at the county’s geographical center. In 1882 Hiram Scott and Charles Blain platted the village. According to legend, the men determined the name of the village with the toss of a coin. Sco…",,https://catalog.archives.gov/id/25340101,Mason,Scottville
Gratiot County Courthouse,43.29101717700012,-84.6046645589999,building,2012,"Gratiot County
This county was named for General Charles Gratiot, builder of Fort Gratiot at Port Huron in 1814. A few Chippewas and other Indians lived in the area in 1831 when the county was laid out. A Lutheran Indian mission was set up in 1846 near what is now St. Louis. Settling of the county began in the same year. In 1856 the county government was organized, Ithaca being selected as county seat. Agriculture and industry combine to give Gratiot County a stable economy.",,https://catalog.archives.gov/id/25339361,Gratiot,Ithaca
Currier House,42.920758243000186,-83.04192035499993,building,2012,"Currier House
Frederick and Mary Currier built this house around 1854, inspired by Orson Fowler’s A Home for All, which promoted the octagon form as a healthy place to live.  The tall windows, which emit light and air, and the five octagonal rooms reflect Fowler’s philosophy.  The Curriers came to Almont from New England in 1847.  A machinist by trade, at one time Currier (1812-1900) owned factories and farms, and invested in banking and lumbering.  The house is listed in the National Register of Historic Places.",,https://catalog.archives.gov/id/25339800,Lapeer,Almont
Alpha House,42.348255446000046,-83.05377279999999,building,2022,"Alpha House
Built about 1918, this Neoclassical-style structure houses Gamma Lambda Chapter, third graduate chapter of the first black national Greek letter fraternity in the United States: Alpha Phi Alpha Fraternity, Incorporated. Founded in 1906 at Cornell University, the fraternity’s aims are manly deeds, scholarship, and love for all mankind. This local chapter, established in 1919, served as a focal point for black social, cultural, educational, and community service activities in an era when there were few other outlets. The chapter continues civic and cultural work and involvement in n…",https://services3.arcgis.com/Jdnp1TjADvSDxMAX/arcgis/rest/services/Historical_Markers_Public_View/FeatureServer/0/893/attachments/1001,,Wayne,Detroit
"Mitchell, Charles T., House",44.25169594000017,-85.3982247909999,building,2012,"Charles T. Mitchell House
This Prairie style building began as a Second Empire house built by George Mitchell in 1874. A lumberman and Cadillac’s first mayor, Mitchell built the house with ornately carved woodwork and a mansard roof. His business partner, Wellington W. Cummer, occupied it from 1878 to 1922, when it was purchased by Mitchell’s grand nephew, Charles T. Mitchell. In 1926 Charles, a local industrialist, renovated the house to conform with current architectural trends. Totally redone in the Prairie style and clad with red brick, it lost its ornamentation and gained a low pitched h…",,https://catalog.archives.gov/id/25341196,Wexford,Cadillac
St. Francis Solanus Mission,45.37544545600009,-84.96751218199995,building,2012,"St. Francis Solanus Indian Mission
This land was sold by Amawee, an Odawa, to Jean Baptiste Trotochaud and his Ojibwa wife Sophia Anaquet. Later, they donated nearly an acre of land to the Catholic Church. Jean, under the guidance of Father Sifferath, built this Mission in 1859. In 1860, Bishop Frederic Baraga blessed and dedicated it for use by Natives and settlers. Mass was offered at least four times a year. The mission was restored in 1884, after the arrival of Father Pius Niermann, an Assistant Priest with the Franciscan Fathers. It was abandoned by 1896 and restored again in 1931, 1959…",,https://catalog.archives.gov/id/25339276,Emmet,Petoskey
Sage Library,43.601716995999986,-83.90472897299992,building,2012,"Sage Public Library
<div>Henry W. Sage (1814-1897) founded the village of Wenona (later West Bay City) in 1863. A merchant and philanthropist, he was also a founder of the Sage, McGraw &amp; Company sawmill. In 1881 he donated property, building funds and $10,000 for books to West Bay City for this, its first public library. The structure was built in 1882/83 at a cost of nearly $50,000. Charles Babcock of Cornell University designed the French Chateauesque style building, and the local architectural firm of Pratt &amp; Koeppe superintended the construction. The library was dedicated on Janua…",https://services3.arcgis.com/Jdnp1TjADvSDxMAX/arcgis/rest/services/Historical_Markers_Public_View/FeatureServer/0/936/attachments/1031,https://catalog.archives.gov/id/25338894,Bay,Bay City
Indian Dormitory,45.851186854000105,-84.61523312999992,building,2012,"Indian Dormitory
The Treaty of 1836 transferred 15 million acres of Ojibway (Chippewa) and Odawa (Ottawa) land in Michigan Territory to the federal government.  It also required improvements to the Mackinac Island Indian Agency, including “a dormitory for Indians visiting the post.” This building, designed by Indian Agent Henry Rowe Schoolcraft, was completed in 1838. It was the agency’s administrative headquarters for eight years and occasionally housed Native Americans who came to the island to receive their annual treaty payments. From 1846 to 1867 the building was used for a variety of pu…",https://services3.arcgis.com/Jdnp1TjADvSDxMAX/arcgis/rest/services/Historical_Markers_Public_View/FeatureServer/0/943/attachments/1043,https://catalog.archives.gov/id/25339966,Mackinac,Mackinac Island
Masonic Temple Building,42.736099077,-84.48033260499994,building,2012,"Masonic Temple
Local Masons organized in 1915 and promptly hired Lansing architect Samuel D. Butterworth, a fellow Mason, to design a meeting hall. Butterworth rejected the practice of designing Masonic halls as elaborate classical temples, and instead blended simple Neoclassical detailing with elements of the popular Commercial style. Upon its completion in 1916, the Masonic Temple was one of only a few buildings in “downtown” East Lansing. The Masons sold the hall in 1986 and the interior was subsequently demolished. In 1998 the Chappelle Development Company purchased and rehabilitated the…",,https://catalog.archives.gov/id/25339477,Ingham,East Lansing
Presque Isle Lodge,45.30204185100012,-83.47695086099998,building,2012,"Presque Isle Lodge
Newell Avery Eddy Jr. (1880-1940) had the Presque Isle Lodge built around 1920, when the construction of what would become US-23 opened the area around Grand Lake to tourism and recreation. The lodge, placed in the National Register of Historic Places in 2008, is an example of rustic architecture popular in Michigan in the first half of the twentieth century. During this time Michigan’s lumber industry became a leading manufacturer of rustic-styled board-and-batten siding and rough-hewn logs. Responding to the rapid urbanization transforming American life in the late ninete…",,https://catalog.archives.gov/id/25340402,Presque Isle,Presque Isle
Central Woodward Christian Church,42.38173803700004,-83.08046171499996,building,2012,"Central Woodward Christian Church
The Detroit firm George D. Mason and Company designed this building for the Disciples of Christ in 1927. Although the structure remains relatively unchanged since its completion in 1928, the windows reflect the significant changes that occurred as the building was adapted for use by the predominantly African American Little Rock Baptist Church, which purchased the structure in 1978. In 1990 an extensive campaign began to replace the original colorless windows with stained glass. The south facade contains the African American Pulpit window depicting portraits…",https://services3.arcgis.com/Jdnp1TjADvSDxMAX/arcgis/rest/services/Historical_Markers_Public_View/FeatureServer/0/957/attachments/1060,https://catalog.archives.gov/id/25338589,Wayne,Detroit
"Carpenter, David, House",41.83566860000018,-83.87168718099997,building,2012,"Carpenter House
This Greek Revival mansion was built in 1851 for David Carpenter, one of Lenawee County’s most prominent early residents. Born in New York State, he moved to Blissfield in 1838, and became a wealthy farmer and merchant. After his death in 1891, the house served as a private residence until 1960, when it became a restaurant. The building’s only major exterior alteration has been the addition of second story wings and porches.",,https://catalog.archives.gov/id/25339858,Lenawee,Blissfield
"Upton, William, House",42.591441872000026,-83.01162335399988,building,2012,"Upton House
<div>Constructed in 1866-67, the William Upton House is one of the oldest surviving nineteenth-century brick dwellings in Sterling Heights. Italianate in style, the house features a reconstructed open porch topped by a second-story balustrade, a cupola, period chimneys and refurbished window units. According to oral tradition, the interior building materials were imported from England. Most farmsteads of this era were constructed of wood; the brick used on this one demonstrates the affluence of its builder. By 1891 the Upton farm consisted of 138 acres. Upton farmed the land and s…",https://services3.arcgis.com/Jdnp1TjADvSDxMAX/arcgis/rest/services/Historical_Markers_Public_View/FeatureServer/0/974/attachments/1081,https://catalog.archives.gov/id/25339984,Macomb,Sterling Heights
Honolulu House,42.272815695000126,-84.96442677499994,building,2012,"Honolulu House
Abner Pratt settled in Marshall in 1839 and in the 1850s became chief justice of the state supreme court. In 1857-59 he was United States Consul to the Sandwich (Hawaiian) Islands. Returning home he built this house in 1860 to recreate the island atmosphere. Teak and ebony were used, and murals on the walls depicted tropical plants and animals. In 1887 the interior was changed but the opulent style of the exterior, unique in the Midwest, has survived.",https://services3.arcgis.com/Jdnp1TjADvSDxMAX/arcgis/rest/services/Historical_Markers_Public_View/FeatureServer/0/983/attachments/1090,https://catalog.archives.gov/id/25339010,Calhoun,Marshall
First Presbyterian Church,41.9422551240001,-85.00024637599995,building,2012,"First Presbyterian Church
Organized in 1837, the same year that Coldwater became a village, the local Presbyterian society held services in various quarters until 1844, when it erected its first church. It completed the present Romanesque Revival-style brick church in 1869 at a cost of $40,104. The 185-foot steeple, one of the highest in southern Michigan and the chief landmark of the city, was made possible by a gift from S. M. Seedy. The Meneely bell came from West Troy, New York, in 1853. In early times, the church often served as a lecture and concert hall. Sojourner Truth, former slave a…",,https://catalog.archives.gov/id/25338991,Branch,Coldwater
"Freer, Charles Lang, House",42.361814889000065,-83.06668911199995,building,2012,"Charles Lang Freer House
Detroit industrialist Charles Lang Freer prospered primarily as a railroad car manufacturer. This house, considered Michigan’s finest example of the Shingle Style, was designed by Wilson Eyre Jr. of Philadelphia and built in 1890. Here Freer (1854-1919) assembled one of the most extensive Asian art collections in the world. He also collected Pewabic Pottery and the work of contemporary American artists such as Whistler, Dewing, and Tryon. A 1905 addition incorporated the “Peacock Room,” decorated by James Whistler, which was removed from a house in England and transpl…",,https://catalog.archives.gov/id/25340848,Wayne,Detroit
Hamtramck Stadium,42.39034394900017,-83.05042675099997,structure,2022,"Hamtramck Stadium
When the Negro National League was founded in 1920, one of its eight charter teams was the Detroit Stars, who played at Mack Park on Detroit’s East Side. A 1929 fire damaged Mack Park, so owner John Roesink built Hamtramck Stadium in 1930 on land leased from the Detroit Lumber Company. The new stadium had a twelve-foot-high metal outfield fence, box seating, and bleachers down the right field line. In May 1930, some 9,000 fans attended the grand opening, where former Detroit Tiger Ty Cobb threw out the first pitch. In June 1930, Michigan’s first night baseball game was playe…",https://services3.arcgis.com/Jdnp1TjADvSDxMAX/arcgis/rest/services/Historical_Markers_Public_View/FeatureServer/0/1005/attachments/1108,https://catalog.archives.gov/id/25341136,Wayne,Hamtramck
Lapeer County Courthouse,43.05404668300019,-83.31070473199998,building,2012,"Lapeer County
Set off by Gov. Cass in 1822, this county took its name from the French La Pierre, a translation of the Indian name for the Flint River. Settlers began to arrive in 1828. The county seat, founded in 1831, was also named Lapeer. Organization of the county government took place in 1835. This courthouse, built in 1839, is the oldest one still in use in Michigan. Farming is the county’s principal economic activity, and it was here that the first local Grange in Michigan was founded in 1872.",https://services3.arcgis.com/Jdnp1TjADvSDxMAX/arcgis/rest/services/Historical_Markers_Public_View/FeatureServer/0/1009/attachments/1118,https://catalog.archives.gov/id/25339812,Lapeer,Lapeer
Clio Depot,43.17761989800005,-83.73749488499992,building,2012,"Clio Depot
In 1862 the Flint and Pere Marquette Railroad built its original 26.1-mile section of track from Saginaw to Mount Morris. It selected Clio, originally known as Varna, as a railroad station location. The area around Varna was covered with white pine. The railroad thrived on the shipment of logs, lumber, and wood products. In 1873 Varna changed its name to Clio and this frame depot was built. As the surrounding forests were cleared, rich farmland became available. By 1881 Clio had a population of 550 and boasted a blacksmith shop, a flour mill, a shingle mill, a grain elevator, and n…",,https://catalog.archives.gov/id/25337887,Genesee,Clio
Grand Trunk Western Rail Station/Lansing Depot,42.719450629999976,-84.55135025299991,building,2012,"Grand Trunk Depot
Constructed in 1902, this castle-like building with its square tower was the Lansing station for the Grand Trunk Western Railroad until 1971. For decades passengers streamed through its doors. Here servicemen left for and returned from military duty. Children and adults alike associated this depot with the excitement of travel and vacations. The city’s joys and sorrows were reflected in this rail station; greetings and goodbyes were its most vital ingredients. But gradually rail travel ebbed. Renovated as a restaurant in 1972, the building’s exterior remains unchanged. Geral…",https://services3.arcgis.com/Jdnp1TjADvSDxMAX/arcgis/rest/services/Historical_Markers_Public_View/FeatureServer/0/1022/attachments/1127,https://catalog.archives.gov/id/25339503,Ingham,Lansing
Dunbar Hospital,42.36177907600005,-83.05867346499991,building,2012,"Dunbar Hospital
At the time of World War I, health care for black Detroiters was inferior to that available for whites. Black physicians could not join the staffs of Detroit’s white hospitals. On May 20, 1918, thirty black doctors, members of the Allied Medical Society (now the Detroit Medical Society) incorporated Dunbar Hospital, the city’s first non-profit community hospital for the black population. It also housed the first black nursing school in Detroit. Located in a reform-minded neighborhood, this area was the center of a social and cultural emergence of the black residents of the cit…",,https://catalog.archives.gov/id/25340998,Wayne,Detroit
Scarab Club,42.35990481500016,-83.06274076899983,building,2012,"Scarab Club
Founded in 1907, the Scarab Club is one of Michigan’s oldest arts organizations. Originally called the Hopkin Club after Detroit marine painter Robert Hopkin, it was renamed in 1913. The scarab, an Egyptian symbol of rebirth, represents the club’s commitment to the perpetual renewal of the arts in Detroit. Lancelot Sukert of Detroit designed the clubhouse, which opened on October 5, 1928. The exterior exhibits a Northern Renaissance Revival influence and features the club logo in Pewabic tile. The interior, which houses studios, galleries and classrooms, reflects the Arts and Craf…",,https://catalog.archives.gov/id/25340864,Wayne,Detroit
"Cohodas, Sam, Lodge",46.525901135000026,-88.00420889299994,district,2012,"Sam Cohodas Lodge
This lodge, built for Russian immigrant Sam Cohodas, symbolizes the Upper Peninsula’s ethnic diversity. Finnish craftsmen erected this massive lodge in 1934, according to plans by local architect and Swedish immigrant David Anderson. The rustic log lodge is built of materials gathered within a fifteen-mile radius of this site. Cohodas was one of the nation’s leading fruit wholesalers. The Sam Cohodas Lodge was listed in the National Register of Historic Places in 1991.

Sam Cohodas
In 1903 Sam Cohodas (1895-1988) and his family left present-day Byelorussia, U.S.S.R., joining…",,https://catalog.archives.gov/id/25340045,Marquette,Champion
Grace Episcopal Church,41.984279583000095,-84.6603453709999,building,2012,"Grace Episcopal Church
William N. Lyster, Irish-born missionary, preached in Jonesville in 1836, and Darius Barker organized the parish in 1838. A church featuring Classical and Gothic styling was begun in 1844 and consecrated by Bishop Samuel McCoskry in 1848. Panelling and furniture made from black walnut are still in place. William Walton Murphy, a founder and vestryman, was Abraham Lincoln’s consul-general to the German city of Frankfurt.",,https://catalog.archives.gov/id/25339363,Hillsdale,Jonesville
Francis Metallic Surfboat,42.64400500000004,-86.20365099999998,structure,2024,"Francis Metallic Surfboat
From about 1854 to at least 1863, this surfboat was used for lifesaving purposes near the Saugatuck Lighthouse. It was one of 48 used on the Great Lakes and one of 137 used nationally. Joseph Francis, owner of the Francis Metallic Lifeboat Company, used his patented press to form the boats’ metal hulls. In 1890 Francis was awarded a Congressional Gold Medal for his many inventions used to improve life-saving. In 2015 this boat was listed in the National Register of Historic Places.",https://services3.arcgis.com/Jdnp1TjADvSDxMAX/arcgis/rest/services/Historical_Markers_Public_View/FeatureServer/0/1070/attachments/1164,,Allegan,Douglas
Alpena County Courthouse,45.06812696500003,-83.44153846699993,building,2012,"Alpena County Courthouse
“Alpena has blazed a new trail in construction,” architect William H. Kuni of Detroit declared at the opening of the Alpena County Courthouse on October 21, 1935.  Calling it “the first monolithic building erected in a cold climate,” Kuni designed the Art Deco structure to be built of local Portland cement. Cement construction during the winter was believed impossible in Alpena; however, cold-weather building projects answered the need for winter employment during the Great Depression. The courthouse, financed by local bonds and the Public Works Administration, demons…",,https://catalog.archives.gov/id/25338843,Alpena,Alpena
Paddock--Hubbard House,42.17767186600008,-84.64040055099997,building,2012,"Paddock-Hubbard House
In 1843 New York natives Alfred and Ruth Paddock migrated to Concord Township. Within two years they erected this Greek Revival house, reminiscent of those in their home state. A prominent merchant, Alfred Paddock (1805-1870) owned and operated one of Concord’s first flour mills. He served as township supervisor from 1844 to 1849 and in the Michigan State Senate from 1853 to 1854. In 1854 the Paddocks hosted Concord’s first meeting of the Universalist Society in this house.

Paddock-Hubbard House
In February 1897 Truman and Cora Hubbard rented this house from the Paddock…",https://services3.arcgis.com/Jdnp1TjADvSDxMAX/arcgis/rest/services/Historical_Markers_Public_View/FeatureServer/0/1075/attachments/1172,https://catalog.archives.gov/id/25339591,Jackson,Concord
"Carveth, John, House",42.71115140400007,-85.4741082669999,building,2012,"John Carveth House
In 1867 Ionia County native John Carveth (1841-1910) settled in Middleville to read law. In 1868, after the completion of his studies, he was admitted to the bar and established a practice in Middleville. Carveth served one term as state senator for Barry and Eaton Counties in 1885-86. Carveth moved to Grand Rapids in 1895 and sold the house to his brother-in-law and former law partner Aaron Clark, a wealthy landowner and founder of the Bank of Caledonia.

John Carveth House
State Senator John Carveth built this elaborate Queen Anne house in 1886. The asymmetry, spindlework…",,https://catalog.archives.gov/id/25338873,Barry,Middleville
"Stuart, Charles E., House",42.29532513200017,-85.59796159699995,building,2012,"The Stuart House
This historic house was built in 1858 for United States Senator Charles E. Stuart. As one of the leading lawyers and Democratic politicians of his day, Stuart naturally desired a house befitting his position. Thus it included tile and marble from Italy, stenciled and wood-paneled walls, Tiffany light fixtures, a great ballroom, and Kalamazoo’s first indoor bathroom! Stables and beautiful gardens were found on the estate. Stuart died in 1887. The Tau Kappa Epsilon fraternity acquired the house in 1956.",https://services3.arcgis.com/Jdnp1TjADvSDxMAX/arcgis/rest/services/Historical_Markers_Public_View/FeatureServer/0/1100/attachments/1200,https://catalog.archives.gov/id/25339651,Kalamazoo,Kalamazoo
Governor's Mansion,42.26493821300011,-84.95444699399991,building,2012,"Governor's Mansion
State Senator James Wright Gordon built this Greek Revival house in 1839, the year he introduced a bill to make his town state capital. Land near his house had been selected for the capitol grounds. Marshall’s hopes were not fulfilled but Gordon became lieutenant governor in 1840, and acting governor in 1841 upon the resignation of William Woodbridge. In 1967 the property was deeded to the Mary Marshall Chapter of the Daughters of the American Revolution.",https://services3.arcgis.com/Jdnp1TjADvSDxMAX/arcgis/rest/services/Historical_Markers_Public_View/FeatureServer/0/1103/attachments/2355,https://catalog.archives.gov/id/25339006,Calhoun,Marshall
Battle Creek City Hall,42.31682043000001,-85.17932153299995,building,2012,"Battle Creek City Hall
Ernest W. Arnold designed this Beaux-Arts classical city hall “to harmonize with the post office” located directly across Division Street. Seirn B. Cole Construction completed it in 1914.        The building’s interior is embellished with marble wainscoting, cherry trim, and terrazzo floors. To correct an inaccurate portrayal of Indigenous history, one of the stained-glass windows in the stairwells was replaced by a modern medallion in 2019. The city hall was listed in the National Register of Historic Places in 1984.",https://services3.arcgis.com/Jdnp1TjADvSDxMAX/arcgis/rest/services/Historical_Markers_Public_View/FeatureServer/0/1104/attachments/2413,https://catalog.archives.gov/id/25339054,Calhoun,Battle Creek
"Chapin, Henry A., House",41.829347054000095,-86.25339207599995,building,2012,"The Chapin House
This Queen Anne style house, completed in 1884, was the Henry A. Chapin family home until 1902. In 1932 when the city of Niles bought the property at auction for three hundred dollars, the Chapin grandchildren stipulated that it be used only for civic purposes. Now serving as the Niles City Hall, the house is built of local brick and terra cotta tile. The interior is ornamented with leaded glass windows and transoms, handcarved woodwork, and stenciled ceilings. In 1939 the Works Progress Administration joined the carriage house to another outbuilding, thus creating the Fort S…",,https://catalog.archives.gov/id/25338937,Berrien,Niles
Women's Clubs Building,42.36253997800014,-83.06269814599995,building,2023,"Detroit Association of Women's Clubs
The Detroit Association of Colored Women’s Clubs was organized on April 8, 1921, with eight clubs. This association reached its peak membership in 1945 with seventy-three clubs and three thousand members. Affiliated with the Michigan and the National Associations of Colored Women’s Clubs, the Detroit association fosters educational, philanthropic, and social programs. The association was incorporated in 1941. That same year, supported by a mortgage on its president’s home, the association purchased its present clubhouse, a handsome Colonial Revival-style s…",,https://catalog.archives.gov/id/25340812,Wayne,Detroit
Central Methodist Episcopal Church,42.73500430400015,-84.55440287499992,building,2012,"Central United Methodist Church
The first recorded Methodist meeting in Lansing was held in 1845 when the Reverend Lewis Coburn preached in the log cabin of Joab Page of North Lansing. In 1850 a Methodist class (congregation) was formed in what is now central Lansing. Its first leader was Reverend Resin Sapp, chaplain of the Michigan legislature. Services were held at Representative Hall in the old state capitol. The same year, the state deeded land at the corner of Washington Avenue and Ottawa Street to the First Methodist Episcopal Church under Public Act No. 231 of 1848. That land was subs…",https://services3.arcgis.com/Jdnp1TjADvSDxMAX/arcgis/rest/services/Historical_Markers_Public_View/FeatureServer/0/1132/attachments/1223,https://catalog.archives.gov/id/25337953,Ingham,Lansing
St. John's Lutheran Church,41.89631055100011,-84.0305019239999,building,2012,"St. John's Lutheran Church
The Reverend William Hattestaedt helped organize St. John’s Lutheran Church in 1847. Until their first church was completed in 1849, the original congregation, fourteen German families, met in a church that belonged to the Episcopalians. Services were held every three to four weeks until 1850, when the Reverend Phillip J. Trautman was installed as the first full-time pastor. On July 1, 1861, the congregation laid the cornerstone for the present church. The structure was dedicated on June 29, 1862. It was enlarged in 1896. The handsome stained glass windows depicting…",https://services3.arcgis.com/Jdnp1TjADvSDxMAX/arcgis/rest/services/Historical_Markers_Public_View/FeatureServer/0/1164/attachments/1261,https://catalog.archives.gov/id/25339900,Lenawee,Adrian
Muir Church of Christ,42.99970312800019,-84.94117205799996,building,2012,"Church of Christ
In 1856 the Reverend Isaac Errett organized Disciples of Christ congregations in Montrose (present-day Muir) and Lyons. Membership grew quickly, and in 1861 this church was built to serve Muir. The board-and-batten Gothic Revival exterior masks a simple meetinghouse interior. In 1881 Errett was the principal speaker at the funeral of his friend President James A. Garfield, who visited Muir in 1862. The Muir Church of Christ is listed in the National Register of Historic Places.",,https://catalog.archives.gov/id/25339555,Ionia,Muir
Cooke Hydroelectric Plant,44.472470545000185,-83.57170335799987,district,2012,"Cooke Hydroelectric Plant
William Augustine Foote, a Jackson entrepreneur, built a series of hydroelectric plants along the Au Sable River with the help of his brother, electrical engineer James Berry Foote. The Footes enlisted the aid of civil engineer William Fargo and construction supervisor Grant Cochran, and in 1910 began constructing the Cooke Hydroelectric Plant. The first of six hydros built on the lower Au Sable River, the plant opened the following year. Its 140,000-volt transmission line (the highest voltage in use at that time) extended 125 miles to Flint. The facility was named f…",,https://catalog.archives.gov/id/25339562,Iosco,Oscoda
Mason County Courthouse,43.954836524000086,-86.44448070999995,building,2012,"Mason County
The first permanent Euro-American settlement in Mason County began in 1847 when New York native Burr Caswell and his family arrived at the mouth of the Pere Marquette River. The Caswells lived in a driftwood cabin near the Ottawa village of Nindebekatunning. Abundant pine forests attracted lumbermen including Charles Mears, James Ludington, and Eber Brock Ward. In 1855 the state legislature organized Mason County, named for Michigan’s first governor, Stevens T. Mason. The Caswell farmhouse in Pere Marquette Township served as the county seat. In 1860 Charles Mears persuaded the b…",,https://catalog.archives.gov/id/25340099,Mason,Ludington
South Berrien Center Union Church and Cemetery,41.92962209600007,-86.27200806499997,district,2012,"Union Church and Cemetery
In 1857 Protestants of different denominations established a church and cemetery on property purchased from Zera and Eliza Wright. They dedicated the Greek Revival-style Union Church on July 4, 1858. The denominations held services on alternating Sundays until 1915. Throughout the years elaborate Memorial Day celebrations have been held at the church. The Ladies Aid Society has maintained the church since 1891.",,https://catalog.archives.gov/id/25338927,Berrien,Berrien
Mission House,45.85102268600019,-84.60738302899995,building,2012,"Mission House
In 1823 the Reverend William Ferry founded a mission on Mackinac Island on land now known as Mission Point. Two years later he and his wife, Amanda, erected this building as a boarding school for Indian children. In 1827, 112 students attended the school. The majority of the resident pupils were metis, children of Indian and Euro-American parents. The mission closed in 1837. In 1849 Edward A. Franks opened the Mission House Hotel after adding a third story to the structure. The Franks family operated the hotel until 1939 when it was sold and converted to a rooming house. In 1946…",https://services3.arcgis.com/Jdnp1TjADvSDxMAX/arcgis/rest/services/Historical_Markers_Public_View/FeatureServer/0/1194/attachments/1293,https://catalog.archives.gov/id/25339968,Mackinac,Mackinac Island
"Baker, Henry W., House",42.37207888900008,-83.46732213799999,building,2012,"Baker House
Henry W. Baker (1833-1920) built this Italianate-style house in 1875. Born in Richmond, New York, Baker had moved to this area while still a boy. As a young man, he worked as a photographer, a merchant, and a lumberman. At the age of forty-nine he helped found the Plymouth Iron Windmill Company, which in 1895 became the Daisy Manufacturing Company. The company, now best known for its BB guns, operated in Plymouth until 1958, when new owners moved it to Arkansas. Baker’s descendants lived here until 1943.",,https://catalog.archives.gov/id/25341010,Wayne,Plymouth
Iron County Courthouse,46.09664836400008,-88.33546261499998,building,2012,"Iron County
This county was set off in 1885 from Marquette and Menominee Counties. Iron ore deposits, which gave the new county its name, were the first on the Menominee Iron Range to be discovered. Shipping of ores began in 1882 when the railroad came in. Iron River was the first county seat, but in 1889, after a celebrated struggle, the government was shifted to Crystal Falls. Logging, which began in 1875, has been second only to mining in Iron County’s economy.

Iron County
J. C. Clancy designed this Richardsonian Romanesque-style building, which was completed in 1891. Constructed of regio…",,https://catalog.archives.gov/id/25339568,Iron,Crystal Falls
Ford Piquette Avenue Plant,42.368594594000164,-83.06557297299997,building,2022,"Ford Piquette Plant
Completed in 1904, the Piquette Avenue Plant was the first factory built by the Ford Motor Company. The building was designed by the Detroit firm of Field, Hinchman and Smith. Models B, C, F, K, N, R, S, and T were produced here between 1904 and 1910 when Ford became the world’s largest producer of automobiles. In 1908 Henry Ford, C. Harold Wills, Joseph Galamb and others designed the Model T, the first automobile built for the masses. Seeking more efficiency, Ford experimented with aspects of the moving assembly line at Piquette. New technology and demand for the Model T…",,https://catalog.archives.gov/id/25341152,Wayne,Detroit
Marquette County Courthouse,46.54158827200012,-87.39661481299999,building,2012,"Marquette County Courthouse
This Neoclassical Revival structure, designed by Charlton and Gilbert of Marquette, was constructed in 1902-04 at a cost of $210,000. Built of local sandstone, it is the second courthouse to occupy this site. In a case tried here in 1913, President Theodore Roosevelt won a libel suit against Ishpeming newspaper publisher George Newett and was awarded six cents, “the price of a good newspaper.” Another case tried here inspired Anatomy of a Murder, a novel by Ishpeming resident John D. Voelker. In 1959 the courthouse was the setting of the motion picture based on the…",,https://catalog.archives.gov/id/25340075,Marquette,Marquette
Saints Peter And Paul Church,42.332067097000035,-83.03816204699996,building,2012,"S.S. Peter and Paul Church
This is the oldest extant church in Detroit. Designed by Francis Letourno in the basilica form, it was built between 1844 and 1848 and served for twenty-nine years as the cathedral of the Detroit diocese under Bishop Lefevere. In 1877 Bishop Borgess gave the parish to the Jesuit Fathers to build a college here. This is now the University of Detroit. The church exterior retains its original simplicity and dignity.",,https://catalog.archives.gov/id/25341046,Wayne,Detroit
"Harmonie Club, The",42.33632811100018,-83.04667516899991,building,2012,"Germantown
Fleeing political unrest in their homeland, Germans began arriving in Detroit during the 1830s. Lured by state of Michigan recruiting pamphlets, German musicians, teachers and professionals joined increasing numbers of immigrants in Detroit. By 1880 20 percent of the city’s population was German-born. Most of these immigrants settled in this area, known as Germantown, between the Jefferson and Gratiot Avenue corridors. Many opened shops and businesses ranging from breweries to tailoring shops to tanneries. Harmonie Park, its name associated with the nearby Harmonie Club, was an imp…",,https://catalog.archives.gov/id/25341082,Wayne,Detroit
Stockbridge Town Hall,42.45064764300006,-84.17942012199995,building,2012,"Stockbridge Town Hall
Designed by Elijah E. Myers, the Stockbridge Town Hall was constructed by Mitter and Heuderlong in 1892. This stately Romanesque structure was built to house local township offices and a community center. In addition to local township business, the hall has also been the setting for lectures, musicals and numerous social gatherings. It was listed on the National Register of Historic Places in 1980. A federal grant and local taxes provided the money for the massive restoration that was completed in 1982.",,https://catalog.archives.gov/id/25339485,Ingham,Stockbridge
State Savings Bank,42.329731823000074,-83.04791754799993,building,2012,"State Savings Bank
Completed in 1900, this is Michigan’s preeminent example of design by the internationally renowned architects, McKim, Mead and White of New York. The three-story Neoclassical structure features a white marble exterior with bronze window units. Among its superbly crafted interior features are carved Roman arched colonnades with bronze grill work and gold-leaf detail on the two-story-high ceiling of the main room. In 1907 Peoples Savings Bank (established in 1871) merged with the State Savings Bank (established in 1833) and made this structure its home. Having outgrown these…",,https://catalog.archives.gov/id/25340894,Wayne,Detroit
Eaton County Courthouse,42.564474309000104,-84.8366633089999,building,2012,"Eaton County
Eaton County was organized in 1837 and named for President Andrew Jackson’s war secretary, John H. Eaton. Pioneers had come to Bellevue, the first county seat, in 1833. The county was settled chiefly by New Englanders who founded communities in Charlotte, Delta Mills, Eaton Rapids, Grand Ledge, Olivet, and Vermontville. In 1840 Charlotte became the county seat. Five years later a modest Greek Revival courthouse was erected on the courthouse square, the site of county government from 1845 to 1976. (That building is now located in Bennett Park.) A second courthouse was built here i…",https://services3.arcgis.com/Jdnp1TjADvSDxMAX/arcgis/rest/services/Historical_Markers_Public_View/FeatureServer/0/1257/attachments/1368,https://catalog.archives.gov/id/25339232,Eaton,Charlotte
Midland County Courthouse,43.61395012500009,-84.24731345799988,building,2012,"Midland County Courthouse
<div>In 1831 the first white settlers in the area built a fur trading post near this site, called “Little Forks” by the Indians. When Midland County was organized in 1850, 65 people lived here. In 1856, Henry C. Ashmun, the county’s first prosecuting attorney, was authorized to locate a courthouse, and he chose this site. The original courthouse served until 1926. In 1919, Mayor Joseph A. Cavanagh proposed that a new courthouse be built at this site. Voters approved a $225,000 bond issue in 1920 and, in gratitude for the war effort of area servicemen, invited the Mid…",https://services3.arcgis.com/Jdnp1TjADvSDxMAX/arcgis/rest/services/Historical_Markers_Public_View/FeatureServer/0/1260/attachments/1372,https://catalog.archives.gov/id/25340132,Midland,Midland
"Richard, Pere Gabriel, Elementary School",42.39523599800003,-82.90497958499991,building,2012,"Pere Gabriel Richard Elementary School
This school, named for Catholic missionary and educator Pere Gabriel Richard (1767-1832), opened on September 30, 1930. Detroit architect Robert O. Derrick, who planned many Georgian and Colonial Revival houses in Grosse Pointe as well as Dearborn’s Henry Ford Museum, designed the school in the French Renaissance style. The school’s interior features Pewabic tile fireplaces and fishponds, decorative plasterwork, and marble hallways.",,https://catalog.archives.gov/id/25340738,Wayne,Grosse Pointe Farms
Capitol Park Historic District,42.33294593700014,-83.04947842899985,district,2012,"Michigan´s First Capitol
At noon on September 22, 1823, citizens and dignitaries joined a Masonic procession to place the cornerstone for the capitol of the Michigan Territory on this site. The red brick building, designed by Obed Wait, had “a lofty Portico, consisting of six columns of the Ionic order” and a 140-foot tower. The Legislative Council opened its first session in the completed building on May 5, 1828. Here Michigan’s leaders fought for statehood and drafted their first constitution. Though Michigan did not formally achieve statehood until January 26, 1837, it inaugurated Stevens…",https://services3.arcgis.com/Jdnp1TjADvSDxMAX/arcgis/rest/services/Historical_Markers_Public_View/FeatureServer/0/1276/attachments/1390,https://catalog.archives.gov/id/25341180,Wayne,Detroit
Vermontville Opera House,42.627058889999994,-85.0244648389999,building,2012,"Opera House
Vermontville Opera House, completed in 1898, is still the main center of community activities. The two-story red brick structure with cut stone foundation, and an off-center tower over the front entrance, was constructed with funds solicited from the township and village. Stage plays, political events, social gatherings, and religious services have taken place here. L. Vern Slout and his players, one of Michigan’s oldest tent companies, gave first and last performances in this opera hall, now used in part as a public library.",,https://catalog.archives.gov/id/25339244,Eaton,Vermontville
First Baptist Church of Grand Blanc,42.942190351000136,-83.64809769199996,building,2012,"First Baptist Church
As Americans settled the wilderness areas of Michigan, religious services were often the first community concern. Beginning in 1831, traveling preachers visited this area, holding revival and prayer meetings, and starting new congregations. One of the earliest Protestant churches between Pontiac and the Mackinac area was the First Baptist Church of Grand Blanc founded on June 1, 1833. Two preachers from Pontiac helped organize the society. It was kept alive and active after the preachers moved on by Daniel Williams, Alfred Brainard, and John Tupper, all of whom were deaco…",,https://catalog.archives.gov/id/25337891,Genesee,Grand Blanc
Mariners' Church,42.32947787300003,-83.04196219899995,building,2012,"U. S. Topographical Engineers
When Michigan became a state in 1837, the Detroit office of the U.S. Topographical Engineers was headquartered on this site. The topographical engineers helped transform Michigan from a wilderness into a prosperous state. They also played a vital role in Great Lakes navigation before the Civil War. First appointed in 1813, the engineers surveyed land, canals, railroads, and harbors, and platted military positions relative to roads, villages, rivers, and ravines. They also constructed lighthouses. During the 1820s and 1830s engineers from the Detroit office built…",,https://catalog.archives.gov/id/25341050,Wayne,Detroit
Sweetest Heart Of Mary Roman Catholic Church,42.358372495000026,-83.04775534299996,building,2012,"Sweetest Heart of Mary Catholic Church
During the late nineteenth century many Polish immigrants fleeing oppression came to Detroit. In 1886 a group of them organized the school that was the beginning of Sweetest Heart of Mary Parish. On December 8, 1888, the Reverend Dominic H. Kolasinski, former pastor and builder of neighboring St. Albertus Church, became their pastor without episcopal approval. Under his leadership, construction of this late Victorian Gothic church began in July 1890. On February 18, 1894, the parish officially became part of the Diocese of Detroit. The church’s windows,…",,https://catalog.archives.gov/id/25341026,Wayne,Detroit
Capitol Hill School,42.26448490399997,-84.95276423499995,building,2012,"Capitol Hill School
This 1860 building is the last of three Gothic Revival schools in Marshall. The name comes from its location on a site proposed for the Michigan state capitol. Donated to the Marshall Historical Society by the Board of Education in 1967, it is today a children’s museum with a restored nineteenth century classroom. It is listed in the Historic American Buildings Survey and the National Register of Historic Places.",https://services3.arcgis.com/Jdnp1TjADvSDxMAX/arcgis/rest/services/Historical_Markers_Public_View/FeatureServer/0/1349/attachments/1448,https://catalog.archives.gov/id/25339044,Calhoun,Marshall
"Whaley, Robert J., House",43.01977215400011,-83.68444483399986,building,2012,"Whaley House
The central portion of this handsome Victorian home was built in the late 1850s. Several prominent Flint families lived in it before Robert J. Whaley purchased it 1884. Whaley, a local lumberman and banker, remodeled the house extensively. Three bays, the library alcove, and a west-end addition were among the exterior changes. The interior was enhanced by adding ornate woodwork and colorful tiled fireplaces. In 1925 Whaley’s wife endowed the house, making it a home for elderly women. In 1975 it became a public museum.

Robert J. Whaley
Robert J. Whaley was born in Castile, New Yo…",,https://catalog.archives.gov/id/25339288,Genesee,Flint
Highland United Methodist Church,42.637594461000155,-83.61927150799988,building,2012,"Methodist Episcopal Church of Highland Station
Highland’s Methodist Episcopal Church was organized in 1865. Lester and George St. John built this structure in 1886 on three lots donated by J. B. and Betsey Crouse. In 1946 the former Hickory Ridge School was added to the Victorian church with the south portion completed in 1957. The township purchased the building in 1980 and meticulously renovated and expanded it, repeating the Venetian glass insets in the oriel windows and the ornate scroll-saw trim of the original. It was rededicated as a library in 1982.",,https://catalog.archives.gov/id/25340288,Oakland,Highland
Douglas Union School,42.6440641530001,-86.20374409699997,building,2012,"Douglas Union School
In 1866, faced with the growth of what were then the separate villages of Douglas and Dudleyville, Saugatuck Township Districts No. 3 and 4 merged, forming Union District No. 3. The Douglas Union School opened for classes in September 1866. One male and one female teacher taught 129 pupils that year. Early newspapers reported church services, concerts, and social events taking place in the building’s second floor hall. When it closed in 1957, the school had four classrooms. They were converted to apartments during the 1960s. The bell, made by the Buckeye Bell Foundry of C…",,https://catalog.archives.gov/id/25338817,Allegan,Douglas
Bell Road Bridge,42.40161209100006,-83.90880032099994,structure,2012,"Bell Road Bridge
This Pratt through-truss bridge, erected in 1891, was built by the Wrought Iron Bridge Company of Canton, Ohio. The bridge was assembled on site by a local crew using iron connecting pins that are visible at the deck level. These pins, unique to nineteenth century iron work, made bridges easy to assemble and capable of flexing to accommodate varying weights. The bridge is listed in the National Register of Historic Places.

Dover
Judge Samuel Dexter and Isaac Pomeroy built a sawmill here in 1832. After 1846, Daniel B. Sloan and Company replaced the sawmill with a gristmill ca…",,https://catalog.archives.gov/id/25340708,Washtenaw,Pinckney
Trinity Evangelical Lutheran Church Complex,42.34284602100018,-83.0397244429999,building,2012,"Trinity Lutheran Church
Trinity Lutheran Church, one of the oldest of this denomination in Detroit, was founded in 1850. The Reverend Gottlieb Schaller conducted the early worship services, which were held in the former Mariners Church on Larned Street. In 1866 the congregation built a brick church on this site. After over sixty years of service, it was razed in 1929. The present Neo-Gothic-style church, designed by W. E. N. Hunter, was a gift of Charles Gauss. It was dedicated in 1931. Trinity Lutheran helped to establish many daughter congregations in Detroit. The church also established th…",,https://catalog.archives.gov/id/25340860,Wayne,Detroit
Michigan Central Railroad Depot,42.28721424900009,-83.74222460499988,building,2012,"Michigan Central Railroad Depot
Built in 1886, and conceived by Frederick Spier, the design of this granite block building was influenced by the great American architect Henry Hobson Richardson. The massive arch and two-foot-thick walls are balanced by the simple, precise detailing. Carefully preserved, this depot is a symbol of the elegance and vitality of nineteenth century rail transportation.",https://services3.arcgis.com/Jdnp1TjADvSDxMAX/arcgis/rest/services/Historical_Markers_Public_View/FeatureServer/0/1443/attachments/1533,https://catalog.archives.gov/id/25340627,Washtenaw,Ann Arbor
Central United Methodist Church,42.337514418000175,-83.05084075999997,building,2012,"Central United Methodist Church
Lewis Cass, governor of the Territory of Michigan, approved a constitution for the First Methodist Episcopal Society May 17, 1822. This church, a direct successor, was designed by Gordon W. Lloyd. It was completed in 1867 by the combined efforts of the First Methodist Episcopal Church and the Congress Street Society. When Woodward Avenue was widened in 1936, a thirty-foot section was removed from the nave, and the front and tower were subsequently relocated. The sanctuary was then rededicated. The stained glass windows were installed in 1955. Maintaining the tr…",,https://catalog.archives.gov/id/25338681,Wayne,Detroit
First Congregational Church,42.629198105000164,-85.02527524899989,building,2012,"First Congregational Church
Reverend Sylvester Cochrane, a Congregational minister from Vermont, first conceived of a settlement in Michigan after a visit here in 1835. Returning home he formed a group called the Union Colony, which settled in Vermontville the next year. The colonists were religiously oriented, and one of their stated purposes in settling here was to “remove the moral darkness” which they thought pervaded the West. Church services were first held in a log cabin and later in the academy across the street. The present church was dedicated in 1864. The building strongly resemble…",https://services3.arcgis.com/Jdnp1TjADvSDxMAX/arcgis/rest/services/Historical_Markers_Public_View/FeatureServer/0/1461/attachments/1552,https://catalog.archives.gov/id/25339238,Eaton,Vermontville
Sherman City Union Church,43.72635266500002,-85.0761302259999,building,2012,"Sherman City
Sherman City began with a log store built by E. K. Wood, Giles Gilbert, and Amos Johnson in 1869 and a sawmill built in 1870 by John T. Cahoon. Johnson, Cahoon, and others platted Sherman City between 1870 and 1873. Both the township and the city were named for Civil War general William Tecumseh Sherman. An 1878 tornado destroyed much of the town, but an 1879 map shows thirty buildings, including stores, hotels, and a school. An 1899 map shows thirty-five structures, including one church. Lumber and shingle manufacturing sustained the economy. When the local forests gave out arou…",,https://catalog.archives.gov/id/25339576,Isabella,Sherman City
First Congregational Church,42.248140000000156,-84.40927699999992,building,2024,"First Congregational Church
This monumental Romanesque Revival church was erected in 1859 according to plans by architect Horatio N. White of Syracuse, New York. It is this congregation’s third church. In 1871 the building was raised eight feet to accommodate lower-level classrooms. In September 1861, on the eve of departing for duty in the Civil War, the “Jackson Blair Cadets” and the Jackson County Rifles gathered with their families in the crowded sanctuary. At Detroit’s Fort Wayne the troops joined the Eighth and Ninth Michigan infantries respectively. Beginning in the 1840s with the anti…",https://services3.arcgis.com/Jdnp1TjADvSDxMAX/arcgis/rest/services/Historical_Markers_Public_View/FeatureServer/0/1484/attachments/1585,,Jackson,Jackson
Indian Mission,43.725980192000065,-83.44230287599993,building,2012,"The Indian Mission
<div>Here, on July 1, 1845, three Lutheran missionaries, Rev. Johann J. F. Auch, Rev. J. Simon Dumser, and Rev. George Sinke, arrived. The Lutheran leader, Rev. Friedrich Schmid, sent them from Ann Arbor to evangelize the Chippewa Indians. A log chapel was built here later that summer. In 1849, Rev. Mr. Auch ferried lumber from Lower Saginaw to Shebahyonk on Wild Fowl Bay, seven miles north of Sebewaing. A mission house was built there and dedicated June 27, 1849. Rev. J. F. Maier had charge of the mission. By 1854 the Indians had left these parts. The mission house was sol…",https://services3.arcgis.com/Jdnp1TjADvSDxMAX/arcgis/rest/services/Historical_Markers_Public_View/FeatureServer/0/1485/attachments/1588,https://catalog.archives.gov/id/25339469,Huron,Sebewaing
"Makinen, John J., Bottle House",44.37299264600005,-86.00930174399991,building,2012,"The Bottle House
John J. Makinen Sr. (1871-1942) built this house out of over sixty thousand pop bottles, most of which came from his business, the Northwestern Bottling Works. The bottles were laid on their sides with the bottom ends to the exterior. A native of Finland, Makinen moved to the area in 1903. He completed the house in 1941 but died before his family moved into it. In 1980 the building was purchased by the Kaleva Historical Society, which renovated it to house the Kaleva Historical Museum.",,https://catalog.archives.gov/id/25340009,Manistee,Kaleva
"Hecox, Frank J., House",42.628771065000194,-83.98704676699987,building,2012,"Frank J. Hecox House
This “House of Seven Gables” was built in 1886-87 by the farm family of Frank J. and Ada Hecox. A plastered brick wall in the basement is inscribed with Frank Hecox’s initials and the date 1887. The Hecox family left the area by 1900, and Ada sold the farm in 1909. In 1963 the county acquired most of the acreage to form part of the site of the Livingston County Airport. This house, with its pressed-tin-shingle mansard roof, is a unique example of the Second Empire style in the Howell area.",https://services3.arcgis.com/Jdnp1TjADvSDxMAX/arcgis/rest/services/Historical_Markers_Public_View/FeatureServer/0/1491/attachments/2258,https://catalog.archives.gov/id/25339926,Livingston,Howell
St. Mary's Pro-Cathedral,46.498585889000026,-84.34140308999997,building,2012,"St. Mary's Pro-Cathedral
In 1853 Pope Pius IX separated the Upper Peninsula from the Diocese of Detroit and established a vicariate apostolic. Reverend Frederic Baraga, a missionary from L’Anse, became vicar apostolic and made St. Mary’s Church his headquarters. In 1857 the vicariate became a diocese, Baraga was named “Bishop of the Sault,” and the log church known as St. Mary’s became a cathedral. With the onset of mining, settlements sprang up in the western Upper Peninsula. Faced with the task of serving these remote parishes, Bishop Baraga obtained the pope’s permission to move the seat o…",,https://catalog.archives.gov/id/25339158,Chippewa,Sault Ste. Marie
"Felt, Dorr E., Mansion",42.69694581300018,-86.1936701709999,building,2012,"Felt Mansion
Chicago inventor and businessman Dorr Felt built this house as a summer home for his wife, Agnes. Felt held numerous patents, most notably for the Comptometer, the first machine to do complex calculations. In 1919 Felt purchased more than 750 acres of land here and named it Shore Acres Farm. The family stayed in a farmhouse on the property until 1928, when this house, designed by Frank P. Allen and Son of Grand Rapids, was completed. The estate had extensive gardens, orchards, cornfields, a dairy, vineyards, and a small zoo that was open to the public. Agnes Felt died two months…",https://services3.arcgis.com/Jdnp1TjADvSDxMAX/arcgis/rest/services/Historical_Markers_Public_View/FeatureServer/0/1524/attachments/1626,https://catalog.archives.gov/id/25338825,Allegan,Saugatuck
"Ford, President Gerald R., Jr., Boyhood Home",42.950693293000036,-85.65429708599999,building,2012,"Gerald R. Ford Boyhood Home
Gerald R. Ford, the thirty-eighth president of the U.S., lived here from age eight to seventeen (1921-1930). Of all his boyhood homes, Ford remembered this one most vividly. In his autobiography, Ford recalled that he and his friends used the garage behind the house as a social club. “We learned to play penny-ante poker . . . it was a great hideaway because my parents wouldn’t climb the ladder to get to the second floor--or so I thought.” Ford served Grand Rapids in the U.S. House of Representatives, 1949-1973.

President Gerald R. Ford
In 1973 President Richard M.…",https://services3.arcgis.com/Jdnp1TjADvSDxMAX/arcgis/rest/services/Historical_Markers_Public_View/FeatureServer/0/1528/attachments/1631,https://catalog.archives.gov/id/25339746,Kent,Grand Rapids
"Tuttle, Columbus, House",43.05496747400008,-83.31859785899992,building,2012,"The Tuttle House
<div>Lapeer lumberman Columbus Tuttle and his second wife, Linda, had this Queen Anne house built around 1890. &nbsp;Tuttle’s planing mill provided lumber for the county’s earliest homes and businesses. &nbsp;After lumbering declined during the 1880s, Tuttle’s mills produced finished and ornamental wood products. &nbsp;Tuttle’s grand-daughter, noted author Marguerite deAngeli, featured this house in her 1936 children’s book<em> Ted and Nina have a Happy Rainy Day</em>.</div>",https://services3.arcgis.com/Jdnp1TjADvSDxMAX/arcgis/rest/services/Historical_Markers_Public_View/FeatureServer/0/1532/attachments/1638,https://catalog.archives.gov/id/25338256,Lapeer,Lapeer
North Woodward Congregational Church,42.37976241900002,-83.08015350299996,building,2012,"North Woodward Avenue Congregational Church
North Woodward Avenue Congregational Church was built in stages between 1907 and 1929 in the Neo-Gothic style. When the city’s population shifted as a result of the Great Depression of the 1930s and the influx of factory workers during World War II, much of the congregation’s membership left the city. In 1953 it sold this building to St. John’s Christian Methodist Episcopal Church. Organized on July 8, 1917, as St. John’s Colored Methodist Episcopal Church, it was the first church of its denomination in Detroit and had several homes before becoming…",,https://catalog.archives.gov/id/25338553,Wayne,Detroit
First Presbyterian Church,42.34419077000018,-83.0551854609999,building,2012,"First Presbyterian Church
This building is the fourth home of the First Presbyterian Church, the continuing congregation of the First Protestant Society of Detroit, which was formally incorporated in 1821. The society was organized in 1816 by the Reverend John Monteith, a twenty-eight-year-old graduate of Princeton Theological Seminary, who in 1817 helped found and became the first president of what is now the University of Michigan. This Romanesque-style edifice, designed by George D. Mason and Zachariah Rice, was dedicated in 1891. Its congregation, one of the oldest Protestant ones in the…",,https://catalog.archives.gov/id/25341038,Wayne,Detroit
Detroit Cornice and Slate Company Building,42.33454619899999,-83.04054837599995,building,2012,"Detroit Cornice and Slate Building
Designed by Harry J. Rill in 1897 for the Detroit Cornice and Slate Company, this building features a finely crafted facade of galvanized steel. The use of sheet metal in commercial buildings evolved from the cast iron structures built in New York in the 1850s. Metal permitted elegant ornamentation to be rendered quickly and cheaply. It was also convenient when, as in Detroit, there was a lack of stone quarries and skilled workers. The Detroit Cornice and Slate Company fashioned many of the building’s simulated carvings on the friezes and tympanums in its sh…",,https://catalog.archives.gov/id/25341006,Wayne,Detroit
"Clements, James, Airport Administration Building",43.54793163200008,-83.89186672099993,building,2012,"James Clements Memorial Airport
In 1926 the Bay City Chamber of Commerce recognized the economic benefits that could be derived from a local airport. That year the chamber decided to build one and dedicate it to Bay City men killed during World War I. The Aeronautics Committee immediately sought the financial support of industrialist William L. Clements, whose son Ensign James R. Clements had been an aviator during the war and died of influenza in France. Clements agreed to make a substantial donation, provided the facility was named in honor of his son. This site was chosen because it had se…",,https://catalog.archives.gov/id/25338886,Bay,Bay City
Clare Congregational Church,43.81981696600001,-84.76946521499991,building,2012,"Clare Congregational Church
Saginaw architect William T. Cooper designed this church in a Greek-cross plan. The church, built in 1909, is one of only a few in Michigan that reflect how early twentieth-century Protestants adopted the architecture of fifth- and sixth-century Early Christian central plan churches. The semicircular, auditorium-like sanctuary is embellished with patterns from European-designed stencils. The church’s stained glass windows decorated the original 1874 church.",,https://catalog.archives.gov/id/25339182,Clare,Clare
Hancock Town Hall and Fire Hall,47.12694910800018,-88.58515920099995,building,2012,"Hancock
The Quincy Mining Company platted Hancock in 1859, a decade after the company began mining Keweenaw copper. While many copper towns boomed and busted within a short period of time, Hancock remained stable, incorporating as a city in 1875. By 1897 Hancock’s four thousand citizens wanted a government building that would reflect the city’s prosperity and stature. The Quincy company sold this lot to the city in 1898 and in January 1899 the Town Hall and Fire Hall opened.

Town Hall and Fire Hall
The Marquette firm of Charlton, Gilbert and Demar designed Hancock’s Town Hall and Fire Hall.…",,https://catalog.archives.gov/id/25339415,Houghton,Hancock
"Old Main, Suomi College",47.126867292000156,-88.58846618199999,building,2012,"Suomi College
In the 1880s large numbers of Finns immigrated to Hancock to labor in the copper and lumber industries. One immigrant, mission pastor J. K. Nikander of the Finnish Evangelical Lutheran Church of America, headquartered in Hancock, wanted to ensure seminary training in America. He had observed that Swedish and Finnish immigrants along the Delaware River did not train new ministers, and he feared a loss of Finnish identity. In 1896 Nikander founded Suomi College. The college’s role was to preserve Finnish culture, train Lutheran ministers and teach English. During the 1920s Suomi b…",https://services3.arcgis.com/Jdnp1TjADvSDxMAX/arcgis/rest/services/Historical_Markers_Public_View/FeatureServer/0/1655/attachments/1750,https://catalog.archives.gov/id/25339427,Houghton,Hancock
"Chapoton, Alexander, House",42.33202176000015,-83.04070944399996,building,2012,"Chapoton House
Alexander Chapoton built this Queen Anne-style townhouse in the early 1870s. Chapoton, a builder, was one of the contractors for the state capitol in Lansing. A descendant of one of Detroit’s oldest families, he was a state legislator and a member of the Detroit Board of Public Works. He built this house at a time when Beaubien Street consisted mostly of Victorian row houses. The house, which features a unique Queen Anne living hall, became an art gallery and studio in the 1980s.",,https://catalog.archives.gov/id/25340806,Wayne,Detroit
Orchestra Hall,42.34880122500015,-83.05922079099992,building,2012,"Orchestra Hall
This concert hall was built in 1919 as the home of the Detroit Symphony Orchestra. It was constructed to satisfy the demand of its music director, the internationally esteemed Ossip Gabrilowitsch, that a suitable hall be built. Architect Charles Howard Crane designed this brick and limestone structure, which was completed in five months. The symphony moved to a larger facility in 1939. Two years later this hall became the Paradise Theatre, featuring jazz and vaudeville until 1951. Scheduled for demoliton in 1970 the building was acquired by Save Orchestra Hall, Incorporated. Th…",https://services3.arcgis.com/Jdnp1TjADvSDxMAX/arcgis/rest/services/Historical_Markers_Public_View/FeatureServer/0/1676/attachments/1775,https://catalog.archives.gov/id/25341164,Wayne,Detroit
"Striker, Daniel, House",42.64614087500012,-85.28674012299994,building,2012,"Striker House
Built in the 1880s by Daniel Striker, this Queen Anne-style building was once considered the “handsomest residence in Hastings.” Born in New York State in 1835, Striker moved as a child with his family to Michigan. He was elected to several offices in Barry County, became a lawyer, and in 1871-75 was elected Michigan secretary of state. Striker was also widely known in banking circles. He died in 1898, and after the death of his wife in 1915 the house became a hospital, later a convalescent home.",https://services3.arcgis.com/Jdnp1TjADvSDxMAX/arcgis/rest/services/Historical_Markers_Public_View/FeatureServer/0/1678/attachments/1777,https://catalog.archives.gov/id/25338871,Barry,Hastings
"Custer, George Armstrong, Equestrian Monument",41.91807809900012,-83.3965681869999,object,2012,"George Armstrong Custer
Raised in Monroe, George Armstrong Custer graduated from the U.S. Military Academy at West Point, New York, in 1861. In 1863 he became a brigadier general and commanded the Michigan Cavalry Brigade. “Come On You Wolverines!” was his battle cry while leading his men to victory over the Confederates at Gettysburg on July 3, 1863. Custer commanded a division in the Shenandoah Valley in 1864 and his troops cut off the last avenue of escape for Robert E. Lee’s army at Appomattox Courthouse on April 9, 1865. After the Civil War Custer was appointed lieutenant colonel of the…",https://services3.arcgis.com/Jdnp1TjADvSDxMAX/arcgis/rest/services/Historical_Markers_Public_View/FeatureServer/0/1694/attachments/1798,https://catalog.archives.gov/id/25340150,Monroe,Monroe
"Alten, Mathias., House and Studio",42.962923702000126,-85.63012150999998,building,2012,"Mathias Alten Home & Studio
Grand Rapids painter Mathias Alten and his wife, Bertha, bought this house in 1914. Built in 1907, it was Alten's home and, from 1930 to 1938, his studio. Alten, who emigrated from Germany to Grand Rapids in 1889 at age 17, was a muralist who worked for churches, theatres, and businesses. He soon became a prolific oil painter, steadily developing his style, while traveling extensively. Alten held exhibitions here.

Mathias Alten
Local artist Mathias J. Alten (1871 - 1938) sailed to Paris in 1898 to study art at Academies Julian and Colorossi. Alten traveled and pai…",https://services3.arcgis.com/Jdnp1TjADvSDxMAX/arcgis/rest/services/Historical_Markers_Public_View/FeatureServer/0/1699/attachments/1802,https://catalog.archives.gov/id/25339728,Kent,Grand Rapids
Detroit News Complex,42.32837900000014,-83.05410599999993,building,2024,"The Detroit News
On August 23, 1873, James E. Scripps began publishing the Evening News, one of the first popular, low-priced evening newspapers in Michigan. The News specialized in short, local, human interest stories. Resolutely independent, it has continuously championed political and business reform. In 1917 the enterprise moved to this building designed by Albert Kahn. By its centenary, the Detroit News had attained the largest evening circulation in America.",,,Wayne,Detroit
Norwegian Lutheran Church Complex,45.1973241450001,-83.71965728499993,building,2014,"Norwegian Lutheran Church
Five Norwegian immigrant families established the village of Leer in 1879. They founded the Norwegian Lutheran Church Society in 1882. The small congregation met in a school until it built this church in 1899. Members donated lumber and crafted the baptismal font, altar, pulpit and pews. Services were conducted solely in Norwegian until 1922. The church, parish house and cemetery are listed in the National Register of Historic Places.

Leer
In the summer of 1879 five Norwegian families settled what became the village of Leer. They and those who followed came to Michi…",,,Alpena,Leer
Ann Arbor Railway Station,42.60946148600009,-83.92931506299999,building,2012,"Ann Arbor Railroad
Howell raised twenty thousand dollars in 1885 to induce the Toledo, Ann Arbor and Northern Michigan to enter town. Many believed the town, already served by one railroad, would boom with a second line. Early in 1886 a right-of-way dispute erupted in an armed brawl between workmen of the two lines. The case was mediated in favor of the TAA&NM, and in the summer of 1886 this depot was built. The line was renamed the Ann Arbor Railroad in 1895.",,https://catalog.archives.gov/id/25339943,Livingston,Howell
St. Albertus Roman Catholic Church,42.360098678000085,-83.04186145899995,building,2012,"St. Albertus Church
Polish immigrants arrived in Detroit as early as the 1850s, but not until the Reverend Simon Wieczorek founded St. Albertus Roman Catholic Parish in 1872 did their community have a center. A neighborhood, called Wojciechowo, grew around the parish’s first church. In 1885 the present Gothic Revival building replaced the original wooden frame structure. Inspired by the Reverend Dominic Kolasinski’s concern for Polish traditions, it incorporates twelve lunette panels over the nave arcades, brick detailing, and an octagonal tower common to churches in Poland. Although the comm…",,https://catalog.archives.gov/id/25341052,Wayne,Detroit
Elk Rapids First Methodist Episcopal Church,44.89662200000015,-85.41561599999983,building,2024,"First Methodist Episcopal Church
In  the late 1850s traveling pastors began to conduct Methodist services in Elk Rapids and nearby communities. First Methodist Episcopal Church was organized in the early 1870s. Services were held in a former school and then a former courthouse. The Rev. John W. Hart, who became pastor in 1899, decided the church needed a permanent building. In 1901 the congregation purchased  architectural plans created by Benjamin D. Price and his son Max C. Price, Philadelphia architects who contracted  with the Methodist Episcopal Board of Church Extensions to design a var…",,,Antrim,Elk Rapids
"Deal, J.J., and Son Carriage Factory",41.98252277600011,-84.66252205799996,building,2013,"J.J. Deal And Son Carriage Factory
Around 1865 blacksmith Jacob J. Deal began to build and repair carriages, wagons, sleighs and carts in Jonesville. He had a manufacturing complex on this site by 1884. Jacob’s son, George, became a partner and manager in 1891, and the company was renamed J. J. Deal and Son. Using fire-resistant construction techniques, they built this factory in three phases between 1892 and 1909. When Jacob retired in 1908, George renamed the business Deal Buggy Company. During this time, the business began making automobiles under the name Deal Motor Vehicle Company. Its m…",https://services3.arcgis.com/Jdnp1TjADvSDxMAX/arcgis/rest/services/Historical_Markers_Public_View/FeatureServer/0/1731/attachments/1859,https://catalog.archives.gov/id/25339365,Hillsdale,Jonesville
Port Sanilac Masonic and Town Hall,43.43149710200014,-82.54183469099996,building,2012,"Masonic And Town Hall
The Sanilac Masonic Lodge was organized in 1868. In 1883 lodge members and township officials agreed to build a combined township and Masonic hall on land donated by Christopher Odfield, a Mason. The foundation was built with three-foot-thick walls to provide refuge from future forest fires. When the cornerstone was laid on July 1, 1884, crowds turned out for the event, which was highlighted by Masonic ritual. The building was completed the following year. At the turn of the twenty-first century, the hall retained its fanciful Late Victorian brickwork and interior plan u…",https://services3.arcgis.com/Jdnp1TjADvSDxMAX/arcgis/rest/services/Historical_Markers_Public_View/FeatureServer/0/1751/attachments/1911,https://catalog.archives.gov/id/25340449,Sanilac,Port Sanilac
All Saints' Episcopal Church,42.65638191000005,-86.20090328399993,building,2012,"All Saints Episcopal Church
An Episcopal parish was organized in Saugatuck on All Saints´ Day, November 1, 1868.  Services were held at various locations until 1873.  In 1871 the parish purchased this property.  Detroit architect Gordon W. Lloyd designed the Gothic Revival style church building.  Although services were first held on January 25, 1873, the church was not completed until 1874.  After a period of decline that caused the parish to become a diocesan mission, full parish status was restored in 1946.

Gordon W. Lloyd
Gordon W. Lloyd (1832-1904) was among the Midwest´s foremost church…",,https://catalog.archives.gov/id/25338827,Allegan,Saugatuck
Haymarket Historic District (Boundary Increase II),42.291983354000074,-85.58250922199994,district,2012,"Haymarket Historic District 2
Development began in the Haymarket district as early as the 1830s and was spurred by the construction of the Grand Rapids and Indiana Railroad Depot in 1870. The district became a hub for retail, wholesaling and light manufacturing. It was the business center for the German community. The Desenberg Block at 251 East Michigan Avenue is Michigan’s only surviving example of the work of Chicago architects Dankmar Adler and Louis Sullivan.",https://services3.arcgis.com/Jdnp1TjADvSDxMAX/arcgis/rest/services/Historical_Markers_Public_View/FeatureServer/0/1796/attachments/2010,https://catalog.archives.gov/id/25338182,Kalamazoo,Kalamazoo
Manistee County Courthouse Fountain,44.363350294000156,-86.20659384199986,object,2012,"Manistee Courthouse Fountain
<div>This is one of two cast-iron fountains installed in front of the Manistee County Courthouse in July 1887. Jonathan Moore and William Wilkinson of Brooklyn, New York, created the design. &nbsp;The fountains cost about $500 each. After a fire destroyed the courthouse in 1950, the Portage Lake Garden Club acquired this fountain and moved it to Onekama. Listed in the National Register of Historic Places, it is one of the few surviving nineteenth-century cast-iron courthouse fountains in Michigan.</div>

Onekama Memorial Fountain
<div><font size=1>This fountain on…",https://services3.arcgis.com/Jdnp1TjADvSDxMAX/arcgis/rest/services/Historical_Markers_Public_View/FeatureServer/0/1804/attachments/2032,https://catalog.archives.gov/id/25340029,Manistee,Onekama
Cadillac House,43.268179956000154,-82.53139702299995,building,2024,"Cadillac House
<div>Jeremiah Jenks and John L. Woods built the Cadillac House hotel in the Italianate style in 1860. The business opened on July 4 of that year with great fnfare, including songs from the Lexington Glee Club, a parade, dinner and dancing. The hotel was named for Antoine De La Mothe Cadillac, the founder of Fort Pontchartrain (later Detroit). It inititially housed people staying in Lexington for the fishing and lumber industries. By 1884, Cadillac House was the largest hotel in Lexington. It boasted thirty rooms in 1893.</div>

<div>When Lexington´s fishing and lumber industrie…",https://services3.arcgis.com/Jdnp1TjADvSDxMAX/arcgis/rest/services/Historical_Markers_Public_View/FeatureServer/0/1807/attachments/2043,,Sanilac,Lexington
Michigan Central Railroad Jackson Depot,42.247921943000115,-84.39948738899993,building,2012,"Michigan Central Railroad Depots
In the nineteenth century Jackson's central location in Michigan developed the city into a prominent rail hub. When the Michigan Central Railroad (MCRR) reached Jackson in 1841, it built a passenger depot a block and a half northwest of here, followed by a freight depot at this location. Prior to the Civil War, both were part of a freedom corridor used by the Underground Railroad to help self-liberated people reach Canada. After the Civil War, Jackson led the MCRR in passenger traffic and was second in the amount of freight shipped. In 1873 the MCRR replaced i…",https://services3.arcgis.com/Jdnp1TjADvSDxMAX/arcgis/rest/services/Historical_Markers_Public_View/FeatureServer/0/1812/attachments/2055,https://catalog.archives.gov/id/25339611,Jackson,Jackson
Cathedral Church of St. Paul Complex,42.356285047000135,-83.06371506199997,building,2012,"Cathedral Church of St. Paul
In 1824 the Reverend Richard Cadle led the founding of St. Paul's Church, the first Episcopal church in Michigan. St. Paul's purchased property here in 1892, and construction of this Gothic Revival style cathedral, designed by Ralph Adams Cram, began in 1908. Detroit's Pewabic Pottery fashioned the large installation of ceramic floor tile inside the cathedral. In 1911 Bishop Charles D. Williams dedicated the cathedral. St. Paul's partnered with WWJ, The Detroit New's radio station, in 1922 to become of the first churches in Detroit to broadcast its services live.…",https://services3.arcgis.com/Jdnp1TjADvSDxMAX/arcgis/rest/services/Historical_Markers_Public_View/FeatureServer/0/1813/attachments/2057,https://catalog.archives.gov/id/25338685,Wayne,Detroit
Amity Lodge No. 335 Temple-Spiritual Israel Church and Its Army Temple,42.36453600000009,-82.98693699999994,building,2024,"The Spiritual Israel Church and Its Army
Bishop Derrick Fields founded this congregation of Ethiopian Israelites in Alabama in the early twentieth century. The congregation moved to Detroit during the Great Migration and incorporated in 1938 during the kingship of Bishop William Dixon. I-75's construction in the 1950s forced its relocation from 5434 Hastings Street in Black Bottom. Archbishop Martin Tumpkin led the Spiritual Israel Church and its Army in buying this building in 1960, making it the headquarters of all of the church's temples. Built in 1911 by the Amity and Island View Lodges o…",https://services3.arcgis.com/Jdnp1TjADvSDxMAX/arcgis/rest/services/Historical_Markers_Public_View/FeatureServer/0/1814/attachments/2061,,Wayne,Detroit
Guardian Angels Church,44.241892000000064,-86.32219699999989,building,2024,"Guardian Angels Church
On January 24, 1888, a predominantly Irish and German group left St. Mary’s Catholic Church in Manistee and founded a new church. The Reverend H. W. Grimme became the church’s pastor in May 1888 and proposed that the new church be dedicated to the “Guardian Angel.” In June 1888 the congregation purchased the orchard of the Englemann homestead. There they laid the building’s cornerstone on September 2, 1888. Bishop H. J. Richter dedicated Guardian Angels Church on December 21, 1890. At 170 feet tall and topped with a 12-foot white cross, the church’s steeple placed it am…",https://services3.arcgis.com/Jdnp1TjADvSDxMAX/arcgis/rest/services/Historical_Markers_Public_View/FeatureServer/0/1821/attachments/2075,,Manistee,Manistee
New Bethel Baptist Church,42.36802388000018,-83.10469253699993,building,2022,"New Bethel Baptist Church
The Helping Hand Society, a local prayer group, established the New Bethel Baptist Church in March 1932. Five ministers served as pastor through 1982: V. L. Bolton, H. H. Coleman, N. H. Armstrong, William E. Ramsey, and C. L. Franklin. In June 1961 Franklin, the father of Aretha Franklin, purchased this building after the congregation was forced to leave its site at 4210 Hastings Street in Paradise Valley for construction of the Chrysler Freeway. This building was constructed in 1927 as the Orient Theater and renamed the Oriole the same year. Franklin commissioned lo…",https://services3.arcgis.com/Jdnp1TjADvSDxMAX/arcgis/rest/services/Historical_Markers_Public_View/FeatureServer/0/1833/attachments/2109,,Wayne,Detroit
Saginaw News Building,43.43171900000003,-83.94015699999994,building,2024,"Saginaw News Building
In 1918 a group of investors, led by George G. and Ralph H. Booth of Booth Newspapers, met and merged the Saginaw Evening News and the Courier-Herald into the Saginaw News Courier. The paper was renamed the Saginaw Daily News in 1927 and the Saginaw News on July 24, 1936. By the mid-1950s the company had outgrown its building at the corner of Federal and South Washington Avenues. Work began on this building, adjacent to the old structure, on August 19, 1958. The new headquarters was occupied by 1960, at which time the old building was demolished. The new structure housed…",https://services3.arcgis.com/Jdnp1TjADvSDxMAX/arcgis/rest/services/Historical_Markers_Public_View/FeatureServer/0/1835/attachments/2115,,Saginaw,Saginaw
First Presbyterian Church,43.60219028500017,-83.17436759399999,building,2012,"First Presbyterian Church
Three people gathered in June 1877 to form the First Presbyterian Society of Cass City. The congregation soon called its first pastor, the Reverend John Kelland, who led fundraising efforts to build a permanent home for the society. By the fall of 1878, a wood building was erected on this site. The current church, which incorporated the original building, was dedicated on February 10, 1907, with three services. The city´s other churches closed that day as their members joined in the celebration. Noted at that time for its ""modern conveniences,"" the church retains suc…",https://services3.arcgis.com/Jdnp1TjADvSDxMAX/arcgis/rest/services/Historical_Markers_Public_View/FeatureServer/0/1854/attachments/2159,https://catalog.archives.gov/id/25340565,Tuscola,Cass City
Malcolm X House,42.277445580000176,-83.31293303299998,building,2022,"Malcolm X Shabazz
Malcolm Little (1925-1965) arrived at this house on August 8, 1952. He  joined the Nation of Islam (NOI) soon after, taking the name Malcolm X.      He became the assistant minister at Detroit’s Temple No. 1 in mid-1953. He was later sent to the East Coast to aid in recruiting and founding temples. In 1958 he proposed to Betty Dean Sanders from a Detroit phone booth. They wed a few days later in Lansing. In December 1963 Malcolm gave his “Message to the Grass Roots” speech at King Solomon Baptist Church in Detroit. He left NOI in March 1964   and started two new organization…",https://services3.arcgis.com/Jdnp1TjADvSDxMAX/arcgis/rest/services/Historical_Markers_Public_View/FeatureServer/0/1868/attachments/2415,,Wayne,Inkster
Civil War Memorial,41.89646500000003,-84.02928799999997,object,2012,,,,Lenawee,Adrian
Kent County Civil War Monument,42.96363885400012,-85.6678706059999,object,2012,,,https://catalog.archives.gov/id/25339730,Kent,Grand Rapids
Michigan Soldiers' and Sailors' Monument,42.33164791100017,-83.04652328099996,object,2012,,,https://catalog.archives.gov/id/25341172,Wayne,Detroit
Bagley Memorial Fountain,42.332097930000025,-83.0465378839999,object,2012,,,https://catalog.archives.gov/id/25341030,Wayne,Detroit
Ironwood Theatre Complex,46.453968640000085,-90.16947755899997,building,2012,,,https://catalog.archives.gov/id/25339328,Gogebic,Ironwood
Chicago and Northwestern Railroad Depot,46.455699028000076,-90.17029942999996,building,2012,,,https://catalog.archives.gov/id/25339320,Gogebic,Ironwood
Gogebic County Courthouse,46.48217061900004,-90.05323003099996,building,2012,,,https://catalog.archives.gov/id/25339318,Gogebic,Bessemer
"Curry, Solomon S., House",46.455755802000155,-90.1617015949999,building,2012,,,https://catalog.archives.gov/id/25339331,Gogebic,Ironwood
Ironwood City Hall,46.45442737300011,-90.16619821599988,building,2012,,,https://catalog.archives.gov/id/25339324,Gogebic,Ironwood
Memorial Building,46.45558944099996,-90.1658774519999,building,2012,,,https://catalog.archives.gov/id/25339322,Gogebic,Ironwood
Newton-Allaire House,45.646547811000175,-84.47904374399991,building,2012,,,https://catalog.archives.gov/id/25339131,Cheboygan,Cheboygan
"Church, Philetus S., House",46.521199502000115,-84.12244971699994,building,2012,,,https://catalog.archives.gov/id/25339152,Chippewa,Sugar Island
"MacLachlan, Dr. Charles H., Sanitarium and House",43.386013724000065,-84.74642360899996,building,2012,,,https://catalog.archives.gov/id/25339359,Gratiot,Elwell
"Appeldorn, Peter B., House",42.28322695200011,-85.5918014159999,building,2012,,,https://catalog.archives.gov/id/25338169,Kalamazoo,Kalamazoo
"Gibbs, John, House",42.25962967099997,-85.64021458799994,building,2012,,,https://catalog.archives.gov/id/25338201,Kalamazoo,Kalamazoo
Illinois Envelope Co. Building,42.271932966,-85.57786487499999,building,2012,,,https://catalog.archives.gov/id/25338210,Kalamazoo,Kalamazoo
Lawrence and Chapin Building,42.29282656100008,-85.5851589749999,building,2012,,,https://catalog.archives.gov/id/25338203,Kalamazoo,Kalamazoo
"Montague, Henry, House",42.28367164400015,-85.59870470599999,building,2012,,,https://catalog.archives.gov/id/25338207,Kalamazoo,Kalamazoo
Old Fire House No. 4,42.297305047999984,-85.5831785879999,building,2012,,,https://catalog.archives.gov/id/25338205,Kalamazoo,Kalamazoo
"Prentice, Alonzo T., House",42.28853330100013,-85.59489769799984,building,2012,,,https://catalog.archives.gov/id/25338161,Kalamazoo,Kalamazoo
"Roberts, Martin W., House",42.28175031300008,-85.59256192399994,building,2012,,,https://catalog.archives.gov/id/25338167,Kalamazoo,Kalamazoo
"Shaffer, Enoch, House",42.30601714200002,-85.60330580699991,building,2012,,,https://catalog.archives.gov/id/25338163,Kalamazoo,Kalamazoo
State Hospital Gatehouse,42.28139056300018,-85.59996796099993,building,2012,,,https://catalog.archives.gov/id/25338165,Kalamazoo,Kalamazoo
"Stevens, Andrew J., House",42.2517581190001,-85.61456295499988,building,2012,,,https://catalog.archives.gov/id/25338155,Kalamazoo,Kalamazoo
"Welsh, William L., Terrace",42.284878196000136,-85.58327467999995,building,2012,,,https://catalog.archives.gov/id/25338153,Kalamazoo,Kalamazoo
Aldrich Building,42.96519493100015,-85.67004416799995,building,2012,,,https://catalog.archives.gov/id/25339691,Kent,Grand Rapids
Fine Arts Building,42.967040919000176,-85.673928296,building,2012,,,https://catalog.archives.gov/id/25339683,Kent,Grand Rapids
Loraine Building,42.962982999000126,-85.66567771999992,building,2012,,,https://catalog.archives.gov/id/25339665,Kent,Grand Rapids
Harlow Block,46.543490642000094,-87.392976849,building,2012,,,https://catalog.archives.gov/id/25340053,Marquette,Marquette
Old Central High School,42.28469614400017,-85.59043460899993,building,2012,,,https://catalog.archives.gov/id/25338195,Kalamazoo,Kalamazoo
First United Presbyterian Church,46.49474523700001,-84.34654259899992,building,2012,,,https://catalog.archives.gov/id/25339162,Chippewa,Sault Ste. Marie
Portland First Congregational Church,42.86693965200009,-84.85120348599992,building,2012,,,https://catalog.archives.gov/id/25339533,Ionia,Portland
Holland Old City Hall and Fire Station,42.79001354800004,-86.10235391099991,building,2012,,,https://catalog.archives.gov/id/25340362,Ottawa,Holland
"Gold, Egbert H., Estate",42.78096354500007,-86.15578606899999,building,2012,,,https://catalog.archives.gov/id/25340380,Ottawa,Holland
Chippewa County Courthouse,46.49814029900011,-84.34546504999997,building,2012,,,https://catalog.archives.gov/id/25339144,Chippewa,Sault Ste. Marie
Beechwood Store,46.15987943700002,-88.75765834699989,building,2012,,,https://catalog.archives.gov/id/25338099,Iron,Iron River Township
Bethany Lutheran Church,46.15936387000011,-88.76191598699995,building,2012,,,https://catalog.archives.gov/id/25338141,Iron,Iron River
"Bowers, Joseph, House",46.234581406000125,-88.44943334199998,building,2012,,,https://catalog.archives.gov/id/25338035,Iron,Amasa
"Byers, Isaac W., House",46.087629528000086,-88.64748573999992,building,2012,,,https://catalog.archives.gov/id/25338103,Iron,Iron River
Caspian Community Center,46.06190229200018,-88.6277148219999,building,2012,,,https://catalog.archives.gov/id/25338109,Iron,Caspian
Crystal Inn,46.096945435000066,-88.33314116499997,building,2012,,,https://catalog.archives.gov/id/25338097,Iron,Crystal Falls
"Diele, Ernest, House",46.09553442499998,-88.33064921599987,building,2012,,,https://catalog.archives.gov/id/25337999,Iron,Crystal Falls
Finnish and Swedish Mercantile Association Building,46.096862991000116,-88.33249233699998,building,2012,,,https://catalog.archives.gov/id/25338101,Iron,Crystal Falls
First National Bank Building,46.04575982500012,-88.37662870299988,building,2012,,,https://catalog.archives.gov/id/25338053,Iron,Alpha
"Frailing, Henry H., House",46.09333729700012,-88.63860071399988,building,2012,,,https://catalog.archives.gov/id/25338049,Iron,Iron River
"Haggerty, Dennis J., House",46.087653736000156,-88.64580496999986,building,2012,,,https://catalog.archives.gov/id/25338083,Iron,Iron River
"Hane, Gottfried, House",46.09340762600015,-88.64623497399998,building,2012,,,https://catalog.archives.gov/id/25338029,Iron,Iron River
"Hamilton, George, House",46.084090556000035,-88.64324152099994,building,2012,,,https://catalog.archives.gov/id/25338067,Iron,Stambaugh
"Hanna, M.A., Company Michigan District Superintendent's House",46.08399873500013,-88.64336812999993,building,2012,,,https://catalog.archives.gov/id/25338069,Iron,Stambaugh
"Hanson, John W., House",46.082808858000185,-88.62587267499998,building,2012,,,https://catalog.archives.gov/id/25338007,Iron,Stambaugh
"Harris, Joseph, House",46.08231376000008,-88.63219543199983,building,2012,,,https://catalog.archives.gov/id/25338001,Iron,Stambaugh
House at 902 Selden Road,46.0802184320001,-88.64338513299992,building,2012,,,https://catalog.archives.gov/id/25338079,Iron,Stambaugh
Iron County Fair Exhibition Hall,46.1006046330001,-88.64644932599998,building,2012,,,https://catalog.archives.gov/id/25337995,Iron,Iron River
Iron River Creamery,46.09325474500019,-88.63808083299989,building,2012,,,https://catalog.archives.gov/id/25338045,Iron,Iron River
Iron River Town Hall,46.09188862100018,-88.63920455399995,building,2012,,,https://catalog.archives.gov/id/25338091,Iron,Iron River
Italian Society Duke of Abruzzi Hall,46.06126889300009,-88.6216198649999,building,2012,,,https://catalog.archives.gov/id/25338145,Iron,Caspian
"Jacobson, Jacob, House",46.235217756000054,-88.44893133199992,building,2012,,,https://catalog.archives.gov/id/25338043,Iron,Amasa
"Joseph, Joseph, House",46.090060383000036,-88.6474288199999,building,2012,,,https://catalog.archives.gov/id/25338033,Iron,Iron River
"Hasselstrom, John, House",46.09784669600009,-88.33303352399997,building,2012,,,https://catalog.archives.gov/id/25338023,Iron,Crystal Falls
"Levine, Louis, House",46.08427048200019,-88.64324686799995,building,2012,,,https://catalog.archives.gov/id/25338015,Iron,Stambaugh
"MacKinnon, Donald C., House",46.09220084600014,-88.64878616099998,building,2012,,,https://catalog.archives.gov/id/25338065,Iron,Iron River
"McQuown, Lafayette, House",46.084712554000134,-88.63123152099989,building,2012,,,https://catalog.archives.gov/id/25338025,Iron,Stambaugh
Munro-M.A. Hanna Mining Company Office Building,46.089042232000104,-88.64312997699994,building,2012,,,https://catalog.archives.gov/id/25338137,Iron,Iron River
"Murphy, Timothy, House",46.09749282000013,-88.33250751499997,building,2012,,,https://catalog.archives.gov/id/25338031,Iron,Crystal Falls
"Parks, John H., Company-Wills Hardware Building",46.09651212200015,-88.33170767999997,building,2012,,,https://catalog.archives.gov/id/25338051,Iron,Crystal Falls
"Rau, Herman, House",46.0955193800001,-88.33194250099997,building,2012,,,https://catalog.archives.gov/id/25338019,Iron,Crystal Falls
"Ross, David M., House",46.09487750400012,-88.33296194699989,building,2012,,,https://catalog.archives.gov/id/25338011,Iron,Crystal Falls
"Royce, Steven, House",46.0969356490001,-88.34167922099988,building,2012,,,https://catalog.archives.gov/id/25338125,Iron,Crystal Falls
"Russell, William, House",46.09446073200007,-88.33010593099992,building,2012,,,https://catalog.archives.gov/id/25338093,Iron,Crystal Falls
Scalcucci's Grocery,46.10820341200008,-88.63748878899992,building,2012,,,https://catalog.archives.gov/id/25338139,Iron,Iron River
"Soderman, John, Farmhouse",46.10446262900012,-88.33681585199992,building,2012,,,https://catalog.archives.gov/id/25337993,Iron,Crystal Falls
Spies Boardinghouse,46.10954056900017,-88.63209375399994,building,2012,,,https://catalog.archives.gov/id/25338075,Iron,Mineral Hills
"Tully, William J., House",46.093433678000174,-88.64442472399998,building,2012,,,https://catalog.archives.gov/id/25338087,Iron,Iron River
"Van Wagner, Harvey, House",46.089001316000065,-88.64597442999991,building,2012,,,https://catalog.archives.gov/id/25338013,Iron,Iron River
Wall-Seppanen House,46.08801172500017,-88.64594497199988,building,2012,,,https://catalog.archives.gov/id/25338055,Iron,Iron River
"Windsor, Joseph, House",46.09161395700016,-88.64579349999997,building,2012,,,https://catalog.archives.gov/id/25338005,Iron,Iron River
Grass Lake Public School,42.25188812300019,-84.20453506399997,building,2012,,,https://catalog.archives.gov/id/25339597,Jackson,Grass Lake
Duff Building,42.998653647000076,-84.17152673899994,building,2012,,,https://catalog.archives.gov/id/25338488,Shiawassee,Owosso
Grow Block,42.99883958300005,-84.17176355399988,building,2012,,,https://catalog.archives.gov/id/25338490,Shiawassee,Owosso
Clark Memorial Hall,41.89885452100009,-84.03833935599994,building,2012,,,https://catalog.archives.gov/id/25339906,Lenawee,Adrian
Sessions Schoolhouse,42.955178814000185,-85.13304486899995,building,2012,,,https://catalog.archives.gov/id/25339539,Ionia,Ionia
"Hemingway, Ernest, Cottage",45.28014104800018,-84.99935158299992,building,2012,,,https://catalog.archives.gov/id/25338742,Emmet,Walloon Lake
"Hovey, Horatio N., House",43.231517746000016,-86.25157468099991,building,2012,,,https://catalog.archives.gov/id/25340165,Muskegon,Muskegon
"Sherwood, James Noble, House",42.43201995300018,-85.61923812899995,building,2012,,,https://catalog.archives.gov/id/25338823,Allegan,Plainwell
Joy House,42.27364753000012,-84.96359971299995,building,2012,,,https://catalog.archives.gov/id/25339052,Calhoun,Marshall
Emporium,42.27226363000004,-84.95971546499999,building,2012,,,https://catalog.archives.gov/id/25339030,Calhoun,Marshall
Cortright-Van Patten Mill,42.14641060900015,-84.80287755799998,building,2012,,,https://catalog.archives.gov/id/25338996,Calhoun,Homer
Douglass House,47.121888688000176,-88.56707921799995,building,2012,,,https://catalog.archives.gov/id/25339379,Houghton,Houghton
Kewawenon Mission,46.79366854200003,-88.42823069999997,building,2012,,,https://catalog.archives.gov/id/25338863,Baraga,Zeba
Lieblein House,47.126808020000055,-88.58884677999998,building,2012,,,https://catalog.archives.gov/id/25339383,Houghton,Hancock
Gardner House,45.24139360700007,-84.77893743399984,building,2012,,,https://catalog.archives.gov/id/25339020,Calhoun,Albion
Wagner's Block,42.271705171000114,-84.95970920799994,building,2012,,,https://catalog.archives.gov/id/25339032,Calhoun,Marshall
Calumet Theatre,47.248530491000096,-88.45345755899996,building,2012,,,https://catalog.archives.gov/id/25339441,Houghton,Calumet
Calumet Fire Station,47.24769906000012,-88.45373878199996,building,2012,,,https://catalog.archives.gov/id/25339421,Houghton,Calumet
"Grosvenor, E. O., House",41.98201503100011,-84.65970404699993,building,2012,,,https://catalog.archives.gov/id/25339373,Hillsdale,Jonesville
Stonehall,42.274202628000076,-84.96443069099996,building,2012,,,https://catalog.archives.gov/id/25339002,Calhoun,Marshall
"Prindle, William, Livery Stable",42.27140899700009,-84.96381721199992,building,2012,,,https://catalog.archives.gov/id/25339034,Calhoun,Marshall
Oakhill,42.27781381900012,-84.95582578299998,building,2012,,,https://catalog.archives.gov/id/25339014,Calhoun,Marshall
National House,42.27197822000004,-84.96442944599994,building,2012,,,https://catalog.archives.gov/id/25339058,Calhoun,Marshall
"Treadwell, William, House",41.86313540600008,-84.3646598599999,building,2012,,,https://catalog.archives.gov/id/25339367,Hillsdale,Hudson
"Kirby, William R., Sr., House",41.92664634000003,-84.57809280599996,building,2012,,,https://catalog.archives.gov/id/25339371,Hillsdale,Hillsdale
"Stimpson, Forrest J., House",45.786860242000046,-84.72707990099997,building,2012,,,https://catalog.archives.gov/id/25339129,Cheboygan,Mackinaw City
Hedden Hall,44.964668275000065,-85.48485134199991,building,2012,,,https://catalog.archives.gov/id/25339348,Grand Traverse,Traverse City
"Hannah, Perry, House",44.76121182700017,-85.62663694499997,building,2012,,,https://catalog.archives.gov/id/25339338,Grand Traverse,Traverse City
"Lardner, Ring, House",41.827545396000055,-86.25473759099998,building,2012,,,https://catalog.archives.gov/id/25338946,Berrien,Niles
"Protar, Feodar, Cabin",45.70357834800012,-85.56329119299996,building,2012,,,https://catalog.archives.gov/id/25339124,Charlevoix,St. James
Brown-Price House,42.74504998100008,-84.5525418069999,building,2012,,,https://catalog.archives.gov/id/25339491,Ingham,Lansing
State Office Building,42.730750735000186,-84.5576237279999,building,2012,,,https://catalog.archives.gov/id/25339509,Ingham,Lansing
"Moon, Darius B., House",42.73186561000011,-84.57193251199999,building,2012,,,https://catalog.archives.gov/id/25339483,Ingham,Lansing
South Range Community Building,47.06966107500005,-88.64338841699993,building,2012,,,https://catalog.archives.gov/id/25339393,Houghton,South Range
Kaleva Temple,47.07007245500017,-88.64294006999994,building,2012,,,https://catalog.archives.gov/id/25339395,Houghton,South Range
Lake Linden Village Hall and Fire Station,47.192247882000046,-88.40848946099995,building,2012,,,https://catalog.archives.gov/id/25339417,Houghton,Lake Linden
Merrylees-Post House,42.578948661000084,-84.45121371899995,building,2012,,,https://catalog.archives.gov/id/25337951,Ingham,Mason
"Bosch, Joseph, Building",47.191156233000065,-88.40945068399998,building,2012,,,https://catalog.archives.gov/id/25339389,Houghton,Lake Linden
Jacobsville Finnish Lutheran Church,46.98443161000005,-88.41861030299998,building,2012,,,https://catalog.archives.gov/id/25339403,Houghton,Jacobsville
Houghton County Courthouse,47.12048706500007,-88.57086125399996,building,2012,,,https://catalog.archives.gov/id/25339413,Houghton,Houghton
St. Katherine's Chapel,42.71864491900004,-84.3619216049999,building,2012,,,https://catalog.archives.gov/id/25339513,Ingham,East Lansing
Eustace Hall,42.69891950300007,-84.44748269199994,building,2012,,,https://catalog.archives.gov/id/25339475,Ingham,East Lansing
Lovell-Webber House,42.98364291600005,-85.06473840699988,building,2012,,,https://catalog.archives.gov/id/25339531,Ionia,Ionia
Michigan Central Depot,42.295515603000176,-85.58412843199989,building,2012,,,https://catalog.archives.gov/id/25339655,Kalamazoo,Kalamazoo
Masonic Temple Building,42.29381692900016,-85.58513684499991,building,2012,,,https://catalog.archives.gov/id/25339643,Kalamazoo,Kalamazoo
Desenberg Building,42.292412546000044,-85.58080140599986,building,2012,,,https://catalog.archives.gov/id/25339629,Kalamazoo,Kalamazoo
Kalamazoo State Hospital Water Tower,42.27707322100014,-85.60782471999988,building,2012,,,https://catalog.archives.gov/id/25339627,Kalamazoo,Kalamazoo
Ladies Library Association Building,42.28897602800009,-85.58694312099999,building,2012,,,https://catalog.archives.gov/id/25339653,Kalamazoo,Kalamazoo
"Jameson, James M., Farm",42.380563426000144,-84.60130349199989,building,2012,,,https://catalog.archives.gov/id/25339587,Jackson,Springport
Eagle Harbor Schoolhouse,47.45657534700017,-88.16278809199997,building,2012,,,https://catalog.archives.gov/id/25339781,Keweenaw,Eagle Harbor
Mann House,42.17920047000013,-84.64247479099998,building,2012,,,https://catalog.archives.gov/id/25339607,Jackson,Concord
Jackson District Library,42.24800515700006,-84.41111978099995,building,2012,,,https://catalog.archives.gov/id/25339599,Jackson,Jackson
Michigan Theater,42.24807011000018,-84.40602645399998,building,2012,,,https://catalog.archives.gov/id/25339609,Jackson,Jackson
"Blackbird, Chief Andrew J., House",45.430209120000136,-84.98472406099995,building,2012,,,https://catalog.archives.gov/id/25339273,Emmet,Harbor Springs
"Sharp, Ella, House",42.21499222000016,-84.41670803499994,building,2012,,,https://catalog.archives.gov/id/25339579,Jackson,Jackson
"Hackley, Charles H., House",43.23139458500003,-86.25895281399994,building,2012,,,https://catalog.archives.gov/id/25340173,Muskegon,Muskegon
Stone Post Office,42.247591927000144,-84.40877316299996,building,2012,,,https://catalog.archives.gov/id/25339595,Jackson,Jackson
Hume House,43.23139458500003,-86.25895281399994,building,2012,,,https://catalog.archives.gov/id/25340171,Muskegon,Muskegon
Shay Complex,45.430422743000115,-84.98407724199988,building,2012,,,https://catalog.archives.gov/id/25339266,Emmet,Harbor Springs
Ontonagon County Courthouse,46.87405667200015,-89.31134205399991,building,2012,,,https://catalog.archives.gov/id/25340344,Ontonagon,Ontonagon
Oscoda County Courthouse,44.61362263899996,-84.1236162229999,building,2012,,,https://catalog.archives.gov/id/25340352,Oscoda,Mio
Carnegie Public Library,45.74407218200001,-87.05631196399986,building,2012,,,https://catalog.archives.gov/id/25339201,Delta,Escanaba
"Silliman, Arthur, House",41.94359633200003,-85.63197944299998,building,2012,,,https://catalog.archives.gov/id/25340545,St. Joseph,Three Rivers
Nottawa Stone School,41.919629239,-85.44038769299988,building,2012,,,https://catalog.archives.gov/id/25340539,St. Joseph,Nottawa
Longyear Hall of Pedagogy-Northern Michigan University,46.55616198900003,-87.39802535999995,building,2012,,,https://catalog.archives.gov/id/25340063,Marquette,Marquette
Mather Inn,46.491638598000115,-87.66831557799998,building,2012,,,https://catalog.archives.gov/id/25340059,Marquette,Ishpeming
Upper Peninsula Brewing Company Building,46.54698328500018,-87.4230008749999,building,2012,,,https://catalog.archives.gov/id/25340057,Marquette,Marquette
Savings Bank Building,46.542952048000124,-87.39258170699986,building,2012,,,https://catalog.archives.gov/id/25340043,Marquette,Marquette
Greensky Hill Mission,45.32847312400008,-85.18485988399999,building,2012,,,https://catalog.archives.gov/id/25339120,Charlevoix,Charlevoix
"Church of Our Saviour, Friend of Children",46.5292822300001,-84.1512071319999,building,2012,,,https://catalog.archives.gov/id/25339154,Chippewa,Sault Ste. Marie
"Johnston, John, House",46.49924448900014,-84.33876431799996,building,2012,,,https://catalog.archives.gov/id/25339170,Chippewa,Sault Ste. Marie
Amazon Hosiery Mill,43.233534647,-86.25709195999991,building,2012,,,https://catalog.archives.gov/id/25340175,Muskegon,Muskegon
Muskegon YMCA Building,43.23529295100019,-86.25054333399993,building,2012,,,https://catalog.archives.gov/id/25340163,Muskegon,Muskegon
Marantette House,42.000041871000064,-85.45527133499992,building,2012,,,https://catalog.archives.gov/id/25340527,St. Joseph,Mendon
Farrand Hall,41.94833986900005,-85.34256836699991,building,2012,,,https://catalog.archives.gov/id/25340541,St. Joseph,Colon
Art Gallery Building,41.841536141000056,-85.66896201599997,building,2012,,,https://catalog.archives.gov/id/25340533,St. Joseph,Constantine
First Congregational Church,44.24472277500008,-86.32353566499997,building,2012,,,https://catalog.archives.gov/id/25340025,Manistee,Manistee
Bradley House,43.6286312580001,-84.26777772199988,building,2012,,,https://catalog.archives.gov/id/25340130,Midland,Midland
Van Buren County Courthouse Complex,42.21612491600006,-85.89084936199998,building,2012,,,https://catalog.archives.gov/id/25340583,Van Buren,Paw Paw
"Gould, Daniel, House",42.99765921600015,-84.16408942399987,building,2012,,,https://catalog.archives.gov/id/25338436,Shiawassee,Owosso
"Williams, Benjamin, House",43.003882332000096,-84.1717776079999,building,2012,,,https://catalog.archives.gov/id/25338480,Shiawassee,Owosso
"Williams, Alfred, House",43.00335176900017,-84.17216998999993,building,2012,,,https://catalog.archives.gov/id/25338440,Shiawassee,Owosso
"Gould, Ebenezer, House",42.997387009000136,-84.17857709899994,building,2012,,,https://catalog.archives.gov/id/25338438,Shiawassee,Owosso
"Gould, Amos, House",43.00450586400018,-84.17150363899998,building,2012,,,https://catalog.archives.gov/id/25338472,Shiawassee,Owosso
"Frieseke, Frederick, Birthplace and Boyhood Home",43.00436231700012,-84.17298243999994,building,2012,,,https://catalog.archives.gov/id/25338450,Shiawassee,Owosso
"Palmer, Albert, House",42.999635515000186,-84.17847417099996,building,2012,,,https://catalog.archives.gov/id/25338478,Shiawassee,Owosso
"Ayres, Nathan, House",43.003100111000144,-84.172917624,building,2012,,,https://catalog.archives.gov/id/25338448,Shiawassee,Owosso
"McCormick, Colin, House",42.998215105000035,-84.16835738099996,building,2012,,,https://catalog.archives.gov/id/25338446,Shiawassee,Owosso
"Todd, Edwin, House",43.00286357800018,-84.17427796699991,building,2012,,,https://catalog.archives.gov/id/25338460,Shiawassee,Owosso
"Miner, Selden, House",43.00505242700017,-84.17540452199995,building,2012,,,https://catalog.archives.gov/id/25338456,Shiawassee,Owosso
"Opdyke, Sylvester, House",43.00461179200005,-84.17579276199996,building,2012,,,https://catalog.archives.gov/id/25338458,Shiawassee,Owosso
"Perrigo, George, House",42.999087452000026,-84.1818114639999,building,2012,,,https://catalog.archives.gov/id/25338462,Shiawassee,Owosso
"Christian, Leigh, House",43.00361250800016,-84.17178998299993,building,2012,,,https://catalog.archives.gov/id/25338464,Shiawassee,Owosso
Christian-Ellis House,43.00283028700016,-84.17292999399997,building,2012,,,https://catalog.archives.gov/id/25338466,Shiawassee,Owosso
"Pardee, George, House",43.00299200400012,-84.17218648899996,building,2012,,,https://catalog.archives.gov/id/25338468,Shiawassee,Owosso
Old Miller Hospital,42.99674761100015,-84.17455827099991,building,2012,,,https://catalog.archives.gov/id/25338476,Shiawassee,Owosso
Menominee County Courthouse,45.10714397000004,-87.61310621099994,building,2012,,,https://catalog.archives.gov/id/25340117,Menominee,Menominee
Curwood Castle,42.99280295100009,-84.17525424599995,building,2012,,,https://catalog.archives.gov/id/25340476,Shiawassee,Owosso
"Calkins, Charles H., House",42.82420712600003,-84.21790747899985,building,2012,,,https://catalog.archives.gov/id/25340470,Shiawassee,Perry
Huron Islands Lighthouse,46.96320332100014,-87.9996012869999,building,2012,,,https://catalog.archives.gov/id/25340089,Marquette,Big Bay
"Stuart, Robert, House",45.84982048200004,-84.61876921399994,building,2012,,,https://catalog.archives.gov/id/25339962,Mackinac,Mackinac Island
"Shelden, Ransom B., House",47.12076753300004,-88.55359927399991,building,2012,,,https://catalog.archives.gov/id/25339387,Houghton,Houghton
Elmwood,46.49583202300004,-84.33137206799991,building,2012,,,https://catalog.archives.gov/id/25339139,Chippewa,Sault Ste. Marie
Union School,42.997717683000126,-84.56081649499991,building,2012,,,https://catalog.archives.gov/id/25339190,Clinton,St. Johns
Third Reformed Church of Holland,42.785292992000095,-86.11254510499998,building,2012,,,https://catalog.archives.gov/id/25340396,Ottawa,Holland
"Geary, Mathew, House",45.85052918200006,-84.61822374199994,building,2012,,,https://catalog.archives.gov/id/25339960,Mackinac,Mackinac Island
Federal Building,42.73198170800015,-84.55623176699993,building,2012,,,https://catalog.archives.gov/id/25337945,Ingham,Lansing
Strand Theatre and Arcade,42.73187998200006,-84.55147194099999,building,2012,,,https://catalog.archives.gov/id/25337975,Ingham,Lansing
First Baptist Church,42.73572409000018,-84.55437458199992,building,2012,,,https://catalog.archives.gov/id/25337955,Ingham,Lansing
Masonic Temple Building,42.73192173900008,-84.55342468699985,building,2012,,,https://catalog.archives.gov/id/25337949,Ingham,Lansing
"Knapp, J.W., Company Building",42.73109632600006,-84.55272425399988,building,2012,,,https://catalog.archives.gov/id/25337947,Ingham,Lansing
Hall-Fowler Memorial Library,42.98363659900013,-85.06223652499989,building,2012,,,https://catalog.archives.gov/id/25339535,Ionia,Ionia
Dodge Mansion,42.750982967000134,-84.55206394299995,building,2012,,,https://catalog.archives.gov/id/25339495,Ingham,Lansing
Ingham County Courthouse,42.57892220800011,-84.44275850099997,building,2012,,,https://catalog.archives.gov/id/25339527,Ingham,Mason
"Ferry, Edward P., House",43.059725754000105,-86.22725958499991,building,2012,,,https://catalog.archives.gov/id/25340368,Ottawa,Grand Haven
First Congregational Church,47.188618770000176,-88.41090162199998,building,2012,,,https://catalog.archives.gov/id/25339419,Houghton,Lake Linden
"Barry, Gov. John S., House",41.84567009400007,-85.67206844799995,building,2012,,,https://catalog.archives.gov/id/25340555,St. Joseph,Constantine
Grove Hill New Mission Church,45.05756228800015,-85.58622885999995,building,2012,,,https://catalog.archives.gov/id/25339846,Leelanau,Omena
Graham House,42.93446917000016,-85.34196314499991,building,2012,,,https://catalog.archives.gov/id/25339720,Kent,Lowell
"Nice, Philip, House",42.583011272000086,-84.44763619199996,building,2012,,,https://catalog.archives.gov/id/25337961,Ingham,Mason
Presque Isle County Courthouse,45.357904843000135,-84.22982889299999,building,2012,,,https://catalog.archives.gov/id/25340400,Presque Isle,Onaway
Portage Street Fire Station,42.27957945600013,-85.56993157299996,building,2012,,,https://catalog.archives.gov/id/25339661,Kalamazoo,Kalamazoo
Mason District Number 5 Schoolhouse,41.776047759000164,-85.89772863499996,building,2012,,,https://catalog.archives.gov/id/25339080,Cass,Edwardsburg
Richardson Silk Mill,43.0986968630001,-85.23400294899993,building,2012,,,https://catalog.archives.gov/id/25339547,Ionia,Belding
Lobb House,46.41046957100013,-86.65732688199996,building,2012,,,https://catalog.archives.gov/id/25338809,Alger,Munising
Antrim County Courthouse,44.97574165600013,-85.20807192699993,building,2012,,,https://catalog.archives.gov/id/25338848,Antrim,Bellaire
Elk Rapids Township Hall,43.277006682000035,-85.45975001799991,building,2012,,,https://catalog.archives.gov/id/25338854,Antrim,Elk Rapids
Hughes House,44.89692107000019,-85.41791883199994,building,2012,,,https://catalog.archives.gov/id/25338852,Antrim,Elk Rapids
"Richardi, Henry, House",44.98028019200012,-85.2104673959999,building,2012,,,https://catalog.archives.gov/id/25338850,Antrim,Bellaire
Barry County Courthouse Complex,42.64821634600002,-85.29003791399998,building,2012,,,https://catalog.archives.gov/id/25338881,Barry,Hastings
Mills Community House,44.61896827900017,-86.10140757099987,building,2012,,,https://catalog.archives.gov/id/25338919,Benzie,Benzonia
Paine Bank,41.826515090000036,-86.24728346999994,building,2012,,,https://catalog.archives.gov/id/25338933,Berrien,Niles
Shiloh House,42.100866237000155,-86.4325232189999,building,2012,,,https://catalog.archives.gov/id/25338969,Berrien,Benton Harbor
Union Meat Market,41.79920140100006,-86.61169720299989,building,2012,,,https://catalog.archives.gov/id/25338939,Berrien,Three Oaks
Penn Central Railway Station,42.32135968900018,-85.18161793399999,building,2012,,,https://catalog.archives.gov/id/25339056,Calhoun,Battle Creek
"Hitchcock, George and Martha, House",43.83640135000018,-84.86468688699988,building,2012,,,https://catalog.archives.gov/id/25339184,Clare,Farwell
East Ward School,43.001784563000164,-84.54887793899996,building,2012,,,https://catalog.archives.gov/id/25339188,Clinton,St. Johns
Dickinson County Courthouse and Jail,45.81725950200012,-88.06256838199994,building,2012,,,https://catalog.archives.gov/id/25339224,Dickinson,Iron Mountain
Hance House,42.43948202200005,-84.92138015399992,building,2012,,,https://catalog.archives.gov/id/25339258,Eaton,Olivet
"Reynolds, Isaac N., House",42.51361285500019,-84.6510615329999,building,2012,,,https://catalog.archives.gov/id/25339234,Eaton,Eaton Rapids
Chesapeake & Ohio Railway Station,45.37529753900002,-84.95921570999997,building,2012,,,https://catalog.archives.gov/id/25339271,Emmet,Petoskey
"Raynor, John, House",42.57850246000003,-84.43124886299995,building,2012,,,https://catalog.archives.gov/id/25337969,Ingham,Mason
Cloverland Hotel,46.092393148000035,-88.64167728699994,building,2012,,,https://catalog.archives.gov/id/25338037,Iron,Iron River
"Cole, Frank W., House",46.09490158800014,-88.33089271399997,building,2012,,,https://catalog.archives.gov/id/25338039,Iron,Crystal Falls
Dober Mining Company House,46.072674022000065,-88.62971274099993,building,2012,,,https://catalog.archives.gov/id/25338073,Iron,Caspian
"Ericson, Rudolf, House",46.08998159600003,-88.64665036699988,building,2012,,,https://catalog.archives.gov/id/25338085,Iron,Iron River
"Harte, H.W., Block-Chrystal Falls Village Hall",46.09684792400008,-88.33378565299995,building,2012,,,https://catalog.archives.gov/id/25338089,Iron,Crystal Falls
"Huse, Frank C., House",46.09189173100003,-88.33431289999987,building,2012,,,https://catalog.archives.gov/id/25338017,Iron,Crystal Falls
Lincoln School,46.10068643600004,-88.6407592199999,building,2012,,,https://catalog.archives.gov/id/25338021,Iron,Iron River
"MacKinnon, Alexander, House",46.0936786090001,-88.63990442499994,building,2012,,,https://catalog.archives.gov/id/25338105,Iron,Iron River
"McLean, John S., House",46.08416723800013,-88.63160344799995,building,2012,,,https://catalog.archives.gov/id/25338077,Iron,Stambaugh
"Stolberg, Charles, House",46.08544332700012,-88.63047703599995,building,2012,,,https://catalog.archives.gov/id/25338027,Iron,Stambaugh
"Sturgeon, Robert H., House",46.09377969700011,-88.63913126599994,building,2012,,,https://catalog.archives.gov/id/25338135,Iron,Iron River
St. Mary's Assumption Catholic Church,46.089287951000074,-88.64481881899997,building,2012,,,https://catalog.archives.gov/id/25338095,Iron,Iron River
"Swanson, John, House",46.08416354800004,-88.63186201399986,building,2012,,,https://catalog.archives.gov/id/25338003,Iron,Stambaugh
Goodspeed Brothers Building,42.966746707000134,-85.67185007299992,building,2012,,,https://catalog.archives.gov/id/25339707,Kent,Grand Rapids
Third Reformed Church,42.96119934700016,-85.64413710099996,building,2012,,,https://catalog.archives.gov/id/25339667,Kent,Grand Rapids
U.S. Post Office,42.96612999600017,-85.66836869799988,building,2012,,,https://catalog.archives.gov/id/25339712,Kent,Grand Rapids
Holy Redeemer Church,47.45646120900017,-88.16517355599997,building,2012,,,https://catalog.archives.gov/id/25339777,Keweenaw,Eagle Harbor
Adrian Public Library,41.89710823800011,-84.03697372599999,building,2012,,,https://catalog.archives.gov/id/25339887,Lenawee,Adrian
"Croswell, Gov. Charles, House",41.899874512000046,-84.03250632999995,building,2012,,,https://catalog.archives.gov/id/25339914,Lenawee,Adrian
"Hall, Dr. Leonard, House",41.85494241700018,-84.35692582299998,building,2012,,,https://catalog.archives.gov/id/25339885,Lenawee,Hudson
"Thompson, Gamaliel, House",41.85162854600014,-84.35381017199995,building,2012,,,https://catalog.archives.gov/id/25339872,Lenawee,Hudson
Paw Paw City Hall,42.21815678600018,-85.89141969399992,building,2012,,,https://catalog.archives.gov/id/25340595,Van Buren,Paw Paw
"Bailey, Liberty Hyde, Birthplace",42.39199166800017,-86.26378750999993,building,2012,,,https://catalog.archives.gov/id/25340589,Van Buren,South Haven
Marquette City Hall,46.54381326500009,-87.39597888399993,building,2012,,,https://catalog.archives.gov/id/25340073,Marquette,Marquette
Ishpeming Municipal Building,46.488399836000035,-87.66814562299987,building,2012,,,https://catalog.archives.gov/id/25340077,Marquette,Ishpeming
Call House,46.5454809360001,-87.38459174499991,building,2012,,,https://catalog.archives.gov/id/25340039,Marquette,Marquette
"Chambers, John, House",45.867343029999965,-84.72328541899992,building,2012,,,https://catalog.archives.gov/id/25339952,Mackinac,St. Ignace
Michigan Central Railroad Mason Depot,42.58276036299997,-84.44849942399998,building,2012,,,https://catalog.archives.gov/id/25337985,Ingham,Mason
Hutzler's Barn,45.03766695000013,-86.11456124999984,building,2012,,,https://catalog.archives.gov/id/25339816,Leelanau,Leland
Edisen Fishery,48.08946438599997,-88.58263982999995,building,2012,,,https://catalog.archives.gov/id/25339753,Keweenaw,Isle Royale National Park
Sleeping Bear Inn,44.90418165400018,-86.0273120419999,building,2012,,,https://catalog.archives.gov/id/25339838,Leelanau,Glen Haven
Sleeping Bear Point Life Saving Station,44.90851069400008,-86.03357292899994,building,2012,,,https://catalog.archives.gov/id/25339828,Leelanau,Glen Haven
Warren Featherbone Company Office Building,41.801296421000075,-86.61062528199994,building,2012,,,https://catalog.archives.gov/id/25338944,Berrien,Three Oaks
"Lilienfeld, David, House",42.289534129000174,-85.58838620799992,building,2012,,,https://catalog.archives.gov/id/25338187,Kalamazoo,Kalamazoo
Central School,42.73637681999997,-84.48887235299998,building,2012,,,https://catalog.archives.gov/id/25339497,Ingham,East Lansing
"Horton, William, Farmhouse",42.86369222000012,-84.19765091699996,building,2012,,,https://catalog.archives.gov/id/25340460,Shiawassee,Morrice
"Jacobs, Eugene, House",43.00499190700013,-84.17295357499995,building,2012,,,https://catalog.archives.gov/id/25338486,Shiawassee,Owosso
Wright-Brooks House,42.272816006000085,-84.95331944699994,building,2012,,,https://catalog.archives.gov/id/25339004,Calhoun,Marshall
Wright-Brooks House,46.272788997000134,-84.9534154879999,building,2012,,,https://catalog.archives.gov/id/25339004,Calhoun,Marshall
"Dwight, Austin H., and Frankie A., Summer House",42.58236201700009,-85.51429654099985,building,2012,,,https://catalog.archives.gov/id/25338875,Barry,Shelbyville
"Brooks, Harold C., House",42.27456131400008,-84.96383709999998,building,2012,,,https://catalog.archives.gov/id/25339022,Calhoun,Marshall
"Brooks, Harold C., House",42.27420577400016,-84.96359388399992,building,2012,,,https://catalog.archives.gov/id/25339022,Calhoun,Marshall
Old Cadillac City Hall,44.251287406000074,-85.400553163,building,2012,,,https://catalog.archives.gov/id/25341190,Wexford,Cadillac
Shelden-Dee Block,47.122252099000086,-88.56682620599997,building,2012,,,https://catalog.archives.gov/id/25339381,Houghton,Houghton
Petoskey Grocery Company Building,45.371386042000154,-84.95692987699994,building,2012,,,https://catalog.archives.gov/id/25337779,Emmet,Petoskey
"Fochtman, Gerhard, House",45.36862108200017,-84.95332598399989,building,2012,,,https://catalog.archives.gov/id/25337751,Emmet,Petoskey
Stout House,45.370565813000034,-84.95134021399997,building,2012,,,https://catalog.archives.gov/id/25337746,Emmet,Petoskey
Trinity Evangelical Church,45.37055816400004,-84.95593801099993,building,2012,,,https://catalog.archives.gov/id/25337793,Emmet,Petoskey
"VanZolenburg, Jacob, House",45.37214448300011,-84.95907368299993,building,2012,,,https://catalog.archives.gov/id/25337765,Emmet,Petoskey
Zion Evangelical Lutheran Church,45.36968827100008,-84.95762953399998,building,2012,,,https://catalog.archives.gov/id/25337797,Emmet,Petoskey
"Fryman, Meyer, House",45.37311576300016,-84.95801703199999,building,2012,,,https://catalog.archives.gov/id/25337732,Emmet,Petoskey
"Hobbins, Bert and John, House",45.36773430600015,-84.95910457799984,building,2012,,,https://catalog.archives.gov/id/25337742,Emmet,Petoskey
Hosman and Wheeler Meat Market,45.3705514030001,-84.96564413099992,building,2012,,,https://catalog.archives.gov/id/25337789,Emmet,Petoskey
"Kabler, John, House",45.37129605600011,-84.96702225199988,building,2012,,,https://catalog.archives.gov/id/25337734,Emmet,Petoskey
"Lesher, Frank, House",45.36496159100016,-84.96009815199994,building,2012,,,https://catalog.archives.gov/id/25337775,Emmet,Petoskey
"Malin, A., House",45.36869994200008,-84.96277329099996,building,2012,,,https://catalog.archives.gov/id/25337753,Emmet,Petoskey
"Markle, George and Eugene, House",45.37063569400004,-84.94520765499999,building,2012,,,https://catalog.archives.gov/id/25337755,Emmet,Petoskey
"McManus, George, House",45.371964569000106,-84.95908015399993,building,2012,,,https://catalog.archives.gov/id/25337744,Emmet,Petoskey
"Meyers, Elias, House",45.36884797800008,-84.96098010599992,building,2012,,,https://catalog.archives.gov/id/25337757,Emmet,Petoskey
"Nyman, John, House",45.36871699300018,-84.95868612599992,building,2012,,,https://catalog.archives.gov/id/25337736,Emmet,Petoskey
Petoskey Public Works Utility Building,45.37556284900012,-84.95895072699989,building,2012,,,https://catalog.archives.gov/id/25337801,Emmet,Petoskey
"Rehkopf, Phillip, House",45.368486871000144,-84.95588490899996,building,2012,,,https://catalog.archives.gov/id/25337763,Emmet,Petoskey
"Schapler, Frank, House",45.37514953500005,-84.96100910199993,building,2012,,,https://catalog.archives.gov/id/25337740,Emmet,Petoskey
Seventh Day Adventist Church,45.37265456900018,-84.95739505999995,building,2012,,,https://catalog.archives.gov/id/25337795,Emmet,Petoskey
Shafer's Grocery and Residence,45.367916500000085,-84.9592257299999,building,2012,,,https://catalog.archives.gov/id/25337783,Emmet,Petoskey
"Schantz, George, House and Store",45.37185527500015,-84.96304315099991,building,2012,,,https://catalog.archives.gov/id/25337781,Emmet,Petoskey
Grace Methodist Episcopal Church,45.37079036600005,-84.96895600999994,building,2012,,,https://catalog.archives.gov/id/25337777,Emmet,Petoskey
"Bartram, Isaac, House",45.37302016700006,-84.96274590599984,building,2012,,,https://catalog.archives.gov/id/25337769,Emmet,Petoskey
Williams--Cole House,42.90971284200008,-84.0301957229999,building,2012,,,https://catalog.archives.gov/id/25340462,Shiawassee,Durand
"Pennington, Sarah, House",45.36925427800014,-84.96862786699997,building,2012,,,https://catalog.archives.gov/id/25337761,Emmet,Petoskey
"Mears, Charles, Silver Lake Boardinghouse",43.65542303000012,-86.53771018299994,building,2012,,,https://catalog.archives.gov/id/25340340,Oceana,Mears
Wolverine Hotel,45.215125776000136,-85.01608815899993,building,2012,,,https://catalog.archives.gov/id/25339104,Charlevoix,Boyne City
Federal Building,46.49951214300012,-84.34253091799991,building,2012,,,https://catalog.archives.gov/id/25339142,Chippewa,Sault Ste. Marie
"Gilbert, Giles, House",43.294426387000094,-85.08014208899993,building,2012,,,https://catalog.archives.gov/id/25340158,Montcalm,Stanton
"Thomas, Dr. Nathan M., House",42.11639832200001,-85.62960594699996,building,2012,,,https://catalog.archives.gov/id/25339659,Kalamazoo,Schoolcraft
Michigan Trust Company Building,42.96618380000019,-85.66990027199994,building,2012,,,https://catalog.archives.gov/id/25339701,Kent,Grand Rapids
"Paddock, Augustus, House",42.95992447899999,-85.64293900299994,building,2012,,,https://catalog.archives.gov/id/25339724,Kent,Grand Rapids
"Pike, Abram W., House",42.96178265600001,-85.66312882399994,building,2012,,,https://catalog.archives.gov/id/25339669,Kent,Grand Rapids
St. Cecilia Society Building,42.96362962700015,-85.66475642199998,building,2012,,,https://catalog.archives.gov/id/25339722,Kent,Grand Rapids
State House of Correction and Branch Prison,46.5121187150001,-87.38258395299988,building,2012,,,https://catalog.archives.gov/id/25340079,Marquette,Marquette
Rock of Ages Light Station,47.859457347000046,-89.32521895899998,building,2012,,,https://catalog.archives.gov/id/28891202,Keweenaw,Isle Royale
Avon Township Hall,46.87698108300009,-88.21958483899988,building,2012,,,https://catalog.archives.gov/id/25338867,Baraga,Skanee
"Kellogg, W.K., House",42.32525746800019,-85.18890896799996,building,2012,,,https://catalog.archives.gov/id/25339048,Calhoun,Battle Creek
"Main Street Building, United Church of Ovid",43.00706525700014,-84.37119056399996,building,2012,,,https://catalog.archives.gov/id/25339186,Clinton,Ovid
Vermontville Chapel and Academy,42.621669187,-85.02524491599996,building,2012,,,https://catalog.archives.gov/id/25339240,Eaton,Vermontville
Michigan Condensed Milk Factory,43.604780709000124,-84.78176421899997,building,2012,,,https://catalog.archives.gov/id/25339570,Isabella,Mount Pleasant
"Blodgett, John W., Estate",42.9573513890001,-85.62350194099992,building,2012,,,https://catalog.archives.gov/id/25339718,Kent,East Grand Rapids
Ladies' Literary Club,42.96254713100012,-85.66691324199991,building,2012,,,https://catalog.archives.gov/id/25339726,Kent,Grand Rapids
St. Mary of Good Counsel Catholic Church,41.89484997900007,-84.03322128899991,building,2012,,,https://catalog.archives.gov/id/25339902,Lenawee,Adrian
"Stedman, Sarah Lowe, House",42.53302492200004,-85.83485977899993,building,2012,,,https://catalog.archives.gov/id/25337664,Allegan,Allegan
Oakwood Cemetery Chapel,42.527177268999985,-85.86236340599993,building,2012,,,https://catalog.archives.gov/id/25337668,Allegan,Allegan
"Messenger, William C., House",42.53424313300007,-85.84847537499996,building,2012,,,https://catalog.archives.gov/id/25337682,Allegan,Allegan
"Franks, Henry, House",42.52381434800003,-85.85925884399991,building,2012,,,https://catalog.archives.gov/id/25337658,Allegan,Allegan
"Born, Engelbert B., House",42.53321473700003,-85.84471943999995,building,2012,,,https://catalog.archives.gov/id/25337684,Allegan,Allegan
"Born, Edward D., House",42.534202717000085,-85.84445771699995,building,2012,,,https://catalog.archives.gov/id/25337690,Allegan,Allegan
Shriner--Ketcham House,42.63642943100007,-85.2846890649999,building,2012,,,https://catalog.archives.gov/id/25338883,Barry,Hastings
Winter Inn,43.18101417600001,-85.25255229399995,building,2012,,,https://catalog.archives.gov/id/25340154,Montcalm,Greenville
Hebard-Ford Summer House,46.859158718000124,-88.39727197899998,building,2012,,,https://catalog.archives.gov/id/25338865,Baraga,L'Anse
"Arnold, Adam C., Block",42.31928934100011,-85.1816774749999,building,2012,,,https://catalog.archives.gov/id/25339042,Calhoun,Battle Creek
College Club House and Gymnasium,47.11987660100004,-88.54961841199997,building,2012,,,https://catalog.archives.gov/id/25339399,Houghton,Houghton
"Fisher, Nelson E., House-High Banks",46.09749064300001,-88.67494701299995,building,2012,,,https://catalog.archives.gov/id/25338057,Iron,Iron River
"Brown, Isaac, House",42.288202699000166,-85.58265449399987,building,2012,,,https://catalog.archives.gov/id/25338157,Kalamazoo,Kalamazoo
Siebold Farm/Ruehle (Realy) Farm,42.37951846999999,-84.17987279199991,building,2012,,,https://catalog.archives.gov/id/25339581,Jackson,Waterloo Township
"Gilbert, Henry, House",42.28853630300006,-85.5878019839999,building,2012,,,https://catalog.archives.gov/id/25338185,Kalamazoo,Kalamazoo
"Marlborough, The",42.289543072000114,-85.58911377899985,building,2012,,,https://catalog.archives.gov/id/25338171,Kalamazoo,Kalamazoo
"Oaklands, The",42.283781298000186,-85.61143710399989,building,2012,,,https://catalog.archives.gov/id/25338159,Kalamazoo,Kalamazoo
"Chicago, Milwaukee, St. Paul and Pacific Railroad Station",45.1017000000001,-87.60577999999994,building,2012,,,https://catalog.archives.gov/id/25340125,Menominee,Menominee
"Ingersoll, John N., House",42.98249242900015,-84.12640032699994,building,2012,,,https://catalog.archives.gov/id/25340472,Shiawassee,Corunna
House at 314 W. King St.,43.00501612100004,-84.17393395299995,building,2012,,,https://catalog.archives.gov/id/25338454,Shiawassee,Owosso
"Woodard, Lee, and Sons Building",42.994949558000144,-84.17832066499994,building,2012,,,https://catalog.archives.gov/id/25338482,Shiawassee,Owosso
"Woodard, Lyman, Company Workers' Housing",42.996397665000124,-84.17862238399994,building,2012,,,https://catalog.archives.gov/id/25338484,Shiawassee,Owosso
Smith-Turner House,42.747657908000114,-84.5565933059999,building,2012,,,https://catalog.archives.gov/id/25339521,Ingham,Lansing
Old Berrien County Courthoue Complex,41.94823212500018,-86.34104876199989,building,2012,,,https://catalog.archives.gov/id/25338952,Berrien,Berrien Springs
Berrien Springs Courthouse,41.95753655000011,-86.34113415299987,building,2012,,,https://catalog.archives.gov/id/25338948,Berrien,Berrien Springs
Fourth Ward Polling Place,45.36843571700019,-84.95805772199998,building,2012,,,https://catalog.archives.gov/id/25337799,Emmet,Petoskey
"Miller, Jacob, House",45.37124832500018,-84.96434204199994,building,2012,,,https://catalog.archives.gov/id/25337759,Emmet,Petoskey
"Grand Rapids, Grand Haven and Muskegon Railway Depot",42.04504409900016,-85.93557073399995,building,2012,,,https://catalog.archives.gov/id/25340398,Ottawa,Coopersville
"Moss, William, House",46.091900592000165,-88.64463783499991,building,2012,,,https://catalog.archives.gov/id/25338009,Iron,Iron River
"Wheeler, Nathaniel S., House",42.01911129400003,-84.13547086499995,building,2012,,,https://catalog.archives.gov/id/25339864,Lenawee,Onsted
"Woodard, Lyman, Furniture and Casket Company Building",42.995678143000134,-84.17865531599989,building,2012,,,https://catalog.archives.gov/id/25338434,Shiawassee,Owosso
Dennis and State Streets Historic District (Boundary Increase),41.89658616600008,-84.02723477499997,building,2012,,,https://catalog.archives.gov/id/25339874,Lenawee,Adrian
"Allen, J. B., House",45.37058015800004,-84.94712529999993,building,2012,,,https://catalog.archives.gov/id/25337749,Emmet,Petoskey
"Carmichael, W. S., House",45.37123922700016,-84.96383152699997,building,2012,,,https://catalog.archives.gov/id/25337771,Emmet,Petoskey
"Debenham, I. N., House",45.3666457000001,-84.95863292299998,building,2012,,,https://catalog.archives.gov/id/25337773,Emmet,Petoskey
"Olin, G. W., House",45.37136452700002,-84.94569210799995,building,2012,,,https://catalog.archives.gov/id/25337738,Emmet,Petoskey
"Wells, J. M., House",45.37481931200017,-84.96268130899989,building,2012,,,https://catalog.archives.gov/id/25337767,Emmet,Petoskey
"Brown, William H., House",42.51928148300005,-85.86530647299999,building,2012,,,https://catalog.archives.gov/id/25337660,Allegan,Allegan
Old Wing Mission,42.76838612900018,-86.06666984399997,building,2012,,,https://catalog.archives.gov/id/25338835,Allegan,Fillmore
Fife Lake--Union District No. 1 Schoolhouse,44.612534316999984,-85.35387581299995,building,2012,,,https://catalog.archives.gov/id/25339334,Grand Traverse,Fife Lake
Old US Post Office,41.829615463000145,-86.26711756399988,building,2012,,,https://catalog.archives.gov/id/25338950,Berrien,Niles
"Lilly, Augustus, House",42.53816812700006,-85.84475004199999,building,2012,,,https://catalog.archives.gov/id/25337662,Allegan,Allegan
"Bilz, Aloys, House",43.07620409399999,-86.20088859999993,building,2012,,,https://catalog.archives.gov/id/25340366,Ottawa,Spring Lake
Smith's Chapel,41.7686100950001,-86.14557479099996,building,2012,,,https://catalog.archives.gov/id/25339082,Cass,Niles
"Wilcox, Andrew, House",42.232583483000035,-84.39817809599998,building,2012,,,https://catalog.archives.gov/id/25339589,Jackson,Jackson
"Robertson, Eugene P., House",42.24229003900006,-84.75483519699996,building,2012,,,https://catalog.archives.gov/id/25339016,Calhoun,Albion
"Cobbs, Frank J., House",44.250206139000056,-85.39406909599995,building,2012,,,https://catalog.archives.gov/id/25341184,Wexford,Cadillac
Franklin Avenue Presbyterian Church,42.74801647700019,-84.55230288299992,building,2012,,,https://catalog.archives.gov/id/25339481,Ingham,Lansing
Elks Temple Building,44.24937646500018,-85.39910186699989,building,2012,,,https://catalog.archives.gov/id/25341182,Wexford,Cadillac
Fountain-Bessac House,42.149525105000116,-84.04046964299988,building,2012,,,https://catalog.archives.gov/id/25340611,Washtenaw,Manchester
Masonic Temple Building,42.271397669000066,-84.95811853399994,building,2012,,,https://catalog.archives.gov/id/25339012,Calhoun,Marshall
Raisin Valley Friends Meetinghouse,41.93816972300004,-84.00564273499997,building,2012,,,https://catalog.archives.gov/id/25339889,Lenawee,Adrian
Lansing Woman's Club Building,42.73479566300017,-84.55306737099993,building,2012,,,https://catalog.archives.gov/id/25337983,Ingham,Lansing
Michigan Millers Mutual Fire Insurance Company Building,42.73480088200017,-84.55331147599998,building,2012,,,https://catalog.archives.gov/id/25337959,Ingham,Lansing
Mutual Building,42.735255965000086,-84.55353789099996,building,2012,,,https://catalog.archives.gov/id/25337957,Ingham,Lansing
"Gay, Jared H., House",43.77591385800013,-86.23787522299995,building,2012,,,https://catalog.archives.gov/id/25340338,Oceana,Crystal Valley
"US Government Land Office Building, Old",41.797833455000045,-85.64410783599999,building,2012,,,https://catalog.archives.gov/id/25340553,St. Joseph,White Pigeon
Quincy Mine No. 2 Shaft Hoist House,47.137419033,-88.57374640799998,building,2012,,,,Houghton,Hancock
Grand Hotel,45.85086978900005,-84.62593748899985,building,2012,,,https://catalog.archives.gov/id/25339956,Mackinac,Mackinac Island
"Fisk, Abram C., House",41.93514039500019,-84.96440450099992,building,2012,,,https://catalog.archives.gov/id/25338977,Branch,Coldwater
"Whitman, John S., House",43.624464353000164,-84.23530698499991,building,2012,,,https://catalog.archives.gov/id/25338301,Midland,Midland
"Stein, Earl, House",43.61792179799999,-84.2514698499999,building,2012,,,https://catalog.archives.gov/id/25338325,Midland,Midland
"Pardee, James T., House",43.619138933000094,-84.25153833799999,building,2012,,,https://catalog.archives.gov/id/25338293,Midland,Midland
"MacCallum, Charles, House",43.63370364500008,-84.24132947399994,building,2012,,,https://catalog.archives.gov/id/25338329,Midland,Midland
"Lewis, F. W., House",43.627776904000086,-84.23081689699995,building,2012,,,https://catalog.archives.gov/id/25338317,Midland,Midland
"Heath, Sheldon, House",43.624775764000105,-84.2444645679999,building,2012,,,https://catalog.archives.gov/id/25338297,Midland,Midland
"Hanson, Alden, House",43.62489706700012,-84.24576044099996,building,2012,,,https://catalog.archives.gov/id/25338303,Midland,Midland
"Greene, George, House",43.63325994700017,-84.24159769499994,building,2012,,,,Midland,Midland
"Diehl, Oscar C., House",43.62012850200016,-84.24963420699999,building,2012,,,https://catalog.archives.gov/id/25338323,Midland,Midland
"Conner, Donald L., House",43.62655983000008,-84.23260803999989,building,2012,,,https://catalog.archives.gov/id/25338299,Midland,Midland
"Cavanagh, Joseph A., House",43.61533946000003,-84.24892306299995,building,2012,,,https://catalog.archives.gov/id/25338321,Midland,Midland
"Ball, Howard, House",43.624757834000036,-84.24372172299991,building,2012,,,https://catalog.archives.gov/id/25338295,Midland,Midland
"Van Raalte, Benjamin, House",42.78131485099999,-86.06189160499999,building,2012,,,https://catalog.archives.gov/id/25340392,Ottawa,Holland
Immaculate Conception Church,45.83289448800008,-88.05565603499991,building,2012,,,https://catalog.archives.gov/id/25339222,Dickinson,Iron Mountain
"Frieseke, Julius, House",42.99162417400015,-84.16399906699996,building,2012,,,https://catalog.archives.gov/id/25340484,Shiawassee,Owosso
"Doll, Benedict, House",41.935713844000134,-85.02819345099994,building,2012,,,https://catalog.archives.gov/id/25338989,Branch,Coldwater
Lanphere--Pratt House,41.93778386700006,-85.00207481799998,building,2012,,,https://catalog.archives.gov/id/25338987,Branch,Coldwater
Holland Reformed Protestant Dutch Church,42.788771095000186,-86.10469489699989,building,2012,,,https://catalog.archives.gov/id/25340374,Ottawa,Holland
Grand Rapids Savings Bank Building,42.964549089,-85.6687092959999,building,2012,,,https://catalog.archives.gov/id/25339687,Kent,Grand Rapids
"Kendall, Silas W., House",42.25543346100005,-85.69776752599991,building,2012,,,https://catalog.archives.gov/id/25339625,Kalamazoo,Kalamazoo
"VanderHeyden, William H., House",42.98103750300004,-85.07952532099989,building,2012,,,https://catalog.archives.gov/id/25339551,Ionia,Ionia
St. Mary Cathedral,42.735757983000035,-84.55596128899992,building,2012,,,https://catalog.archives.gov/id/25339511,Ingham,Lansing
Penfil Apartments,42.73310763300014,-84.5415293509999,building,2012,,,https://catalog.archives.gov/id/25339515,Ingham,Lansing
Wisconsin Land and Lumber Company Office Building,45.709161177000055,-87.60791647099994,building,2012,,,https://catalog.archives.gov/id/25340127,Menominee,Hermansville
"Michels, John J., House",47.11941311900006,-88.55725112999988,building,2012,,,https://catalog.archives.gov/id/25339423,Houghton,Houghton
9622nd Army Air Corps Reserve Recovery Unit--Civil Air Patrol Quonset Huts,42.77546190500014,-84.60243884399995,building,2012,,,https://catalog.archives.gov/id/25339246,Eaton,Lansing
Horton Bay General Store,45.28512646100011,-85.08002190899992,building,2012,,,https://catalog.archives.gov/id/25339114,Charlevoix,Horton Bay
"DeLefebvre, Cherry, House",42.44157190400012,-85.64237385899997,building,2012,,,https://catalog.archives.gov/id/25337666,Allegan,Plainwell
"Goodrich, Heman R., House",41.85031224800014,-84.35530985099994,building,2012,,,https://catalog.archives.gov/id/25339870,Lenawee,Hudson
Saint Joseph's Catholic Church,44.8944048290001,-85.88335259799993,building,2012,,,https://catalog.archives.gov/id/25339832,Leelanau,Glen Arbor
"Sutton, Warner P., House",42.653558106000055,-86.19630327499988,building,2012,,,https://catalog.archives.gov/id/25338838,Allegan,Saugatuck
Sunfield Grand Army of the Republic Post No. 283 Hall,42.7621065780001,-84.9942711819999,building,2012,,,https://catalog.archives.gov/id/25339260,Eaton,Sunfield
Collins Manufacturing--Jackson Automobile Company Complex,42.252689119000195,-84.37553349099994,building,2012,,,https://catalog.archives.gov/id/25339617,Jackson,Jackson
Goodyear Block,42.1500304320001,-84.03911492499998,building,2012,,,https://catalog.archives.gov/id/25340617,Washtenaw,Manchester
St. Joseph County Courthouse,41.9227679000001,-85.52804653299995,building,2012,,,https://catalog.archives.gov/id/25340543,St. Joseph,Centreville
Eaton County Courthouse Complex (Boundary Increase),42.56445585000006,-84.83663958199998,building,2012,,,https://catalog.archives.gov/id/25339248,Eaton,Charlotte
Michigan Central Railroad Dowagiac Depot,41.98080218800005,-86.10907294399993,building,2012,,,https://catalog.archives.gov/id/25339076,Cass,Dowagiac
"Richard, Hugh H., House",42.248133561000024,-84.4168112459999,building,2012,,,https://catalog.archives.gov/id/25339593,Jackson,Jackson
Stow--Hasbrouck House,42.34269493000004,-84.98458553999996,building,2012,,,https://catalog.archives.gov/id/25339008,Calhoun,Marshall
Emery Houses,42.734786516000035,-84.55685453499996,building,2012,,,https://catalog.archives.gov/id/25337981,Ingham,Lansing
Masonic Temple Building,44.251415389000094,-85.40004865899982,building,2012,,,https://catalog.archives.gov/id/25341188,Wexford,Cadillac
Kentucky Homestead,42.12139789200017,-84.32894252299997,building,2012,,,https://catalog.archives.gov/id/25339603,Jackson,Clark Lake
"Lockwood, Isaac, House",42.292256474999995,-85.02294602599983,building,2012,,,https://catalog.archives.gov/id/25339046,Calhoun,Marshall
Rickman Hotel,42.29424915200013,-85.58367153699993,building,2012,,,https://catalog.archives.gov/id/25338180,Kalamazoo,Kalamazoo
"Hoatson, Thomas H., House",47.23539099400012,-88.44147197199999,building,2012,,,https://catalog.archives.gov/id/25339411,Houghton,Laurium
"Jones, G. W., House",42.02734044500011,-85.81718091199997,building,2012,,,https://catalog.archives.gov/id/25339086,Cass,Marcellus
Frankfort Land Company House,44.63436423300003,-86.23796655799993,building,2012,,,https://catalog.archives.gov/id/25338913,Benzie,Frankfort
Negaunee State Bank Building,46.498531593000166,-87.6104094129999,building,2012,,,https://catalog.archives.gov/id/25340083,Marquette,Negaunee
St. John the Baptist Catholic Church,45.108770000000106,-87.6133999999999,building,2012,,,https://catalog.archives.gov/id/25340113,Menominee,Menominee
Chicago and West Michigan Railroad Charlevoix Station,45.317639316000054,-85.24325901599997,building,2012,,,https://catalog.archives.gov/id/25339112,Charlevoix,Charlevoix
Goetsch--Winckler House,42.70799200000009,-84.43922313099984,building,2012,,,https://catalog.archives.gov/id/25339493,Ingham,Okemos
Eggleston School,44.19620955700009,-84.47813160999992,building,2012,,,https://catalog.archives.gov/id/25340413,Roscommon,Gladwin
Benzie County Courthouse,44.62756986400017,-86.09623245599995,building,2012,,,https://catalog.archives.gov/id/25338915,Benzie,Beulah
Parents' and Children's Schoolhouse,43.62397828300009,-84.24499676499988,building,2012,,,https://catalog.archives.gov/id/25338319,Midland,Midland
Morse--Scoville House,41.83698501600003,-85.66484091499996,building,2012,,,https://catalog.archives.gov/id/25340535,St. Joseph,Constantine
"Palmer, George W., House",42.31816983500005,-84.01886454099991,building,2012,,,https://catalog.archives.gov/id/25340712,Washtenaw,Chelsea
Lake Shore Chapel,42.6505821070001,-86.22183855499998,building,2012,,,https://catalog.archives.gov/id/25338841,Allegan,Douglas
Pere Marquette Railway Belding Depot,43.09871473700013,-85.22933294899997,building,2012,,,https://catalog.archives.gov/id/25339559,Ionia,Belding
"Cobb, Hezekiah W. and Sarah E. Fishell, House",42.824797287000074,-84.2199606069999,building,2012,,,https://catalog.archives.gov/id/25340464,Shiawassee,Perry
Leelanau Transit Company Suttons Bay Depot,44.97381743200009,-85.65099946499993,building,2012,,,https://catalog.archives.gov/id/25339822,Leelanau,Suttons Bay
"Young, Lawrence Andrew, Cottage",45.851743859000116,-84.6203615899999,building,2012,,,https://catalog.archives.gov/id/25339958,Mackinac,Mackinac Island
"Jones, Carroll and Bessie E. (Caul), House",42.02733422000005,-85.8165770359999,building,2012,,,https://catalog.archives.gov/id/25339078,Cass,Marcellus
Delta Hotel,45.74605234500017,-87.05631405499992,building,2012,,,https://catalog.archives.gov/id/25339203,Delta,Escanaba
Saint James' Episcopal Church,46.49574079400008,-84.34678086099996,building,2012,,,https://catalog.archives.gov/id/25339146,Chippewa,Sault Ste. Marie
Snow Flake Motel,42.04853171400015,-86.51547127899994,building,2012,,,https://catalog.archives.gov/id/25338931,Berrien,Lincoln Township
Olive Township District No. 1 School,42.93629211500008,-86.07266091899997,building,2012,,,https://catalog.archives.gov/id/25340394,Ottawa,Olive Township
Boyne City Water Works Building,45.20468745300003,-85.01371330699999,building,2012,,,https://catalog.archives.gov/id/25339122,Charlevoix,Boyne City
"Hartwick, Edward E., Memorial Building",44.740205641000095,-84.65403202199997,building,2012,,,https://catalog.archives.gov/id/25339194,Crawford,Grayling Township
"Aldrich, Godfrey, and White Block",42.964836247000164,-85.6701745019999,building,2012,,,https://catalog.archives.gov/id/25339693,Kent,Grand Rapids
Climax Post Office Building,42.23878346600009,-85.33621192899994,building,2012,,,https://catalog.archives.gov/id/25339621,Kalamazoo,Climax
"Morrissey, Thomas and Anna, House",42.789220373000035,-86.11618160899995,building,2012,,,https://catalog.archives.gov/id/25340376,Ottawa,Holland
Central Fire Station,43.23454115400005,-86.24574946499996,building,2012,,,https://catalog.archives.gov/id/25340161,Muskegon,Muskegon
"Babcock, Simeon, House",44.244466023000136,-86.32579295699992,building,2012,,,https://catalog.archives.gov/id/25340017,Manistee,Manistee
Michigan Central Railroad Charlotte Depot,42.56867175600001,-84.83576289799991,building,2012,,,https://catalog.archives.gov/id/25339236,Eaton,Charlotte
Morgan--Copp--Mervau Building,45.129851525000106,-85.61604465599993,building,2012,,,https://catalog.archives.gov/id/25339826,Leelanau,Northport
Church of the Assumption,47.38923585300005,-88.27631647899995,building,2012,,,https://catalog.archives.gov/id/25339769,Keweenaw,Houghton Township
Houghton County Traction Company Ahmeek Streetcar Station,47.28584463699996,-88.4073982779999,building,2012,,,https://catalog.archives.gov/id/25339779,Keweenaw,Allouez
Houppert Winery Complex,42.174470384000074,-85.84060201699998,building,2012,,,https://catalog.archives.gov/id/25340593,Van Buren,Lawton
"Gibbs, Giles J., Building--Sugar Bowl",43.00189391500016,-84.55819763799997,building,2012,,,https://catalog.archives.gov/id/25339192,Clinton,St. Johns
Medical Arts Building,42.96226849500017,-85.66618358599993,building,2012,,,https://catalog.archives.gov/id/25339742,Kent,Grand Rapids
Berkey and Gay Furniture Company Factory,42.978993157000154,-85.67183211399993,building,2012,,,https://catalog.archives.gov/id/25339705,Kent,Grand Rapids
Grand Rapids and Indiana Railroad Harbor Springs Depot,45.428673177000114,-84.98950877999988,building,2012,,,https://catalog.archives.gov/id/25339269,Emmet,Harbor Springs
Peck Block,42.96409895600016,-85.66871899099995,building,2012,,,https://catalog.archives.gov/id/25339699,Kent,Grand Rapids
"Pulcipher, John, House",44.79702853499998,-85.49353858599989,building,2012,,,https://catalog.archives.gov/id/25339352,Grand Traverse,Acme Township
Penniman Castle,42.30586414900006,-85.16993084199993,building,2012,,,https://catalog.archives.gov/id/25339000,Calhoun,Battle Creek
Roosevelt Community House,42.33970152800015,-85.26096548499999,building,2012,,,https://catalog.archives.gov/id/25339068,Calhoun,Springfield
Horton Bary School,45.28834912500014,-85.0789567459999,building,2012,,,https://catalog.archives.gov/id/25339108,Charlevoix,Bay Township
Turner House,42.97652631400007,-85.67654543299984,building,2012,,,https://catalog.archives.gov/id/25339671,Kent,Grand Rapids
Central Mine Methodist Church,47.40693446400008,-88.20384472799998,building,2012,,,https://catalog.archives.gov/id/25339775,Keweenaw,Central
"Dow, Herbert H., House",43.616334952000145,-84.24726662999996,building,2012,,,https://catalog.archives.gov/id/25338765,Midland,Midland
Douglas House,44.802275276000046,-84.48245978599994,building,2012,,,https://catalog.archives.gov/id/25339196,Crawford,Lovells Township
"Palmer, Lorenzo and Ruth Wells, House",41.864582816000166,-84.34929995999984,building,2012,,,https://catalog.archives.gov/id/25339891,Lenawee,Hudson
Fidelity Building,42.11454390200008,-86.45424738299988,building,2012,,,https://catalog.archives.gov/id/25338956,Berrien,Benton Harbor
Milk Producers Company Barn,42.32353562500009,-85.19393404599997,building,2012,,,https://catalog.archives.gov/id/25339028,Calhoun,Battle Creek
Marshall's Store,42.21900317900014,-86.05109701999987,building,2012,,,https://catalog.archives.gov/id/25340587,Van Buren,Lawrence
First Methodist Episcopal Church of Pokagon,41.91211607600018,-86.17393381199992,building,2012,,,https://catalog.archives.gov/id/25339088,Cass,Pokagon Township
"Gregory, Richard and Mary Woodward, House",42.343001004000136,-85.34391072799986,building,2012,,,https://catalog.archives.gov/id/25339623,Kalamazoo,Augusta
Monroe Avenue Water Filtration Plant,42.98712205500004,-85.67006273499997,building,2012,,,https://catalog.archives.gov/id/25339709,Kent,Grand Rapids
"Kramer, Frank A. and Rae E. Harris, House",45.02985551900013,-84.67421574499991,building,2012,,,https://catalog.archives.gov/id/25340354,Otsego,Gaylord
Riverside Inn,45.022110522000155,-85.75800755199998,building,2012,,,https://catalog.archives.gov/id/25339842,Leelanau,Leland
"Vivian, Jr., J., and Company Building",47.23599242000017,-88.44373433599996,building,2012,,,https://catalog.archives.gov/id/25339425,Houghton,Laurium
Pickle Barrel House,46.671098530000116,-85.9849082429999,building,2012,,,https://catalog.archives.gov/id/25338801,Alger,Burt Township
Kinross Township Hall and School,46.27668729600002,-84.51558077399989,building,2012,,,https://catalog.archives.gov/id/25339172,Chippewa,Kinross Township
Boys' Club Building,43.22884852100008,-85.15630672299994,building,2012,,,https://catalog.archives.gov/id/25339074,Calhoun,Battle Creek
Oshtemo Town Hall,42.28854712500003,-85.68738360199995,building,2012,,,https://catalog.archives.gov/id/25339663,Kalamazoo,Oshtemo Charter Township
Grand Rapids Cycle Company Factory,42.95983219100003,-85.68131668899998,building,2012,,,https://catalog.archives.gov/id/25339714,Kent,Grand Rapids
"Reinke, Mr. and Mrs. Robert C., House",43.6368296710001,-84.22172335799992,building,2012,,,https://catalog.archives.gov/id/25338305,Midland,Midland
"Penhaligen, Charles and Mary Kempf, House",43.63324199500011,-84.24085474699994,building,2012,,,https://catalog.archives.gov/id/25338307,Midland,Midland
"Irish, Donald and Louise Clark, House",43.63338206900016,-84.25039340199991,building,2012,,,https://catalog.archives.gov/id/25338309,Midland,Midland
"Campbell, Calvin A. and Alta Koch, House",43.62264674500006,-84.24951940199992,building,2012,,,https://catalog.archives.gov/id/25338311,Midland,Midland
"Butenschoen, Mr. and Mrs. Louis P., House",43.624704015000134,-84.24149319299994,building,2012,,,https://catalog.archives.gov/id/25338313,Midland,Midland
"Boonstra, Mr. and Mrs Frank, House",43.624059502000186,-84.24090295299993,building,2012,,,https://catalog.archives.gov/id/25338315,Midland,Midland
Longyear Building,46.54439232400011,-87.39246165199995,building,2012,,,https://catalog.archives.gov/id/25340069,Marquette,Marquette
Metal Office Furniture Company (Steelcase) Plants No. 2 and 3,42.94286472900017,-85.67800128399996,building,2012,,,https://catalog.archives.gov/id/25339744,Kent,Grand Rapids
Negaunee Fire Station,46.49844993500016,-87.60884471099996,building,2012,,,https://catalog.archives.gov/id/25340061,Marquette,Negaunee
Bergland Administrative Site,46.59163442300018,-89.57744361299994,building,2012,,,https://catalog.archives.gov/id/25340350,Ontonagon,Bergland
Somerville Barn,42.61270294100012,-84.48311998699995,building,2012,,,https://catalog.archives.gov/id/25339501,Ingham,Alaiedon Township
Vista Theater,46.49748909000016,-87.84509314099995,building,2012,,,https://catalog.archives.gov/id/25340065,Marquette,Negaunee
"Horton, George B. and Amanda Bradish, Farmstead",41.79967789799996,-84.11151488499996,building,2012,,,https://catalog.archives.gov/id/25339854,Lenawee,Fairfield Township
Whitney Tavern Stand,42.86899568000018,-85.45945591199984,building,2012,,,https://catalog.archives.gov/id/25339689,Kent,Cascade Township
"Robbins, Wendell P. and Harriet Rounds, House",42.10467761900003,-86.4439305869999,building,2012,,,https://catalog.archives.gov/id/25338929,Berrien,Benton Harbor
Cleveland Mine Engine House Number 3,46.48872418100012,-87.65876853099991,building,2012,,,https://catalog.archives.gov/id/25340096,Marquette,Ishpeming
Fanckboner--Nichols Farmstead,42.121771871000064,-85.6652988759999,building,2012,,,https://catalog.archives.gov/id/25339645,Kalamazoo,Prairie Ronde Township
Davenport Hotel,42.06372143100009,-84.11527799899994,building,2012,,,https://catalog.archives.gov/id/25339916,Lenawee,Franklin Township
Irish Hills Towers,42.05610504400004,-84.15646540799986,building,2012,,,https://catalog.archives.gov/id/25339912,Lenawee,Cambridge Township
"Walker's, S., Hotel",42.058964971000194,-84.22171339099998,building,2012,,,https://catalog.archives.gov/id/25339904,Lenawee,Cambridge Township
"Chicago, Milwaukee and Saint Paul Railway Iron River Depot",46.08829148000019,-88.64213756499998,building,2012,,,https://catalog.archives.gov/id/25338143,Iron,Iron
Prudden Wheel Company Building,42.74361877000001,-84.54248225699996,building,2012,,,https://catalog.archives.gov/id/25339525,Ingham,Lansing
"Shields, Patrick and Sarah Dobbins, House",42.355217826,-85.74622527799984,building,2012,,,https://catalog.archives.gov/id/25339649,Kalamazoo,Alamo
Union Block,41.827019914000054,-86.36047383499988,building,2012,,,https://catalog.archives.gov/id/25338958,Berrien,Buchanan
Arbaugh's Department Store Building,42.72945853900017,-84.55193365199995,building,2012,,,https://catalog.archives.gov/id/25339519,Ingham,Lansing
Cadillac Public Library,44.25189282700017,-85.39878312199983,building,2012,,,https://catalog.archives.gov/id/25341192,Wexford,Cadillac
Central National Tower,42.32148816000006,-85.18404135499992,building,2012,,,https://catalog.archives.gov/id/25338998,Calhoun,Battle Creek
Smith--Dengler House,47.26465730600012,-88.42534451699993,building,2012,,,https://catalog.archives.gov/id/25339409,Houghton,Wolverine
Empire School,44.810736037000126,-86.05898150599995,building,2012,,,https://catalog.archives.gov/id/25339830,Leelanau,Empire
Hudsonville Christian School,42.872377572000055,-85.86486841799989,building,2012,,,https://catalog.archives.gov/id/25340372,Ottawa,Hudsonville
East Jordan Lumber Company Store Building,45.15448986200005,-85.12754333499994,building,2012,,,https://catalog.archives.gov/id/25339102,Charlevoix,East Jordan
Votruba Block,45.15466980300011,-85.12753744099996,building,2012,,,https://catalog.archives.gov/id/25339110,Charlevoix,East Jordan
Central School,46.09384554800016,-88.64081489699998,building,2012,,,https://catalog.archives.gov/id/25339566,Iron,Iron River
Marquette and Western Railroad Negaunee Freight Depot,46.4982497950001,-87.61262161999997,building,2012,,,https://catalog.archives.gov/id/25340081,Marquette,Negaunee
Ottawa Street Power Station,42.73522915899996,-84.55017965999991,building,2012,,,https://catalog.archives.gov/id/25339499,Ingham,Lansing
Richter Brewery,45.746314190000064,-87.07084093399993,building,2012,,,https://catalog.archives.gov/id/25339209,Delta,Escanaba
"Robbins, Nathaniel and Esther (Savidge), House",43.06179091100001,-86.22637404599999,building,2012,,,https://catalog.archives.gov/id/25340370,Ottawa,Grand Haven
Zinc Collar Pad Company Building,41.82477432700017,-86.36157988899991,building,2012,,,https://catalog.archives.gov/id/25338964,Berrien,Buchanan
Chassell School Complex,47.03128571000002,-88.52599605499996,building,2012,,,https://catalog.archives.gov/id/25339397,Houghton,Chassell
Johannesburg Manufacturing Company Store,44.98594777900018,-84.4559065719999,building,2012,,,https://catalog.archives.gov/id/25340356,Otsego,Johannesburg
"Clapp, Leverett A. and Amanda (Hampson), House",41.923866117000095,-85.52940821399989,building,2012,,,https://catalog.archives.gov/id/25340531,St. Joseph,Centreville
Leiendecker's Inn--Coral Gables,42.6559655390002,-86.20578884299994,building,2012,,,https://catalog.archives.gov/id/25338821,Allegan,Saugatuck
Bangor Elevator,42.31342232600007,-86.11193174699997,building,2012,,,https://catalog.archives.gov/id/25340585,Van Buren,Bangor
Niles Railroad Depot,41.83730971400008,-86.25209541499993,building,2012,,,https://catalog.archives.gov/id/25338954,Berrien,Niles
Gowan Block,46.498188663000164,-84.34754797599999,building,2012,,,https://catalog.archives.gov/id/25339164,Chippewa,Sault Ste. Marie
Adams Building,46.497921982000086,-84.34769128099992,building,2012,,,https://catalog.archives.gov/id/25339148,Chippewa,Sault Ste. Marie
Ludington United States Coast Guard Station,43.94365411100005,-86.45953789899995,building,2012,,,https://catalog.archives.gov/id/25340105,Mason,Ludington
Manistee Iron Works Machine Shop,44.250533392000015,-86.31658017999996,building,2012,,,https://catalog.archives.gov/id/25340013,Manistee,Manistee
"Janson, Charles G., Garage",42.40714210400011,-87.58263624999995,building,2012,,,https://catalog.archives.gov/id/25340121,Menominee,Menominee
Lansing Artillery Michigan National Guard Armory,42.71633042900004,-83.69961048199985,building,2012,,,https://catalog.archives.gov/id/25339505,Ingham,Lansing
Saint Mary's School,42.314750405999966,-84.02242334199985,building,2012,,,https://catalog.archives.gov/id/25340702,Washtenaw,Chelsea
"Lewis, John C. and Augusta (Covell), House",43.40634619900009,-86.34835798099995,building,2012,,,https://catalog.archives.gov/id/25340167,Muskegon,Whitehall
Sundberg Block,46.498694147000094,-87.61366913999996,building,2012,,,https://catalog.archives.gov/id/25340051,Marquette,Negaunee
"Aitkan, Robert, Farm House",43.01965141900017,-83.77255007299982,building,2012,,,https://catalog.archives.gov/id/25337819,Genesee,Flint
"Bangs, Benjamin, House",42.78913954900013,-83.70464013599995,building,2012,,,https://catalog.archives.gov/id/25337834,Genesee,Fenton
Barn at 4277 Irish Road,42.96819872400011,-83.55369759699988,building,2012,,,https://catalog.archives.gov/id/25337874,Genesee,Davison
"Bloss, Frank D., and Sons Farm House",42.927546764000056,-83.84548224699995,building,2012,,,https://catalog.archives.gov/id/25337823,Genesee,Swartz Creek
"Buck, Jesse H., Farm House",42.88400842600015,-83.79254005999991,building,2012,,,https://catalog.archives.gov/id/25337807,Genesee,Swartz Creek
"Carmer, William, House",43.044163559000076,-83.79022820599994,building,2012,,,https://catalog.archives.gov/id/25337836,Genesee,Ortonville
"Church, Volney-Carlos B. Shotwell House",42.78908178900013,-83.70708278299992,building,2012,,,https://catalog.archives.gov/id/25337868,Genesee,Fenton
"Colwell, David B., House",42.787880187000034,-83.70458522499996,building,2012,,,https://catalog.archives.gov/id/25337852,Genesee,Fenton
Fenton Railroad Depot,42.79729605500017,-83.70242809699994,building,2012,,,https://catalog.archives.gov/id/25337897,Genesee,Fenton
Fenton Seminary,42.78776461800015,-83.70947041399995,building,2012,,,https://catalog.archives.gov/id/25337895,Genesee,Fenton
"Green, Alanson, Farm House",42.904152085000185,-83.48527307999997,building,2012,,,https://catalog.archives.gov/id/25337811,Genesee,Goodrich
House at 6112 Carpenter Road,43.08410697300014,-83.59278656599992,building,2012,,,https://catalog.archives.gov/id/25337838,Genesee,Flint
House at 10410 Stanley Road,43.10376844,-83.88829481299996,building,2012,,,https://catalog.archives.gov/id/25337832,Genesee,Flushing
House at 4305 South Linden Road,42.96439786800005,-83.77116743899991,building,2012,,,https://catalog.archives.gov/id/25337870,Genesee,Flint
House at 4344 Frances Road,43.13422626900012,-83.76715339399989,building,2012,,,https://catalog.archives.gov/id/25337854,Genesee,Clio
House at 5556 Flushing Road,43.044163559000076,-83.79022820599994,building,2012,,,https://catalog.archives.gov/id/25337842,Genesee,Flushing
House at 7066 Lobdell Road,42.791341026000104,-83.80768153999998,building,2012,,,https://catalog.archives.gov/id/25337844,Genesee,Linden
"McCaslin, William Henry and Lucinda, Farm House",42.806919957000105,-83.85498088199995,building,2012,,,https://catalog.archives.gov/id/25337813,Genesee,Linden
"McClew, Alexander, Farm House",43.19477918000012,-83.57642756899986,building,2012,,,https://catalog.archives.gov/id/25337821,Genesee,Millington
"Middlesworth, Isaac R., Farm House",42.824804395000164,-83.89935382999982,building,2012,,,https://catalog.archives.gov/id/25337815,Genesee,Byron
"O'Sullivan, Daniel, House/Halfway House",43.039229679000066,-83.77466002999995,building,2012,,,https://catalog.archives.gov/id/25337880,Genesee,Flushing
"Thayer, H. Elmer, House",43.00694000000015,-83.72987999999998,building,2012,,,https://catalog.archives.gov/id/25337884,Genesee,Flint
"Tinker, Harry C., House",43.17953388900002,-83.67950679699993,building,2012,,,https://catalog.archives.gov/id/25337866,Genesee,Clio
"Trump, Edwin, House",42.787871006000046,-83.70116165899992,building,2012,,,https://catalog.archives.gov/id/25337830,Genesee,Fenton
"Van Buskirk, John, Farm House",43.09158312400007,-83.56472120299992,building,2012,,,https://catalog.archives.gov/id/25337817,Genesee,Davison
West Vienna United Methodist Church,43.16244365900012,-83.7916755579999,building,2012,,,https://catalog.archives.gov/id/25337893,Genesee,Clio
Weinmann Block,42.280632835000176,-83.74630457799992,building,2012,,,https://catalog.archives.gov/id/25340643,Washtenaw,Ann Arbor
Cass Avenue Methodist Episcopal Church,42.34819245800015,-83.06302516899984,building,2012,,,https://catalog.archives.gov/id/25340842,Wayne,Detroit
"Palms, Francis, Building & State Theater",42.337767055000015,-83.05182005899997,building,2012,,,https://catalog.archives.gov/id/25341098,Wayne,Detroit
"Parker, Thomas A., House",42.333203204000036,-83.03504297099987,building,2012,,,https://catalog.archives.gov/id/25340770,Wayne,Detroit
St. Bonaventure Monastery,42.35112932500004,-83.01437474499988,building,2012,,,https://catalog.archives.gov/id/25341058,Wayne,Detroit
Vinton Building,42.33058302400007,-83.04563912599997,building,2012,,,https://catalog.archives.gov/id/25340878,Wayne,Detroit
Vanity Ballroom Building,42.37826648500009,-82.95013726099988,building,2012,,,https://catalog.archives.gov/id/25340980,Wayne,Detroit
Maccabees Building,42.35774166400011,-83.06534127499998,building,2012,,,https://catalog.archives.gov/id/25341092,Wayne,Detroit
Pease Auditorium,42.24645265100001,-83.62155792299995,building,2012,,,https://catalog.archives.gov/id/25340665,Washtenaw,Ypsilanti
"Palms, Francis, Building and State Theater",42.337767055000015,-83.05182005899997,building,2012,,,,Wayne,Detroit
"Litchfield, James, House",42.3389906100001,-83.88175493199994,building,2012,,,https://catalog.archives.gov/id/25340603,Washtenaw,Dexter
"Moore, Charles H./Sleeper, Albert E., House",43.26957326700006,-82.53034673499991,building,2012,,,https://catalog.archives.gov/id/25340443,Sanilac,Lexington
"Howard, Horatio N., House",42.64735529200016,-83.29460128199985,building,2012,,,https://catalog.archives.gov/id/25340270,Oakland,Pontiac
Industrial Savings Bank Building,43.02002306300005,-83.69292331199989,building,2012,,,https://catalog.archives.gov/id/25339290,Genesee,Flint
"Paterson, William A., Factory Complex",43.014288685000054,-83.68788690299982,building,2012,,,https://catalog.archives.gov/id/25339312,Genesee,Flint
Fort Shelby Hotel,42.32890542100011,-83.05383776299993,building,2012,,,https://catalog.archives.gov/id/25340872,Wayne,Detroit
Merchants Building,42.334815374000186,-83.04565503399988,building,2012,,,https://catalog.archives.gov/id/25340898,Wayne,Detroit
Central School,42.637846572000164,-83.28827512999999,building,2012,,,https://catalog.archives.gov/id/25340258,Oakland,Pontiac
Eagle Theater,42.63732105300009,-83.29203669799995,building,2012,,,https://catalog.archives.gov/id/25340332,Oakland,Pontiac
Grinnell Brothers Music House,42.63615614000007,-83.29174996199993,building,2012,,,https://catalog.archives.gov/id/25340248,Oakland,Pontiac
Croul-Palms House,42.33379920100003,-83.03190637999995,building,2012,,,https://catalog.archives.gov/id/25340882,Wayne,Detroit
"Garfield, James A., School",42.306467229,-83.1091597169999,building,2012,,,https://catalog.archives.gov/id/25340966,Wayne,Detroit
"MacNichol, George P., House",42.2074807130001,-83.14874336499992,building,2012,,,https://catalog.archives.gov/id/25341012,Wayne,Wyandotte
"Stratton, William B. and Mary Chase, House",42.37854184800005,-82.92318016499985,building,2012,,,https://catalog.archives.gov/id/25340854,Wayne,Grosse Pointe Park
"Divine, John, Law Office/Moore Public Library",43.26846337500006,-82.53253691899994,building,2012,,,https://catalog.archives.gov/id/25340445,Sanilac,Lexington
Globe Tobacco Building,42.333069392000134,-83.0425639899999,building,2012,,,https://catalog.archives.gov/id/25340886,Wayne,Detroit
"Foote, Dr. Henry K., House",42.585043573000064,-83.60183509299992,building,2012,,,https://catalog.archives.gov/id/25340284,Oakland,Milford
Redford Theatre Building,42.41720210900018,-83.25737763799998,building,2012,,,https://catalog.archives.gov/id/25341106,Wayne,Detroit
Capitol Theatre Building,43.015266628000056,-83.68842043599987,building,2012,,,https://catalog.archives.gov/id/25339302,Genesee,Flint
"Gilbert, Horace/Morgan and Enos Miller House",42.95661470300007,-83.8316221149999,building,2012,,,https://catalog.archives.gov/id/25337862,Genesee,Swartz Creek
Mauk & Hammer/Houghton Elevator,43.176894451000116,-83.73770850399995,building,2012,,,https://catalog.archives.gov/id/25337878,Genesee,Clio
"Grice, James and Jane, House",43.85564026700013,-82.65313731899994,building,2012,,,https://catalog.archives.gov/id/25339459,Huron,Harbor Beach
"Nims, William Reuben, House",43.26751857700009,-82.53584015399997,building,2012,,,https://catalog.archives.gov/id/25340441,Sanilac,Lexington
Parke-Davis Research Laboratory,42.33689992200015,-83.01440563499995,building,2012,,,https://catalog.archives.gov/id/25338795,Wayne,Detroit
Elwood Bar,42.33786683300013,-83.0512770709999,building,2012,,,https://catalog.archives.gov/id/25340796,Wayne,Detroit
Bird/Boyd Farm House,42.82786230400012,-83.89949695099995,building,2012,,,https://catalog.archives.gov/id/25337809,Genesee,Byron
Atlas Grange Hall,42.96819872400011,-83.55369759699988,building,2012,,,https://catalog.archives.gov/id/25337872,Genesee,Atlas
"Murphy, Frank, Birthplace",43.84251253500002,-82.65131895399998,building,2012,,,https://catalog.archives.gov/id/25339467,Huron,Harbor Beach
"Sleeper, Albert E., House",43.76695281300004,-83.00884365999991,building,2012,,,https://catalog.archives.gov/id/25339465,Huron,Bad Axe
Flint Brewing Company,43.00390721000019,-83.67749619899985,building,2012,,,https://catalog.archives.gov/id/25339292,Genesee,Flint
"Knight, Morris A., House",43.00924275400007,-83.68803470399996,building,2012,,,https://catalog.archives.gov/id/25339284,Genesee,Flint
"Hunter, John W., House",42.546809566000036,-83.21942067899995,building,2012,,,https://catalog.archives.gov/id/25340210,Oakland,Birmingham
Caswell House,42.57780975000008,-83.15076299399993,building,2012,,,https://catalog.archives.gov/id/25340212,Oakland,Troy
Wisner House,42.648321785000114,-83.30476156099996,building,2012,,,https://catalog.archives.gov/id/25340280,Oakland,Pontiac
Grand Trunk Railway Station,42.909378645000054,-83.98257468599996,building,2012,,,https://catalog.archives.gov/id/25340474,Shiawassee,Durand
Randall House,43.3395218810001,-83.32212855799992,building,2012,,,https://catalog.archives.gov/id/25340563,Tuscola,Mayville
"Loop, Joseph M., House",43.42453618300005,-82.54388167799989,building,2012,,,https://catalog.archives.gov/id/25340454,Sanilac,Port Sanilac
"Fead, John L., House",43.271570079000064,-82.52916449299994,building,2012,,,https://catalog.archives.gov/id/25340447,Sanilac,Lexington
First Congregational Church,42.81359605700005,-82.76024696399998,building,2012,,,https://catalog.archives.gov/id/25339982,Macomb,Richmond
"Grand Trunk Western Railroad, Mount Clemens Station",42.59924894600011,-82.89168805899999,building,2012,,,https://catalog.archives.gov/id/25340000,Macomb,Mount Clemens
Washington Octagon House,42.71845061700014,-83.03502309299995,building,2012,,,https://catalog.archives.gov/id/25339980,Macomb,Washington
"Yerkes, Robert, House",42.43825490100006,-83.47624028299998,building,2012,,,https://catalog.archives.gov/id/25340208,Oakland,Northville
Grand Trunk Western Railroad Depot,42.998710952000124,-82.42594529799995,building,2012,,,https://catalog.archives.gov/id/25340517,St. Clair,Port Huron
Federal Building,42.97474788900012,-82.4260283899999,building,2012,,,https://catalog.archives.gov/id/25340499,St. Clair,Port Huron
"Anderson, William, House",42.254667738000016,-83.72493352999999,building,2012,,,https://catalog.archives.gov/id/25340673,Washtenaw,Ann Arbor
Weis Manufacturing Company,41.91561808000006,-83.4108245879999,building,2012,,,https://catalog.archives.gov/id/25340146,Monroe,Monroe
Ward-Holland House,42.723970375000135,-82.48924707599997,building,2012,,,https://catalog.archives.gov/id/25340503,St. Clair,Marine City
Sawyer House,41.91490633700004,-83.39319393899996,building,2012,,,https://catalog.archives.gov/id/25340148,Monroe,Monroe
"Nims, Rudolph, House",41.922554936000104,-83.39782111599993,building,2012,,,https://catalog.archives.gov/id/25340142,Monroe,Monroe
Passolt House,43.41954322200019,-83.94107870299996,building,2012,,,https://catalog.archives.gov/id/25340438,Saginaw,Saginaw
Harris Hall,42.28147721600015,-83.74112672499996,building,2012,,,https://catalog.archives.gov/id/25340694,Washtenaw,Ann Arbor
"Frieze, Henry S., House",42.27278772400006,-83.72789712299993,building,2012,,,https://catalog.archives.gov/id/25340663,Washtenaw,Ann Arbor
Detroit Observatory,42.281885653000074,-83.73156415199998,building,2012,,,https://catalog.archives.gov/id/25340615,Washtenaw,Ann Arbor
Main Street Post Office,42.282931079000086,-83.74810227199997,building,2012,,,https://catalog.archives.gov/id/25340621,Washtenaw,Ann Arbor
Bingham House,42.497810874000045,-83.69994186799994,building,2012,,,https://catalog.archives.gov/id/25339937,Livingston,Brighton
"Loranger, Edward, House",41.98206975200012,-83.37253435199989,building,2012,,,https://catalog.archives.gov/id/25340140,Monroe,Monroe
"Olds, Alonzo W., House",42.45785589000013,-83.69688563699998,building,2012,,,https://catalog.archives.gov/id/25339922,Livingston,Rushton
"Ticknor, Dr. Benajah, House",42.24510228100006,-83.71058360199999,building,2012,,,https://catalog.archives.gov/id/25340635,Washtenaw,Ann Arbor
"Wilson, Judge Robert S., House",42.28204894300012,-83.74357692399985,building,2012,,,https://catalog.archives.gov/id/25340599,Washtenaw,Ann Arbor
Griswold Building,42.333046786,-83.04887482499998,building,2012,,,https://catalog.archives.gov/id/25340744,Wayne,Detroit
Eighth Precinct Police Station,42.34562321000004,-83.08060482499991,building,2012,,,https://catalog.archives.gov/id/25340996,Wayne,Detroit
Central Warehouse,43.43383367200004,-83.94906109099999,building,2012,,,https://catalog.archives.gov/id/25338391,Saginaw,Saginaw
Michigan Bell Building,43.430732132999985,-83.9401385939999,building,2012,,,https://catalog.archives.gov/id/25338405,Saginaw,Saginaw
"President's House, University Of Michigan",42.2753251150001,-83.7385559949999,building,2012,,,https://catalog.archives.gov/id/25340661,Washtenaw,Ann Arbor
Unitarian Universalist Church,42.281491702999965,-83.74052100999995,building,2012,,,https://catalog.archives.gov/id/25340688,Washtenaw,Ann Arbor
Ste. Anne Roman Catholic Church Complex,42.32083985300016,-83.07663220499984,building,2012,,,https://catalog.archives.gov/id/25340974,Wayne,Detroit
Metropolitan United Methodist Church,42.37471159200005,-83.07561423799991,building,2012,,,https://catalog.archives.gov/id/25338551,Wayne,Detroit
Woodward Ave. Presbyterian Church,42.37797561499996,-83.07936569999998,building,2012,,,https://catalog.archives.gov/id/25338557,Wayne,Detroit
First Baptist Church of Detroit,42.37887122099999,-83.07963820499987,building,2012,,,https://catalog.archives.gov/id/25338570,Wayne,Detroit
Temple Beth-El,42.34614253900008,-83.05682731099995,building,2012,,,https://catalog.archives.gov/id/25338545,Wayne,Detroit
Temple Beth-El,42.38055920400011,-83.08090863199999,building,2012,,,https://catalog.archives.gov/id/25338547,Wayne,Detroit
St. Joseph's Episcopal Church,42.36465553600004,-83.06896816399995,building,2012,,,https://catalog.archives.gov/id/25338607,Wayne,Detroit
Highland Park Presbyterian Church,42.39684362800017,-83.09165294899992,building,2012,,,https://catalog.archives.gov/id/25338613,Wayne,Highland Park
Grace Evangelical Lutheran Church,42.39773476199997,-83.09216857099993,building,2012,,,https://catalog.archives.gov/id/25338593,Wayne,Highland Park
Trinity United Methodist Church,42.40131258700017,-83.09350261299994,building,2012,,,https://catalog.archives.gov/id/25338591,Wayne,Highland Park
First United Methodist Church,42.41527571500012,-83.10308244699996,building,2012,,,https://catalog.archives.gov/id/25338543,Wayne,Highland Park
The Clay School,42.34501919800016,-83.06170732699997,building,2012,,,https://catalog.archives.gov/id/25340968,Wayne,Detroit
"Trowbridge, Charles, House",42.33378629200012,-83.03263423099997,building,2012,,,https://catalog.archives.gov/id/25341116,Wayne,Detroit
"Trombly, Charles, House",42.33151196500012,-83.03899372099994,building,2012,,,https://catalog.archives.gov/id/25340826,Wayne,Detroit
Third Precinct Police Station,42.35053359000004,-83.03281003199987,building,2012,,,https://catalog.archives.gov/id/25341022,Wayne,Detroit
Wayne County Courthouse,42.332257193000146,-83.04265905899996,building,2012,,,https://catalog.archives.gov/id/25341028,Wayne,Detroit
Wilson Theatre,42.33714897800019,-83.04609489199993,building,2012,,,https://catalog.archives.gov/id/25341096,Wayne,Detroit
Engine House No. 11,42.35452390900008,-83.03123890099988,building,2012,,,https://catalog.archives.gov/id/25341170,Wayne,Detroit
Linden Mill,42.81529899500009,-83.7816261199999,building,2012,,,https://catalog.archives.gov/id/25339310,Genesee,Linden
"Everitt, Orson, House",42.42538687399996,-83.4295444469999,building,2012,,,https://catalog.archives.gov/id/25340808,Wayne,Livonia
Greenmead Farms,42.438163315000104,-83.45119230099994,building,2012,,,https://catalog.archives.gov/id/25340732,Wayne,Livonia
St. James Episcopal Church,42.162209288000035,-83.14248937899998,building,2012,,,https://catalog.archives.gov/id/25341044,Wayne,Grosse Ile
Wilson Barn,42.36471378100015,-83.3318176369999,building,2012,,,https://catalog.archives.gov/id/25340734,Wayne,Livonia
Marx House,42.20720844800007,-83.14885526799992,building,2012,,,https://catalog.archives.gov/id/25341034,Wayne,Wyandotte
Myrick-Palmer House,42.63660263900016,-83.30091348299999,building,2012,,,https://catalog.archives.gov/id/25340224,Oakland,Pontiac
Elks Lodge Building,43.014030956000106,-83.69118870999989,building,2012,,,https://catalog.archives.gov/id/25339298,Genesee,Flint
"Hoffstetter, Jacob, House",42.28012211200008,-83.74506971999989,building,2012,,,https://catalog.archives.gov/id/25340619,Washtenaw,Ann Arbor
Newberry Hall,42.27688934400015,-83.74092771599993,building,2012,,,https://catalog.archives.gov/id/25340718,Washtenaw,Ann Arbor
Hirst Hotel,42.79086483900003,-83.62671212099991,building,2012,,,https://catalog.archives.gov/id/25340242,Oakland,Holly
Ortonville Mill,42.85205672400019,-83.44573116299989,building,2012,,,https://catalog.archives.gov/id/25340308,Oakland,Ortonville
Methodist Episcopal Church Parsonage,42.28004376000017,-83.74458125199999,building,2012,,,https://catalog.archives.gov/id/25340683,Washtenaw,Ann Arbor
Bearinger Building,43.42438497,-83.9731846869999,building,2012,,,https://catalog.archives.gov/id/25338367,Saginaw,Saginaw
"Wright, Ammi and William, House",43.413799320000074,-83.98551118199998,building,2012,,,https://catalog.archives.gov/id/25338377,Saginaw,Saginaw
"Cushway, Benjamin, House",43.40965041200019,-83.97542696599999,building,2012,,,https://catalog.archives.gov/id/25338371,Saginaw,Saginaw
House at 1514 N. Michigan Street,43.42965571800005,-83.95046403299988,building,2012,,,https://catalog.archives.gov/id/25338379,Saginaw,Saginaw
"Peters, Charles, Sr., House",43.432352089000105,-83.92613257999994,building,2012,,,https://catalog.archives.gov/id/25338381,Saginaw,Saginaw
St. John's Episcopal Church,43.418500856999955,-83.96400294199988,building,2012,,,https://catalog.archives.gov/id/25338407,Saginaw,Saginaw
Wenzel House,43.412238882000096,-83.97283668799997,building,2012,,,https://catalog.archives.gov/id/25338373,Saginaw,Saginaw
"Brockway, Abel, House",43.417550565000056,-83.98322535699998,building,2012,,,https://catalog.archives.gov/id/25338369,Saginaw,Saginaw
Old Presque Isle Lighthouse,45.35667379799998,-83.47939959799999,building,2012,,,https://catalog.archives.gov/id/25340410,Presque Isle,Presque Isle
"Armstrong, Joseph, House",43.055739496000164,-83.3160483669999,building,2012,,,https://catalog.archives.gov/id/25338241,Lapeer,Lapeer
"Hevener, John and Julia, House",43.05092137600012,-83.32274262599992,building,2012,,,https://catalog.archives.gov/id/25338243,Lapeer,Lapeer
"Lee, John and Rosetta, House",43.05701904400018,-83.3151142249999,building,2012,,,https://catalog.archives.gov/id/25338247,Lapeer,Lapeer
"Perry, Warren, House",43.04013150600018,-83.30416670199992,building,2012,,,https://catalog.archives.gov/id/25338235,Lapeer,Lapeer
"Tomlinson, Samuel J., House",43.057198997000064,-83.3151210019999,building,2012,,,https://catalog.archives.gov/id/25338251,Lapeer,Lapeer
"Van Dyke, Peter, House",43.05959797100012,-83.31226418599987,building,2012,,,https://catalog.archives.gov/id/25338253,Lapeer,Lapeer
"Watson, William H. and Sabrina, House",43.055094167000156,-83.31234036699999,building,2012,,,https://catalog.archives.gov/id/25338237,Lapeer,Lapeer
"White, Jay, House",43.05060630100007,-83.32052067299992,building,2012,,,https://catalog.archives.gov/id/25338258,Lapeer,Lapeer
"McAdow, Perry, House",42.35310216300002,-83.06543205299994,building,2012,,,https://catalog.archives.gov/id/25340800,Wayne,Detroit
Northern Brewery,42.29252717400009,-83.7346927029999,building,2012,,,https://catalog.archives.gov/id/25340657,Washtenaw,Ann Arbor
Ladies of the Maccabees Building,42.98328271700017,-82.42472956399996,building,2012,,,https://catalog.archives.gov/id/25340509,St. Clair,Port Huron
"Hecker, Col. Frank J., House",42.361630507000086,-83.06692592599988,building,2012,,,https://catalog.archives.gov/id/25340764,Wayne,Detroit
Grand Trunk Western Railroad Birmingham Depot,42.546738782000034,-83.19506055799997,building,2012,,,https://catalog.archives.gov/id/25340306,Oakland,Birmingham
"Westphal, August, Farmstead",42.527726993000044,-83.82419491499991,building,2012,,,https://catalog.archives.gov/id/25339933,Livingston,Brighton
Bay County Building,43.5984385210001,-83.88487269899998,building,2012,,,https://catalog.archives.gov/id/25338902,Bay,Bay City
City Hall,43.59346992900003,-83.88909460799988,building,2012,,,https://catalog.archives.gov/id/25338900,Bay,Bay City
Mercy Hospital and Elizabeth McDowell Bialy Memorial House,43.58635548700004,-83.8927174459999,building,2012,,,https://catalog.archives.gov/id/25338908,Bay,Bay City
"Pere Marquette Railroad Depot, Bay City Station",43.59996415600011,-83.88506959699991,building,2012,,,https://catalog.archives.gov/id/25338896,Bay,Bay City
"Dutton, James B., House",43.05494958000001,-83.31503629399991,building,2012,,,https://catalog.archives.gov/id/25338249,Lapeer,Lapeer
"Hart, Rodney G., House",43.05527908200006,-83.31210174199994,building,2012,,,https://catalog.archives.gov/id/25338245,Lapeer,Lapeer
Pioneer State Bank No. 36,43.22924386000017,-83.1933174649999,building,2012,,,https://catalog.archives.gov/id/25339802,Lapeer,North Branch
"Sacred Heart Roman Catholic Church, Convent and Rectory",42.35101605199997,-83.04618078899995,building,2012,,,https://catalog.archives.gov/id/25341054,Wayne,Detroit
Penn Central Station,42.32847025800008,-83.07797569999995,building,2012,,,https://catalog.archives.gov/id/25341108,Wayne,Detroit
Moross House,42.33480215600013,-83.03121041799994,building,2012,,,https://catalog.archives.gov/id/25340762,Wayne,Detroit
"Michigan State Fair Riding Coliseum, Dairy Cattle Building, and Agricultural Building",42.44337688600007,-83.11751918699986,building,2012,,,https://catalog.archives.gov/id/25340728,Wayne,Detroit
Lee Plaza Hotel,42.35937913900017,-83.1015800859999,building,2012,,,https://catalog.archives.gov/id/25340742,Wayne,Detroit
Lawyers Building,42.33196555100016,-83.04386335599996,building,2012,,,https://catalog.archives.gov/id/25340952,Wayne,Detroit
"Kresge, S. S., World Headquarters",42.34010858400005,-83.06185021999988,building,2012,,,https://catalog.archives.gov/id/25340910,Wayne,Detroit
Hunter House,42.34541256400018,-83.06736528799996,building,2012,,,https://catalog.archives.gov/id/25340752,Wayne,Detroit
Hudson-Evans House,42.33862796800013,-83.05403303999992,building,2012,,,https://catalog.archives.gov/id/25340928,Wayne,Detroit
Grand Riviera Theater,42.36604565400012,-83.13070500499998,building,2012,,,https://catalog.archives.gov/id/25341100,Wayne,Detroit
Gethsemane Evangelical Lutheran Church,42.3379718490001,-83.10997038199991,building,2012,,,https://catalog.archives.gov/id/25341042,Wayne,Detroit
Fort Street Presbyterian Church,42.32753110300006,-83.05715484199987,building,2012,,,https://catalog.archives.gov/id/25340774,Wayne,Detroit
First Unitarian Church of Detroit,42.34383075700015,-83.05517372399999,building,2012,,,https://catalog.archives.gov/id/25338609,Wayne,Detroit
Farwell Building,42.333389445000016,-83.04985697299992,building,2012,,,https://catalog.archives.gov/id/25340758,Wayne,Detroit
Detroit Masonic Temple,42.34175918600005,-83.06020469799995,building,2012,,,https://catalog.archives.gov/id/25340850,Wayne,Detroit
Coronado Apartments,42.346905105000126,-83.06450057099988,building,2012,,,https://catalog.archives.gov/id/25340790,Wayne,Detroit
"Christ Church, Detroit",42.33248747600008,-83.03477712499989,building,2012,,,https://catalog.archives.gov/id/25341048,Wayne,Detroit
Cathedral of the Most Blessed Sacrament,42.38850308100006,-83.08481571099998,building,2012,,,https://catalog.archives.gov/id/25338587,Wayne,Detroit
Breitmeyer-Tobin Building,42.33508322000011,-83.04578510299996,building,2012,,,https://catalog.archives.gov/id/25340866,Wayne,Detroit
"Boydell, William C., House",42.35356529600004,-83.0647187379999,building,2012,,,https://catalog.archives.gov/id/25341008,Wayne,Detroit
Belcrest Hotel,42.360069808000056,-83.06857471899991,building,2012,,,https://catalog.archives.gov/id/25341002,Wayne,Detroit
"White, Orrin, House",42.27826543100002,-83.70194081199992,building,2012,,,https://catalog.archives.gov/id/25340633,Washtenaw,Ann Arbor
Starkweather Religious Center,42.24657162600004,-83.62422931299994,building,2012,,,https://catalog.archives.gov/id/25340667,Washtenaw,Ypsilanti
Michigan Theater Building,42.27956780700014,-83.74189274999986,building,2012,,,https://catalog.archives.gov/id/25340696,Washtenaw,Ann Arbor
Gordon Hall,42.34036433900018,-83.89868969499993,building,2012,,,https://catalog.archives.gov/id/25340681,Washtenaw,Dexter
Germania Building Complex,42.28028743800007,-83.74944248999998,building,2012,,,https://catalog.archives.gov/id/25340645,Washtenaw,Ann Arbor
First National Bank Building,42.28013658000003,-83.74822326599997,building,2012,,,https://catalog.archives.gov/id/25340647,Washtenaw,Ann Arbor
Brinkerhoff-Becker House,42.24746167600011,-83.62075130599995,building,2012,,,https://catalog.archives.gov/id/25340625,Washtenaw,Ypsilanti
"Bennett, Henry, House",42.27897006600017,-83.74429208999987,building,2012,,,https://catalog.archives.gov/id/25340679,Washtenaw,Ann Arbor
Ann Arbor Central Fire Station,42.28181920399999,-83.73435047599992,building,2012,,,https://catalog.archives.gov/id/25340716,Washtenaw,Ann Arbor
"Burtis, R. C., House",43.44791987700017,-83.52227665199997,building,2012,,,https://catalog.archives.gov/id/25340561,Tuscola,Vassar
"North, Townsend, House",43.375238136000064,-83.57566910499997,building,2012,,,https://catalog.archives.gov/id/25340569,Tuscola,Vassar
Smith House,43.37203860000015,-83.5857781009999,building,2012,,,https://catalog.archives.gov/id/25340573,Tuscola,Vassar
Watrous General Store,43.45174437900005,-83.52441319399992,building,2012,,,https://catalog.archives.gov/id/25340579,Tuscola,Watrousville
"McClelland, Gov. Robert, House",41.917763403000045,-83.39438596999993,building,2012,,,https://catalog.archives.gov/id/25340138,Monroe,Monroe
Alden Park Towers,42.35156952100004,-82.99435569499997,building,2012,,,https://catalog.archives.gov/id/25338615,Wayne,Detroit
"Chene, Alexander, House",42.339120431000126,-83.02127431599989,building,2012,,,https://catalog.archives.gov/id/25338687,Wayne,Detroit
Garden Court Apartments,42.33960895600012,-83.01910497399996,building,2012,,,https://catalog.archives.gov/id/25338623,Wayne,Detroit
Hibbard Apartment Building,42.35737060500008,-82.98701090999991,building,2012,,,https://catalog.archives.gov/id/25338549,Wayne,Detroit
Jefferson Hall,42.335085070000105,-83.03049124899997,building,2012,,,https://catalog.archives.gov/id/25338577,Wayne,Detroit
"Kean, The",42.35764693600009,-82.9866553459999,building,2012,,,https://catalog.archives.gov/id/25338539,Wayne,Detroit
Manchester Apartments,42.33604740300005,-83.0270021529999,building,2012,,,https://catalog.archives.gov/id/25338625,Wayne,Detroit
"Palms, The",42.33348614100003,-83.03432383799998,building,2012,,,https://catalog.archives.gov/id/25338561,Wayne,Detroit
Pasadena Apartments,42.33660459600008,-83.02604899899984,building,2012,,,https://catalog.archives.gov/id/25338603,Wayne,Detroit
Ponchartrain Apartments,42.33406921500016,-83.03191507999999,building,2012,,,https://catalog.archives.gov/id/25338530,Wayne,Detroit
Somerset Apartments,42.33545798400007,-83.02977497099994,building,2012,,,https://catalog.archives.gov/id/25338566,Wayne,Detroit
"Stearns, Frederick K., House",42.35191898900017,-82.99497383099994,building,2012,,,https://catalog.archives.gov/id/25338631,Wayne,Detroit
"Walker, Franklin H., House",42.33933038800018,-83.01958160699985,building,2012,,,https://catalog.archives.gov/id/25338595,Wayne,Detroit
"Wells, William H., House",42.341091771000144,-83.01672462299996,building,2012,,,https://catalog.archives.gov/id/25338611,Wayne,Detroit
Whittier Hotel,42.354714098000095,-82.98959839199989,building,2012,,,https://catalog.archives.gov/id/25338579,Wayne,Detroit
"Annin, Joseph, House",42.16174622800008,-83.78436360099994,building,2012,,,https://catalog.archives.gov/id/25338501,Washtenaw,Saline
"Guthard, Charles, House",42.16865729700003,-83.77788805399996,building,2012,,,https://catalog.archives.gov/id/25338515,Washtenaw,Saline
"Lutz, George R., House",42.16497104300002,-83.78135797499995,building,2012,,,https://catalog.archives.gov/id/25338505,Washtenaw,Saline
Miller--Walker House,42.1667173390001,-83.78361340799997,building,2012,,,https://catalog.archives.gov/id/25338494,Washtenaw,Saline
"Sturm, Louis, House",42.168324810000165,-83.78416815499992,building,2012,,,https://catalog.archives.gov/id/25338496,Washtenaw,Saline
Union Block,42.16651497900005,-83.78082043099994,building,2012,,,https://catalog.archives.gov/id/25338511,Washtenaw,Saline
"Van Duzer, Samuel D., House",42.16509620199997,-83.77991092199994,building,2012,,,https://catalog.archives.gov/id/25338498,Washtenaw,Saline
"Church, Zalmon, House",42.16729818100003,-83.78194420799991,building,2012,,,https://catalog.archives.gov/id/25338503,Washtenaw,Saline
"Affleck, Gregor S. and Elizabeth B., House",42.58809134500018,-83.24976967699997,building,2012,,,https://catalog.archives.gov/id/25340230,Oakland,Bloomfield Hills
"Forbes, Jortin, House",42.16818600800019,-83.78246734999999,building,2012,,,https://catalog.archives.gov/id/25338519,Washtenaw,Saline
Oakwood Cemetery Mausoleum,42.16380348000013,-83.78493806099993,building,2012,,,https://catalog.archives.gov/id/25338507,Washtenaw,Saline
"Bagley, John N., House",42.34090108300018,-83.01732548099994,building,2012,,,https://catalog.archives.gov/id/25338605,Wayne,Detroit
"Parker, Arthur M., House",42.352848609000034,-82.99330342199993,building,2012,,,https://catalog.archives.gov/id/25338597,Wayne,Detroit
Sibley House,42.335851873000024,-83.03549259399993,building,2012,,,https://catalog.archives.gov/id/25340754,Wayne,Detroit
St. John's-St. Luke's Evangelical Church,42.34341842600002,-83.0379220189999,building,2012,,,https://catalog.archives.gov/id/25341060,Wayne,Detroit
"Stearns, Frederick, Building",42.345770976000146,-83.00667663899992,building,2012,,,https://catalog.archives.gov/id/25340920,Wayne,Detroit
"Taylor, Elisha, House",42.34339379500004,-83.05443110299983,building,2012,,,https://catalog.archives.gov/id/25340828,Wayne,Detroit
Trinity Episcopal Church,42.34135163600007,-83.07281615999995,building,2012,,,https://catalog.archives.gov/id/25341040,Wayne,Detroit
St. Joseph's Episcopal Church,42.38121125400011,-83.07971549599995,building,2012,,,https://catalog.archives.gov/id/25338559,Wayne,Detroit
GAR Building,42.335093910000126,-83.0552531059999,building,2012,,,https://catalog.archives.gov/id/25341086,Wayne,Detroit
Wallace Block--Old Saline Village Hall,42.16624804200006,-83.7806876819999,building,2012,,,https://catalog.archives.gov/id/25338513,Washtenaw,Saline
Western House,42.529623026000124,-83.78538149199994,building,2012,,,https://catalog.archives.gov/id/25339929,Livingston,Brighton
Dixboro United Methodist Church,42.31347455500002,-83.65576452299996,building,2012,,,https://catalog.archives.gov/id/25340690,Washtenaw,Dixboro
Sante Fe Apartments,42.356768339000155,-83.07186614599993,building,2012,,,https://catalog.archives.gov/id/25338671,Wayne,Detroit
"Strasburg, Herman, House",42.35978884500014,-83.06917263299981,building,2012,,,https://catalog.archives.gov/id/25338679,Wayne,Detroit
"Sprague, Thomas S., House",42.36185012700013,-83.06972605499988,building,2012,,,https://catalog.archives.gov/id/25338673,Wayne,Detroit
"Smith, Samuel L., House",42.35733665300011,-83.06532799999998,building,2012,,,https://catalog.archives.gov/id/25338653,Wayne,Detroit
Verona Apartments,42.361138878000176,-83.06921696899985,building,2012,,,https://catalog.archives.gov/id/25338675,Wayne,Detroit
Cass Motor Sales,42.35455337600013,-83.06985064499997,building,2012,,,https://catalog.archives.gov/id/25338641,Wayne,Detroit
"Catlin, Dr. Samuel, House",42.00444228000009,-83.94229501799998,building,2012,,,https://catalog.archives.gov/id/25338262,Lenawee,Tecumseh
"Hayden, William, House",42.005282463000064,-83.83747176699995,building,2012,,,https://catalog.archives.gov/id/25338270,Lenawee,Tecumseh
"Hall, Joseph E., House",42.00202919300017,-83.94158005599996,building,2012,,,https://catalog.archives.gov/id/25338264,Lenawee,Tecumseh
"Kempf, George J., House",42.001284874000135,-83.94251158299988,building,2012,,,https://catalog.archives.gov/id/25338268,Lenawee,Tecumseh
"Sparks, G. P., House",42.006001992000165,-83.93765810499993,building,2012,,,https://catalog.archives.gov/id/25338266,Lenawee,Tecumseh
"Temple, Samuel W., House",42.00712224500006,-83.94664461799988,building,2012,,,https://catalog.archives.gov/id/25338272,Lenawee,Tecumseh
"Ford, Henry, Square House",42.32693650100009,-83.33533608499988,building,2012,,,https://catalog.archives.gov/id/25341158,Wayne,Garden City
Hadley Flour and Feed Mill,42.95084460600003,-83.4029401799999,building,2012,,,https://catalog.archives.gov/id/25339795,Lapeer,Hadley Township
Saint Andrew's Memorial Episcopal Church,42.35557416900014,-83.07316249699988,building,2012,,,https://catalog.archives.gov/id/25338683,Wayne,Detroit
"Johnson, Abner C., House",43.017200944000194,-83.68273743999998,building,2012,,,https://catalog.archives.gov/id/25339280,Genesee,Flint
Castle Station,43.42862842200014,-83.9358115349999,building,2012,,,https://catalog.archives.gov/id/25340420,Saginaw,Saginaw
"Jennings, H.N., House",42.787853706000014,-83.70189444099998,building,2012,,,https://catalog.archives.gov/id/25337828,Genesee,Fenton
First Presbyterian Church of Blissfield,41.83559507900003,-83.84716637699994,building,2012,,,https://catalog.archives.gov/id/25339850,Lenawee,Blissfield
Brooks Farm,42.56077371700013,-83.19104603799991,building,2012,,,https://catalog.archives.gov/id/25340190,Oakland,Troy
House at 1339 Cummings Road,43.02977784400008,-83.4888687269999,building,2012,,,https://catalog.archives.gov/id/25337840,Genesee,Davison
"McAra, John, House",43.000865925000035,-83.55456113399993,building,2012,,,https://catalog.archives.gov/id/25337864,Genesee,Davison
"Murray, James H., House",42.81089528400013,-83.81443766399985,building,2012,,,https://catalog.archives.gov/id/25337846,Genesee,Linden
Parker and Dunstan Hardware/Dr. E. D. Lewis Building,43.166026270000025,-83.5252749199999,building,2012,,,https://catalog.archives.gov/id/25337882,Genesee,Otisville
"Pennington, John-Ford, Henry, House",42.066124628000054,-83.86779766199999,building,2012,,,https://catalog.archives.gov/id/25339852,Lenawee,Macon
Navarre-Anderson Trading Post,41.907976595000086,-83.45900235699993,building,2012,,,https://catalog.archives.gov/id/25340144,Monroe,Monroe
"Yerkes, Joseph D., House",42.43841643999997,-83.46457544099997,building,2012,,,https://catalog.archives.gov/id/25340266,Oakland,Novi
Davis Carriage House,43.421191797000056,-83.96092271599991,building,2012,,,https://catalog.archives.gov/id/25338393,Saginaw,Saginaw
"Sackett, Russell, House",43.42438497,-83.9731846869999,building,2012,,,https://catalog.archives.gov/id/25338383,Saginaw,Saginaw
"Davidson, Wilbur F., House",42.965313921000075,-82.42504990399992,building,2012,,,https://catalog.archives.gov/id/25340497,St. Clair,Port Huron
Cary Building,42.335513743000156,-83.04689149999996,building,2012,,,https://catalog.archives.gov/id/25340896,Wayne,Detroit
Second Arenac County Courthouse,44.04740554000017,-83.85380652599986,building,2012,,,https://catalog.archives.gov/id/25338858,Arenac,Omer
Tromble House,43.591132112000125,-83.89963574499996,building,2012,,,https://catalog.archives.gov/id/25338910,Bay,Bay City
McKinley School,43.36810677699998,-83.57647780999991,building,2012,,,https://catalog.archives.gov/id/25340571,Tuscola,Vassar
Winsor and Snover Bank Building,44.04449788100004,-82.99377969899989,building,2012,,,https://catalog.archives.gov/id/25339453,Huron,Port Austin
"Campau, Joseph, House",42.33979751600008,-83.01862545399996,building,2012,,,https://catalog.archives.gov/id/25338667,Wayne,Detroit
"Palmer, Charles, House",43.02606991700014,-83.07437577899992,building,2012,,,https://catalog.archives.gov/id/25339806,Lapeer,Imlay City
Andrews--Leggett House,42.59409687100009,-83.49032951099997,building,2012,,,https://catalog.archives.gov/id/25340222,Oakland,Commerce
"Watson, Henry R., House",42.18077583900014,-83.78689419699998,building,2012,,,https://catalog.archives.gov/id/25338509,Washtenaw,Saline
Nickels Arcade,42.278322882000104,-83.74123241899991,building,2012,,,https://catalog.archives.gov/id/25340649,Washtenaw,Ann Arbor
Saint Elizabeth's Church,42.003918069000115,-83.94166715799992,building,2012,,,https://catalog.archives.gov/id/25338279,Lenawee,Tecumseh
First Methodist Episcopal Church,43.93942825600009,-82.71639010799998,building,2012,,,https://catalog.archives.gov/id/25337921,Huron,Port Hope
Herman House,43.94092243800008,-82.71281954999989,building,2012,,,https://catalog.archives.gov/id/25337943,Huron,Port Hope
"Leuty, Isaac, House",43.940710647000046,-82.71493176299988,building,2012,,,https://catalog.archives.gov/id/25337923,Huron,Port Hope
Masonic Temple,43.941004953000046,-82.71332034699992,building,2012,,,https://catalog.archives.gov/id/25337935,Huron,Port Hope
St. John's Lutheran Church,43.94065630500017,-82.71854376399995,building,2012,,,https://catalog.archives.gov/id/25337931,Huron,Port Hope
Ogilvie Building,43.94127119500006,-82.71357721299995,building,2012,,,https://catalog.archives.gov/id/25337925,Huron,Port Hope
"Stafford, Frederick H. and Elizabeth, House",43.94161620400012,-82.71458399299995,building,2012,,,https://catalog.archives.gov/id/25337929,Huron,Port Hope
"Stafford, W. R., Worker's House",43.939328700000026,-82.71102931699994,building,2012,,,https://catalog.archives.gov/id/25337919,Huron,Port Hope
Chatsworth Apartments,42.357503713000085,-83.0710403629999,building,2012,,,https://catalog.archives.gov/id/25338669,Wayne,Detroit
Stafford House,43.94111992600011,-82.71465694299997,building,2012,,,https://catalog.archives.gov/id/25337933,Huron,Port Hope
"Day, John W., House",42.945700208000176,-83.14533904399997,building,2012,,,https://catalog.archives.gov/id/25339798,Lapeer,Dryden
Melligan Store-Agriculture Hall,43.94155239800016,-82.71283765199996,building,2012,,,https://catalog.archives.gov/id/25337927,Huron,Port Hope
"Hinckley, Col. J., House",42.78783063200005,-83.7028714819999,building,2012,,,https://catalog.archives.gov/id/25337876,Genesee,Fenton
"Fairweather, James F.--Lamb, Jacob C., House",43.018538273000104,-83.07755808199988,building,2012,,,https://catalog.archives.gov/id/25339793,Lapeer,Imlay City
"St. Vincent DePaul Catholic Church, Convent, and School",42.63228702600008,-83.28709552599992,building,2012,,,https://catalog.archives.gov/id/25340262,Oakland,Pontiac
St. Thomas the Apostle Catholic Church and Rectory,42.39012524700018,-83.02449089499999,building,2012,,,https://catalog.archives.gov/id/25340782,Wayne,Detroit
Casa del Rey Apartments,42.63262201700013,-83.31076682999998,building,2012,,,https://catalog.archives.gov/id/25340226,Oakland,Pontiac
St. Theresa of Avila Roman Catholic Parish Complex,42.36373052300012,-83.11957614899995,building,2012,,,https://catalog.archives.gov/id/25340990,Wayne,Detroit
St. Stanislaus Bishop and Martyr Roman Catholic Parish Complex,42.37198468300005,-83.04698337199983,building,2012,,,https://catalog.archives.gov/id/25340988,Wayne,Detroit
Guardian Building,42.32977082200006,-83.04573415399994,building,2012,,,https://catalog.archives.gov/id/25338777,Wayne,Detroit
Fox Theater Building,42.33847622000019,-83.05245006899997,building,2012,,,https://catalog.archives.gov/id/25338781,Wayne,Detroit
St. Boniface Roman Catholic Church,42.33241726400019,-83.07385761999996,building,2012,,,https://catalog.archives.gov/id/25340984,Wayne,Detroit
El Tovar Apartments,42.35335696200007,-83.00546119799992,building,2012,,,https://catalog.archives.gov/id/25340818,Wayne,Detroit
Chateau Frontenac Apartments,42.363012183000194,-82.97844541699999,building,2012,,,https://catalog.archives.gov/id/25338583,Wayne,Detroit
"Harvey, John, House",42.34172286300013,-83.05219158099999,building,2012,,,https://catalog.archives.gov/id/25340976,Wayne,Detroit
St. Catherine of Siena Roman Catholic Parish Complex,42.37144385700008,-83.00627996299988,building,2012,,,https://catalog.archives.gov/id/25340784,Wayne,Detroit
Friend--Hack House,42.08474930000005,-83.67085815699994,building,2012,,,https://catalog.archives.gov/id/25340639,Washtenaw,Milan
Bell--Spalding House,42.26536561200004,-83.71812029699998,building,2012,,,https://catalog.archives.gov/id/25340613,Washtenaw,Ann Arbor
Michigan Central Railroad Standish Depot,43.98329215300002,-83.96033076899994,building,2012,,,https://catalog.archives.gov/id/25338856,Arenac,Standish
"Sibley, Frederic M., Lumber Company Office Building",42.35321651100008,-83.01347013799989,building,2012,,,https://catalog.archives.gov/id/25340870,Wayne,Detroit
Hotel Montague,43.48878505000015,-83.39734348399992,building,2012,,,https://catalog.archives.gov/id/25340567,Tuscola,Caro
Radka--Bradley House,45.42033035800005,-83.81803499599994,building,2012,,,https://catalog.archives.gov/id/25340408,Presque Isle,Rogers City
"Ginsburg, Bernard, House",42.342730279000186,-83.05125321499999,building,2012,,,https://catalog.archives.gov/id/25340994,Wayne,Detroit
Milford Rural Agricultural School,42.59387235200006,-83.59769342699991,building,2012,,,https://catalog.archives.gov/id/25340314,Oakland,Milford
Hotel Columbia,43.371132734000184,-83.58203678699988,building,2012,,,https://catalog.archives.gov/id/25340577,Tuscola,Vassar
"Norris, Philetus W., House",42.42517619300007,-83.0386256289999,building,2012,,,https://catalog.archives.gov/id/25341148,Wayne,Detroit
St. Joseph's Roman Catholic Church,42.34544165099999,-83.03555942299988,building,2012,,,https://catalog.archives.gov/id/25340862,Wayne,Detroit
"Torrey, Charles, House",42.616078995000066,-83.223040901,building,2012,,,https://catalog.archives.gov/id/25340216,Oakland,Birmingham
"Earl, Thomas, House",42.28435877900006,-83.74864946899999,building,2012,,,https://catalog.archives.gov/id/25340605,Washtenaw,Ann Arbor
Salem Methodist Episcopal Church and Salem Walker Cemetery,42.410749474000156,-83.62365491199984,building,2012,,,https://catalog.archives.gov/id/25340607,Washtenaw,Salem
"George, Edwin S., Building",42.354243388000036,-83.06206978299991,building,2012,,,https://catalog.archives.gov/id/25340868,Wayne,Detroit
Grosse Pointe Memorial Church,42.38883790400018,-82.89925821699983,building,2012,,,https://catalog.archives.gov/id/25340840,Wayne,Grosse Pointe Farms
"Curtiss, Charles G., Sr., House",42.372105015000095,-83.46610869099993,building,2012,,,https://catalog.archives.gov/id/25340820,Wayne,Plymouth
Christ Church Chapel,42.391346080000055,-82.90060959399983,building,2012,,,https://catalog.archives.gov/id/25340838,Wayne,Grosse Pointe Farms
Howard Block,42.97639442000019,-82.42469292899995,building,2012,,,https://catalog.archives.gov/id/25340489,St. Clair,Port Huron
"Detroit, Hillsdale and Indiana Railroad--Saline Depot",42.17167963600007,-83.78322590399995,building,2012,,,https://catalog.archives.gov/id/25338526,Washtenaw,Saline
"Wall, Carlton D., House",42.37120650100019,-83.51161533999993,building,2012,,,https://catalog.archives.gov/id/25340832,Wayne,Plymouth
Detroit Naval Armory,42.348542260000144,-82.99753793699989,building,2012,,,https://catalog.archives.gov/id/25341160,Wayne,Detroit
"Loomer, George W., House",42.35555191100002,-83.06441956899995,building,2012,,,https://catalog.archives.gov/id/25340792,Wayne,Detroit
Colony Tower Complex,42.632376620000166,-82.60328434699989,building,2012,,,https://catalog.archives.gov/id/25340495,St. Clair,Pearl Beach
"Hunter, Mulford T., House",42.35527971700009,-83.06453207099997,building,2012,,,https://catalog.archives.gov/id/25340802,Wayne,Detroit
Kellogg--Warden House,42.285092968000185,-83.74807503299996,building,2012,,,https://catalog.archives.gov/id/25340609,Washtenaw,Ann Arbor
Architects Building,42.346683158000126,-83.06182244999997,building,2012,,,https://catalog.archives.gov/id/25340880,Wayne,Detroit
Colony Tower Complex (Boundary Increase),42.632376620000166,-82.60328434699989,building,2012,,,https://catalog.archives.gov/id/25340493,St. Clair,Pearl Beach
Ford Valve Plant,42.43218717100018,-83.47782469999987,building,2012,,,https://catalog.archives.gov/id/25341150,Wayne,Northville
Engine House No. 18,42.36314748100005,-83.02228792399995,building,2012,,,https://catalog.archives.gov/id/25341166,Wayne,Detroit
Delta Upsilon Fraternity House,42.27241685600012,-83.732124915,building,2012,,,https://catalog.archives.gov/id/25340692,Washtenaw,Ann Arbor
Stone School,42.24696200000016,-83.71951107799993,building,2012,,,https://catalog.archives.gov/id/25340704,Washtenaw,Ann Arbor
Millington Bank Building,43.28036229000002,-83.53012677099997,building,2012,,,https://catalog.archives.gov/id/25340559,Tuscola,Millington
"Smith, LeRoy, House",42.64187863100011,-82.51387492999993,building,2012,,,https://catalog.archives.gov/id/25340487,St. Clair,Algonac
Stuber--Stone Building,42.35105615500003,-83.06402948399989,building,2012,,,https://catalog.archives.gov/id/25340890,Wayne,Detroit
Hubbard--Kesby House,42.563741423,-83.63554444599994,building,2012,,,https://catalog.archives.gov/id/25340268,Oakland,Milford
"Remick, Jerome H., and Company, Building",42.334615871000096,-83.04674097599991,building,2012,,,https://catalog.archives.gov/id/25341112,Wayne,Detroit
"Deming, Paul Harvey, House",42.39181065900003,-82.89430601799988,building,2012,,,https://catalog.archives.gov/id/25340736,Wayne,Gross Pointe Farms
Royal Palm Hotel,42.33844143700008,-83.0543911229999,building,2012,,,https://catalog.archives.gov/id/25340938,Wayne,Detroit
Flint and Pere Marquette Railroad East Saginaw Depot,43.440736982000146,-83.93271544399988,building,2012,,,https://catalog.archives.gov/id/25338409,Saginaw,Saginaw
Redford Township District No. 5 School,42.42460395300014,-83.29726862999986,building,2012,,,https://catalog.archives.gov/id/25340756,Wayne,Redford
"Smith, Melvyn Maxwell and Sara Stein, House",42.564977046000024,-83.2711093229999,building,2012,,,https://catalog.archives.gov/id/25340234,Oakland,Pontiac
Century Building and Little Theatre,42.33768466800006,-83.046355045,building,2012,,,https://catalog.archives.gov/id/25341084,Wayne,Detroit
Lancaster and Waumbek Apartments,42.36539930300017,-83.06517942899988,building,2012,,,https://catalog.archives.gov/id/25340824,Wayne,Detroit
League of Catholic Women Building,42.34795411200014,-83.06125699799998,building,2012,,,https://catalog.archives.gov/id/25338689,Wayne,Detroit
Hotel Stevenson,42.34727335500002,-83.05904947399995,building,2012,,,https://catalog.archives.gov/id/25338691,Wayne,Detroit
Graybar Electric Company Building,42.35234459600013,-83.06249330799989,building,2012,,,https://catalog.archives.gov/id/25338702,Wayne,Detroit
Detroit Edison Company Willis Avenue Station,42.35163331000006,-83.06198438299998,building,2012,,,https://catalog.archives.gov/id/25338724,Wayne,Detroit
Detroit--Columbia Central Office Building,42.34958725700016,-83.06058195799996,building,2012,,,https://catalog.archives.gov/id/25338537,Wayne,Detroit
Chapel of St. Theresa--the Little Flower,42.3485181300001,-83.05993997799999,building,2012,,,https://catalog.archives.gov/id/25338599,Wayne,Detroit
Sts. Peter and Paul Academy,42.34833158000009,-83.06029809799998,building,2012,,,https://catalog.archives.gov/id/25338555,Wayne,Detroit
"Grindley, Robert M. and Matilda (Kitch), House",42.347515009000126,-83.06063561899992,building,2012,,,https://catalog.archives.gov/id/25338693,Wayne,Detroit
Woodbridge Neighborhood Historic District (Boundary Increase),42.34364118100006,-83.07568355499996,building,2012,,,https://catalog.archives.gov/id/25341000,Wayne,Detroit
Hook and Ladder House No. 5--Detroit Fire Department Repair Shop,42.3511623490001,-83.04302884999993,building,2012,,,https://catalog.archives.gov/id/25341032,Wayne,Detroit
Ford--Bacon House,42.207312059000174,-83.14813197299986,building,2012,,,https://catalog.archives.gov/id/25341004,Wayne,Wyandotte
"Palmer, William B. and Mary Shuford, House",42.27856585300001,-83.71589894799985,building,2012,,,https://catalog.archives.gov/id/25340677,Washtenaw,Ann Arbor
Kingston Arms Apartments,42.354398781000036,-83.00767986999989,building,2012,,,https://catalog.archives.gov/id/25341078,Wayne,Detroit
Saint Paul Manor Apartments,42.35371273700007,-83.00571535299999,building,2012,,,https://catalog.archives.gov/id/25341066,Wayne,Detroit
"Mechem, Floyd R., House",42.271987271000164,-83.7312575919999,building,2012,,,https://catalog.archives.gov/id/25340714,Washtenaw,Ann Arbor
Tuomy Hills Service Station,42.25965589600014,-83.71205595999993,building,2012,,,https://catalog.archives.gov/id/25340631,Washtenaw,Ann Arbor
"Bartlett, Thomas and Maria Blackman, House",42.30847144800004,-83.53471730299991,building,2012,,,https://catalog.archives.gov/id/25338665,Wayne,Cherry Hill
"Boldman, David and Elizabeth Bell, House",42.28162511300018,-83.48585923699994,building,2012,,,https://catalog.archives.gov/id/25338659,Wayne,Sheldon
"Dingledey, Phillip and Maria Hasselbach, House",42.316831636000074,-83.44841631699994,building,2012,,,https://catalog.archives.gov/id/25338617,Wayne,Westland
Sheldon Inn,42.275387962000075,-83.47445792199996,building,2012,,,https://catalog.archives.gov/id/25338722,Wayne,Sheldon
"Smith, George and Mary Pine, House",42.279659782,-83.47680801299992,building,2012,,,https://catalog.archives.gov/id/25338564,Wayne,Sheldon
"Patterson, John, and Eliza Barr, House",42.326187588000046,-83.52766204099997,building,2012,,,https://catalog.archives.gov/id/25338661,Wayne,Canton
"Bradford, Benjamin and Mary  Ann, House",42.335290490000034,-83.51503972799992,building,2012,,,https://catalog.archives.gov/id/25338663,Wayne,Canton
"Kinyon, Orrin, and Roxanne Fairman, House",42.341840230000166,-83.52841072099994,building,2012,,,https://catalog.archives.gov/id/25338573,Wayne,Canton
Erin--Warren Fractional District No. 2 Schoolhouse,42.4646586390001,-82.96425285399994,building,2012,,,https://catalog.archives.gov/id/25339994,Macomb,Eastpointe
Defer Elementary School,44.81229786700004,-83.01703697999989,building,2012,,,https://catalog.archives.gov/id/25340960,Wayne,Grosse Pointe Park
Roethke Houses,43.41663816300007,-83.98713302499988,building,2012,,,https://catalog.archives.gov/id/25340426,Saginaw,Saginaw
Smith--Culhane House,44.04313076200014,-82.99473234499995,building,2012,,,https://catalog.archives.gov/id/25339457,Huron,Port Austin
"Leland, Nellie, School",42.34108694500014,-83.03736108799984,building,2012,,,https://catalog.archives.gov/id/25340962,Wayne,Detriot
Botsford--Graser House,42.470282478000115,-83.38432919799986,building,2012,,,https://catalog.archives.gov/id/25340318,Oakland,Farmington Hills
Saginaw Armory,43.43135526600014,-83.94041588999995,building,2012,,,https://catalog.archives.gov/id/25340422,Saginaw,Saginaw
"Albertson, Eli and Sidney Teeter, House",42.73380923500008,-83.12640915499993,building,2012,,,https://catalog.archives.gov/id/25340228,Oakland,Oakland Township
Crescent Brass and Pin Company Building,42.359015816,-83.08201840199995,building,2012,,,https://catalog.archives.gov/id/25341130,Wayne,Detroit
"Truesdell, Ephraim and Emma Woodworth, House",42.299095399000116,-83.44821384699998,building,2012,,,https://catalog.archives.gov/id/25338581,Wayne,Canton
"Clyde, Thomas and Isabella Moore, House",42.30585150600019,-83.53509739799995,building,2012,,,https://catalog.archives.gov/id/25338575,Wayne,Canton Township
"Fishbeck, Jacob, Farmstead",42.557778252000034,-83.85064341999998,building,2012,,,https://catalog.archives.gov/id/25339935,Livingston,Genoa Township
"Devereaux, Nathan B., Octagon House",42.429624358000126,-83.69883451099997,building,2012,,,https://catalog.archives.gov/id/25340623,Washtenaw,Northfield
Detroit Club,42.32985976800012,-83.0508345859999,building,2012,,,https://catalog.archives.gov/id/25341064,Wayne,Detroit
"Woodhouse, John T., House",42.40676875200017,-82.88831595299996,building,2012,,,https://catalog.archives.gov/id/25340822,Wayne,Grosse Pointe Farms
Mellus Newspapers Building,42.25173683800016,-83.1753379729999,building,2012,,,https://catalog.archives.gov/id/25340798,Wayne,Lincoln Park
"Roach, W.R., Cannery Warehouse and Office Building",43.27255079500002,-82.61495726199992,building,2012,,,https://catalog.archives.gov/id/25340452,Sanilac,Croswell
General Motors Research Laboratory,42.368062462000175,-83.07478790699992,building,2012,,,https://catalog.archives.gov/id/25341156,Wayne,Detroit
Alger Theater,42.40370366000002,-82.93707304999985,building,2012,,,https://catalog.archives.gov/id/25341140,Wayne,Detroit
Barlum Tower,42.33154999900006,-83.04484999999988,building,2012,,,https://catalog.archives.gov/id/25340786,Wayne,Detroit
"Schmidt, Carl E. and Alice Candler, House",42.40505853500013,-82.8882645949999,building,2012,,,https://catalog.archives.gov/id/25340958,Wayne,Grosse Pointe Farms
B and C Grocery Building,42.485839616000185,-83.14401599599984,building,2012,,,https://catalog.archives.gov/id/25340202,Oakland,Royal Oak
"Goss, Arnold and Gertrude, House",42.29067291700011,-83.69895415599991,building,2012,,,https://catalog.archives.gov/id/25340597,Washtenaw,Ann Arbor
Hilzinger Block,42.48970032700015,-83.14463466399997,building,2012,,,https://catalog.archives.gov/id/25340310,Oakland,Royal Oak
Park Avenue Hotel,42.34110454100016,-83.05654155599984,building,2012,,,https://catalog.archives.gov/id/25340874,Wayne,Detroit
Eddystone Hotel,42.34164020500008,-83.05680181399998,building,2012,,,https://catalog.archives.gov/id/25340876,Wayne,Detroit
"Galloway, John H. and Martha Durfee, House",42.60935631900003,-83.92638442599991,building,2012,,,https://catalog.archives.gov/id/25339924,Livingston,Howell
West Side Dom Polski,42.330486194000066,-83.11056955199994,building,2012,,,https://catalog.archives.gov/id/25340992,Wayne,Detroit
First National Bank and Trust Company Building,43.01495065600016,-83.69036996099999,building,2012,,,https://catalog.archives.gov/id/25339304,Genesee,Flint
"Wardell, The",42.360564049000175,-83.06613807999992,building,2012,,,https://catalog.archives.gov/id/25341074,Wayne,Detroit
Federal Reserve Bank of Chicago Detroit Branch Building,42.33079886000019,-83.04868042599998,building,2012,,,https://catalog.archives.gov/id/25341114,Wayne,Detroit
Berridge Hotel,43.019514110000095,-83.69541673899994,building,2012,,,https://catalog.archives.gov/id/25339316,Genesee,Flint
Tinlinn Apartments,43.01915575100003,-83.69533968799999,building,2012,,,https://catalog.archives.gov/id/25339314,Genesee,Flint
"Endicott, John & Mary Elizabeth Booth, House",42.56319503900011,-83.23120969699994,building,2012,,,https://catalog.archives.gov/id/25340294,Oakland,Bloomfield Hills
Garden Bowl,42.35237516100011,-83.06079452099995,building,2012,,,https://catalog.archives.gov/id/25341138,Wayne,Detroit
Majestic Theater,42.35165950300006,-83.0605282969999,building,2012,,,https://catalog.archives.gov/id/25340740,Wayne,Detroit
"Newberry, Helen, Nurses Home",42.35231351800006,-83.05921413399989,building,2012,,,https://catalog.archives.gov/id/25340972,Wayne,Detroit
"McCoy, Kittie C., House",42.544468773000055,-83.50321060799996,building,2012,,,https://catalog.archives.gov/id/25340328,Oakland,Commerce
Durand High School,42.91557801400012,-83.9865492699999,building,2012,,,https://catalog.archives.gov/id/25340478,Shiawassee,Durand
"O'Dell, H. Augustus and Agnes Cleveland, House--Inch House",42.58800697400005,-83.24489190999986,building,2012,,,https://catalog.archives.gov/id/25340206,Oakland,Bloomfield Hills
Hotel Durant,43.02035688400018,-83.69404238399994,building,2012,,,https://catalog.archives.gov/id/25339296,Genesee,Flint
River Terrace Apartments,42.34883764400007,-82.99609038599993,building,2012,,,https://catalog.archives.gov/id/25340948,Wayne,Detroit
"Eberts, John and Emma Lacey, House",42.207329406000106,-83.15200887299983,building,2012,,,https://catalog.archives.gov/id/25341174,Wayne,Wyandotte
Wyandotte Odd Fellows Temple,42.20513393300007,-83.14902719699995,building,2012,,,https://catalog.archives.gov/id/25341070,Wayne,Wyandotte
"Koebel, Charles J. and Ingrid V. (Frendberg), House",42.40487590400004,-82.89931721699992,building,2012,,,https://catalog.archives.gov/id/25340794,Wayne,Grosse Pointe Farms
Michigan Bell and Western Electric Warehouse,42.40286847400006,-83.11421112099998,building,2012,,,https://catalog.archives.gov/id/25340930,Wayne,Detroit
Odd Fellows Valley Lodge No. 189 Building,43.56958527300002,-83.89364709699998,building,2012,,,https://catalog.archives.gov/id/25338904,Bay,Bay City
"Cass, Lewis, Technical High School",42.33971861400016,-83.05899696499995,building,2012,,,https://catalog.archives.gov/id/25338649,Wayne,Detroit
Greenfield Union School,42.429894143000176,-83.1073520889999,building,2012,,,https://catalog.archives.gov/id/25338645,Wayne,Detroit
McGregor Memorial Conference Center,42.35948595200006,-83.07098408999997,building,2012,,,https://catalog.archives.gov/id/25340778,Wayne,Detroit
Prentis Building and DeRoy Auditorium Complex,42.35772536800004,-83.06874060099993,building,2012,,,https://catalog.archives.gov/id/25340780,Wayne,Detroit
Tushiyah United Hebrew School--Scott Memorial Methodist Episcopal Church,42.363301489000136,-83.05914823299997,building,2012,,,https://catalog.archives.gov/id/25340986,Wayne,Detroit
"Warner, Timothy and Lucretia Jones, Homestead",42.547912645000046,-83.71409888799997,building,2012,,,,Livingston,Brighton
"Taliaferro, Thomas W. and Margaret, House",42.576210316000065,-83.2310651119999,building,2012,,,https://catalog.archives.gov/id/25340278,Oakland,Bloomfield Hills
Woodbridge Neighborhood (Boundary Increase II),42.35179617200008,-83.07789470299991,building,2012,,,https://catalog.archives.gov/id/25340776,Wayne,Detroit
Detroit--Leland Hotel,42.33357772100013,-83.0538384589999,building,2012,,,https://catalog.archives.gov/id/25341062,Wayne,Detroit
Ironwood Carnegie Library,46.455268595000064,-90.16745679999991,building,2013,,,https://catalog.archives.gov/id/25339326,Gogebic,Ironwood
Michigan State Medical Society Building,42.74951372800018,-84.48430988599989,building,2013,,,https://catalog.archives.gov/id/25339479,Ingham,East Lansing
Hiawatha Sportsman's Club 1931 Maintenance Building and Commissary,46.13632152100019,-85.50703998099993,building,2013,,,https://catalog.archives.gov/id/25339970,Mackinac,Millecoquins
Manitou Lodge,46.10258204800005,-85.46033421399993,building,2013,,,https://catalog.archives.gov/id/25339954,Mackinac,Naubinway
Eagle Harbor Coast Guard Station Boathouse,47.460948469000186,-88.14935136199995,building,2013,,,https://catalog.archives.gov/id/25339763,Keweenaw,Eagle Harbor Rd.
St. Peter Cathedral,46.541310602000074,-87.39882986899994,building,2013,,,https://catalog.archives.gov/id/25340049,Marquette,Marquette
"Doty, Duane, School",42.388621852000036,-83.09213291399993,building,2013,,,https://catalog.archives.gov/id/25338541,Wayne,Detroit
"Atkinson, Edmund, School",42.431068346000075,-83.05410962199988,building,2013,,,https://catalog.archives.gov/id/25338655,Wayne,Detroit
"Cooley, Thomas M., High School",42.40214048900009,-83.1969339019999,building,2013,,,https://catalog.archives.gov/id/25338651,Wayne,Detroit
"Miller, Sidney D., Junior High and High School",42.35002881700013,-83.03131256099994,building,2013,,,https://catalog.archives.gov/id/25338657,Wayne,Detroit
Nacirema Club,42.34974444600011,-83.11619199599983,building,2013,,,https://catalog.archives.gov/id/25341144,Wayne,Detroit
Warren Township District No. 4 School,42.499677383000176,-82.97545085299993,building,2013,,,https://catalog.archives.gov/id/25339992,Macomb,Warren
United States Post Office,43.015070013000184,-83.69215875799995,building,2014,,,,Genesee,Flint
United States Immigration Station,42.34374318500016,-83.00877709899999,building,2014,,,,Wayne,Detroit
"Sexton, William K. and Nellie, House",42.60192409400014,-83.93563305599997,building,2014,,,,Livingston,Howell
"Balogh, Tivadar and Dorothy, House",42.35053558300011,-83.53058471899993,building,2014,,,,Wayne,Cherry Hill
"Kessler, William and Margot, House",42.38345475200009,-82.91531697599999,building,2014,,,,Wayne,Grosse Pointe Park
Flint Journal Building,43.01831306700012,-83.68941680699993,building,2014,,,,Genesee,Flint
"Yamasaki, Minoru & Teruko, House",42.58711438200009,-83.2264621839999,building,2014,,,,Oakland,Birmingham
First Federal Building,42.33181875800005,-83.04750396499993,building,2014,,,,Wayne,Detroit
Hanover High School Complex,42.10287306200008,-84.54739863699996,building,2014,,,https://catalog.archives.gov/id/25339613,Jackson,Hanover
Grand Rapids Storage and Van Company Building,42.957494425000036,-85.6347835069999,building,2014,,,https://catalog.archives.gov/id/25339681,Kent,Grand Rapids
Lipsett Hardware Building,46.15821149900005,-84.36135330899998,building,2014,,,https://catalog.archives.gov/id/25339150,Chippewa,Pickford
Willard Building,42.962796816000086,-85.66446106899997,building,2014,,,https://catalog.archives.gov/id/25339677,Kent,Grand Rapids
Wright Opera house Block Complex,43.38133984100016,-84.66129874399991,building,2014,,,,Gratiot,Alma
Saint Henry's Evangelical Lutheran Church and Cemetery,46.764604170999974,-88.78457615999997,building,2014,,,,Houghton,Nisula
Eastern Avenue School,42.97657267599999,-85.64895606099998,building,2014,,,,Kent,Grand Rapids
Lexington School,42.96482986300014,-85.68452615499996,building,2014,,,,Kent,Grand Rapids
Fremont High School,43.468109219000155,-85.94096264399991,building,2014,,,,Newaygo,Fremont
"Lake Michigan Beach House, Ludington State Park",44.03414160100004,-86.50801873499988,building,2014,,,,Mason,Hamlin Lake
"Schwartz, Robert E. and Barbara, House",43.634208779000176,-84.26573280199983,building,2014,,,,Midland,Midland
Central Furniture Company--H.E. Shaw Furniture Company Factory,42.95574316500005,-85.66963995299994,building,2014,,,,Kent,Grand Rapids
Sparks--Anderson House,42.29733404400013,-85.69909531399999,building,2014,,,,Kalamazoo,Oshtemo Township
Genesee Street School,42.740433293000194,-84.56411457299998,building,2014,,,,Ingham,Lansing
"Ward, Frank and Dorothy, House",42.28691367199997,-85.2176227949999,building,2017,,,,Calhoun,Battle Creek
"Glaister, Richard and Deborah (Brough), House",42.7297592160001,-84.55734252899998,building,2017,,,,Ingham,Lansing
Saint Rita Apartments,42.22596359300013,-83.40515136699999,building,2017,,,,Wayne,Detroit
"Cleveland, Elizabeth, Intermediate School",42.38496549500014,-89.05724168299992,building,2017,,,,Wayne,Detroit
Pilgrim and Puritan Apartment Complex,42.35762205100007,-82.98436812399996,building,2017,,,,Wayne,Detroit
Corunna High School,42.97933197000003,-84.11872863799988,building,2017,,,,Shiawassee,Corunna
Peoples National Bank Building,42.24746164600014,-84.40564774099994,building,2017,,,,Jackson,Jackson
Hall of the Divine Child,41.551834106000115,-83.24183654799992,building,2017,,,,Monroe,Monroe
"Muschenheim, William and Elizabeth (Bodanzky), House",42.26697158800005,-83.70970153799999,building,2017,,,,Washtenaw,Ann Arbor
Weil and Company--Gabriel Richard Building,42.195289612000124,-83.03051757799987,building,2017,,,,Wayne,Detroit
IOOF Centennial Building,45.0617598510001,-83.4334303409999,building,2017,,,,Alpena,Alpena
First Methodist Episcopal Church of Farmington,42.46215808099997,-83.37357820599993,building,2017,,,,Oakland,Farmington
"De Pree, Max and Esther, House",42.806644440000134,-86.00476074199997,building,2017,,,,Ottawa,Zeeland
Anna Scripps Whitcomb Conservatory,42.33631206700011,-82.98562607099984,building,2021,,,https://catalog.archives.gov/id/25340722,Wayne,Detroit
Cranbrook House,42.569534193000095,-83.24557980799993,building,2022,,,https://catalog.archives.gov/id/25340290,Oakland,Bloomfield Hills
"Fort Wayne, Commanding Officer's House",42.301440973000176,-83.0958069059999,building,2022,,,,Wayne,Detroit
U.S. Weather Bureau Building,46.50184421000006,-84.35166596499995,building,2022,,,https://catalog.archives.gov/id/25338738,Chippewa,Sault Ste. Marie
"Kahn, Albert, House",42.34815604100004,-83.05547348399995,building,2022,,,https://catalog.archives.gov/id/25340760,Wayne,Detroit
Lansing City Hall,42.73403184700004,-84.55312738799995,building,2022,,,https://catalog.archives.gov/id/25337973,Ingham,Lansing
Temple Baptist Church--King Solomon Baptist Church,42.35962816900019,-83.09299718299985,building,2022,,,,Wayne,Detroit
Most Worshipful Prince Hall Grand Lodge of Michigan,42.35712481400008,-83.02854143999991,building,2022,,,,Wayne,Detroit
"Parks, Rosa L. (McCauley) and Raymond, Flat",42.364233514000084,-83.10965446699997,building,2022,,,,Wayne,Detroit
Shrine of the Black Madonna of the Pan African Orthodox Christian Church,42.36296119400015,-83.1020955219999,building,2022,,,,Wayne,Detroit
"McGhee, Orsel and Minnie, House",42.35535854800013,-83.11945503399988,building,2022,,,,Wayne,Detroit
Genesee County Savings Bank Building,43.01682139400008,-83.69241749999998,building,2024,,,,Genesee,Flint
United States Post Office,42.29185555500004,-85.58779066299996,building,2024,,,,Kalamazoo,Kalamazoo
Criffield-Whiteley House,41.98277037700007,-86.11733791799999,building,2024,,,,Cass,Dowagiac
"Vinkle, Henry and Aurora (Walker), House",42.24898500000006,-84.21866099999994,building,2024,,,,Jackson,Grass Lake
"Edson, Moore and Company Building",42.32336700000007,-83.06518199999994,building,2024,,,,Wayne,Detroit
"Coolidge, Calvin, Elementary School",43.00938524900003,-83.73336640299993,building,2024,,,,Genesee,Flint
Grand Rapids Christian High School,42.94889300000006,-85.65858799999994,building,2024,,,,Kent,Grand Rapids
Hancock Central High School,47.12735000000014,-88.58587499999993,building,2024,,,,Houghton,Hancock
Old-Merchants National Bank and Trust Co. Building,42.31973000000005,-85.18349399999994,building,2024,,,,Calhoun,Battle Creek
Tibbits Opera House,41.94064900000006,-85.00419699999998,building,2024,,,,Branch,Coldwater
"Newberry, Milo Prentice, House",42.67723600000016,-83.119266,building,2024,,,,Oakland,Rochester
Record Printing and Box Company Building,42.3220490000001,-85.18619899999993,building,2024,,,,Calhoun,Battle Creek
Grande Ballroom,42.364868000000165,-83.12847999999991,building,2024,,,,Wayne,Detroit
"Ferry, William Hawkins, House",42.44192900000018,-82.87462499999998,building,2024,,,,Wayne,Grosse Point Shores
Marwood Apartments,42.22317900000001,-83.40320799999995,building,2024,,,,Wayne,Detroit
Nettleton-Cond House,41.840537999999974,-85.66825799999998,building,2024,,,,St. Joseph,Constantine
Warren Motor Car Company Building,42.36228600000009,-83.08255199999996,building,2024,,,,Wayne,Detroit
Mount Clemens Public Library,42.59960300000011,-82.88036399999997,building,2024,,,,Macomb,Mount Clemens
Fulton Manor,42.962151999999996,-85.6342459999999,building,2024,,,,Kent,Grand Rapids
Bingham School,45.06253300000002,-83.44192099999998,building,2024,,,,Alpena,Alpena
Haskell Manufacturing Company Building,43.965088000000094,-86.44582099999991,building,2024,,,,Mason,Ludington
Checker Cab Taxi Garage and Office Building,42.33259800000018,-83.06751099999991,building,2024,,,,Wayne,Detroit
Hickory Lodge No. 345,42.44176300000015,-85.37674899999996,building,2024,,,,Barry,Hickory Corners
Detroit Savings Bank Southwest Branch,42.30885200000011,-83.09768399999996,building,2024,,,,Wayne,Detroit
Michigan Central Railroad Middleville Depot,42.71308600000009,-85.46575499999994,building,2024,,,,Barry,Middleville
Upjohn Company Office Building,42.28939200000006,-85.58098099999988,building,2024,,,,Kalamazoo,Kalamazoo
"McGraw, Grace Ingersoll, House",42.384612000000125,-82.90759399999995,building,2024,,,,Wayne,Grosse Pointe
First Congregational Church,42.20638999999999,-83.14844999999998,building,2024,,,,Wayne,Wyandotte
Frances Harper Inn,42.37276500000007,-83.06986199999994,building,2024,,,,Wayne,Detroit
"Dean, Irving Andrew and Olive Crane Kendall, House",42.986070000000154,-85.72136999999987,building,2024,,,,Kent,Grand Rapids
Sligh Furniture Company Building,42.95489400000007,-85.67387899999994,building,2024,,,,Kent,Grand Rapids
"Besser, Herman and Hattie (Ely), House",45.05990600000006,-83.43759199999988,building,2024,,,,Alpena,Alpena
Barnes Avenue School,42.715470000000145,-84.56670999999994,building,2024,,,,Ingham,Lansing
Whitcomb Hotel,42.11095600000004,-86.48168299999992,building,2024,,,,Berrien,Saint Joseph
Walbri Hall,42.58883500000018,-83.22347799999989,building,2024,,,,Oakland,Bloomfield Township
American Box Board Company Headquarters and Factory,42.95422800000005,-85.68202599999995,building,2024,,,,Kent,Grand Rapids
United States Postal Service Roosevelt Park Station,42.32691499999998,-83.07829999999991,building,2024,,,,Wayne,Detroit
Otsego Hotel,42.24715700000013,-84.40441399999997,building,2024,,,,Jackson,Jackson
"Burbank, Luther, Elementary School",42.442320000000045,-82.95940999999993,building,2024,,,,Wayne,Detroit
Bailey Buildings,42.73592900000005,-84.55921299999994,building,2024,,,,Ingham,Lansing
Grosse Pointe Central Library,42.39380200000006,-82.90551199999999,building,2024,,,,Wayne,Grosse Pointe Farms
Swayze Apartments,43.01084600000019,-83.69060899999988,building,2024,,,,Genesee,Flint
"Bull, Elijah, House",42.55004000000013,-83.29347699999994,building,2024,,,,Oakland,Bloomfield Township
WJBK-TV Studios Building,42.3709040000001,-83.07797699999999,building,2024,,,,Wayne,Detroit
Pontchartrain Club-Town House Apartments,42.329197000000185,-83.06597099999993,building,2024,,,,Wayne,Detroit
Professional Plaza Tower,42.34953100000006,-83.05871099999983,building,2024,,,,Wayne,Detroit
Bay City Masonic Temple,43.59691199999997,-83.88418599999983,building,2024,,,,Bay,Bay City
Sacred Heart-Gros Cap Church,45.87348400000007,-84.83155099999993,building,2024,,,,Mackinac,Moran Township
"Sutton, Nathan Esek and Sarah Emergene, House",42.34767600000002,-83.69846499999993,building,2024,,,,Washtenaw,Northfield Township
State Theatre (Additional Documentation),42.28843800000016,-85.58341899999981,building,2024,,,,Kalamazoo,Kalamazoo
"Gibson, Inc. Factory and Office Building",42.301756000000054,-85.5808459999999,building,2024,,,,Kalamazoo,Kalamazoo
"Webster, Elmer R., School",42.63619500000009,-83.31605499999985,building,2024,,,,Oakland,Pontiac
"Quick, James A. and Lottie J. (Congdon), House",45.02811100000014,-84.67348799999989,building,2024,,,,Otsego,Gaylord
Lincoln School,42.99688500000007,-84.17519099999998,building,2024,,,,Shiawassee,Owosso
"Higginbotham, William E., Elementary School",42.44147100000014,-83.15864499999992,building,2024,,,,Wayne,Detroit
Cadieux School,42.38394700000014,-82.91191899999995,building,2024,,,,Wayne,Grosse Pointe
Pittsburgh Plate Glass Company Detroit Warehouse,42.362953000000175,-83.07995299999997,building,2024,,,,Wayne,Detroit
"Grace, John, School",42.445678000000036,-83.31158199999992,building,2024,,,,Oakland,Southfield
"Holcomb, Samuel D., School",42.42138099999998,-83.25250099999988,building,2024,,,,Wayne,Detroit
Vaughn’s Book Store,42.38185700000008,-83.1258939999999,building,2024,,,,Wayne,Detroit
Immaculata High School,42.414455000000025,-83.15171299999997,building,2024,,,,Wayne,Detroit
Wing-Allore House,41.917630999999965,-83.39293099999998,building,2024,,,,Monroe,Monroe
"French, Walter H., Junior High School",42.71127700000017,-84.54871699999995,building,2024,,,,Ingham,Lansing
"Cartier, William A. and Catherine, House",43.955829000000165,-86.44253499999998,building,2024,,,,Mason,Ludington
"Beardsley, Ezra E. and Florence (Holmes), House",41.86486400000012,-85.24674899999991,building,2024,,,,Branch,Bronson Township
Holy Family Orphanage,46.54001200000005,-87.40422799999999,building,2024,,,,Marquette,Marquette
Braastad-Gossard Building,46.48983700000008,-87.66617899999994,building,2024,,,,Marquette,Ishpeming
Portland High School,42.866105999999995,-84.90413499999988,building,2024,,,,Ionia,Portland
Starkweather School,42.37833000000006,-83.458897,building,2024,,,,Wayne,Plymouth
McKinley Elementary School,42.19598799600016,-83.15840995999991,building,2024,,,,Wayne,Wyandotte
Great Lakes Manor,42.36255698900004,-83.06112699399989,building,2024,,,,Wayne,Detroit
Hessel School,46.005809000000106,-84.42981799999994,building,2024,,,,Mackinac,Hessel
St. Martin Island Light Station,45.503821699000184,-86.75816044599992,building,2023,,,https://catalog.archives.gov/id/28891066,Delta,Fairport
Rose Place Historic District,42.28292362100018,-85.58544083899994,district,2012,,,https://catalog.archives.gov/id/25338193,Kalamazoo,Kalamazoo
Ledyard Block Historic District,42.96583222900016,-85.6706435449999,district,2012,,,https://catalog.archives.gov/id/25339697,Kent,Grand Rapids
Alpha Public Buildings Historic Complex,46.04646562600016,-88.3778094949999,district,2012,,,https://catalog.archives.gov/id/25338061,Iron,Alpha
Amasa Historic Business District,46.23261358000002,-88.44847369499996,district,2012,,,https://catalog.archives.gov/id/25338059,Iron,Amasa
Hiawatha Mine Number One Complex,46.075799094,-88.64402974499994,district,2012,,,https://catalog.archives.gov/id/25338129,Iron,Stambaugh
Van Platen-Fox Lumber Camp Historic Complex,46.176321200000196,-88.88916516299992,district,2012,,,https://catalog.archives.gov/id/25338133,Iron,Stambaugh
Constantine Historic Commercial District,41.841984970000155,-85.66883227799997,district,2012,,,https://catalog.archives.gov/id/25340529,St. Joseph,Constantine
Van Ornum's Addition Historic District,46.09760356400005,-88.64234950299993,district,2012,,,https://catalog.archives.gov/id/25338047,Iron,Iron River
Griswold Civic Center Historic District,42.5271714970001,-85.85274478399998,district,2012,,,https://catalog.archives.gov/id/25337680,Allegan,Allegan
Bronson Park Historic District,42.292506730000184,-85.58844124099996,district,2012,,,https://catalog.archives.gov/id/25338177,Kalamazoo,Kalamazoo
Grand Ledge Chair Company Plant,42.756962024000075,-84.75590150199986,district,2012,,,https://catalog.archives.gov/id/25339242,Eaton,Grand Ledge
Quincy Street Historic District,47.12700376800007,-88.58120534499983,district,2012,,,https://catalog.archives.gov/id/25339405,Houghton,Hancock
Coldwater Downtown Historic District,41.941147923000074,-85.00389989199994,district,2012,,,https://catalog.archives.gov/id/25338979,Branch,Coldwater
East Chicago Street Historic District (Boundary Increase I),41.938869974000106,-84.99721593799995,district,2012,,,https://catalog.archives.gov/id/25338971,Branch,Coldwater
South Monroe Street Historic District,41.93691310600007,-85.00379071499987,district,2012,,,https://catalog.archives.gov/id/25338993,Branch,Coldwater
West Pearl Street Historic District,41.94060160800006,-85.00874211699984,district,2012,,,https://catalog.archives.gov/id/25338981,Branch,Coldwater
Ninth District Lighthouse Depot,41.93392983000012,-86.48594107199989,district,2012,,,https://catalog.archives.gov/id/25338967,Berrien,St. Joseph
South Street Historic District,42.28949173900002,-85.59226859099982,district,2012,,,https://catalog.archives.gov/id/25339633,Kalamazoo,Kalamazoo
"Edwards, Rock S., Farmstead",42.05360482100002,-86.37259206399987,district,2012,,,https://catalog.archives.gov/id/25338924,Berrien,Sodus
Sandenburgh--Rogers Summer Resort Complex,44.35777626200011,-86.26150552199994,district,2012,,,https://catalog.archives.gov/id/25340019,Manistee,Parkdale
Johns Hotel,47.878496695000074,-89.23277914999994,district,2012,,,https://catalog.archives.gov/id/25339767,Keweenaw,Isle Royale National Park
Johns Hotel,47.878424774000095,-89.23277606199991,district,2012,,,https://catalog.archives.gov/id/25339767,Keweenaw,Isle Royale National Park
North Manitou Island Lifesaving Station,45.121136110000116,-85.97760195599996,district,2012,,,https://catalog.archives.gov/id/25338755,Leelanau,Sleeping Bear Dunes National Seashor
"Bryant, James and Anne Atmore, Farmstead",42.33380047700012,-85.05142084699985,district,2012,,,https://catalog.archives.gov/id/25339026,Calhoun,Wattles Park
Saint Michael and All Angels' Episcopal Church and Cambridge Township Cemetery,42.05549685100009,-84.21981033999998,district,2012,,,https://catalog.archives.gov/id/25339893,Lenawee,Cambridge Township
Ithaca Downtown Historic District,43.29159957600007,-84.60667560599995,district,2012,,,https://catalog.archives.gov/id/25339357,Gratiot,Ithaca
Saint Ignatius Church and Cemetery,45.55161970200003,-85.11555316299996,district,2012,,,,Emmet,Readmond Township
Metamora Crossroads Historic District,42.941656249000175,-83.28896640999994,district,2012,,,https://catalog.archives.gov/id/25339791,Lapeer,Metamora
Randolph Street Commercial Buildings Historic District,42.33455835500013,-83.04491842199998,district,2012,,,https://catalog.archives.gov/id/25340892,Wayne,Detroit
Monroe Avenue Commercial Buildings,42.33274095400013,-83.04583049699994,district,2012,,,https://catalog.archives.gov/id/25341102,Wayne,Detroit
St. Patrick's Parish Complex,42.35825416700014,-83.75017059899989,district,2012,,,https://catalog.archives.gov/id/25340686,Washtenaw,Ann Arbor
St. Mary's Church Complex Historic District,41.91906547100012,-83.39672573699988,district,2012,,,https://catalog.archives.gov/id/25338343,Monroe,Monroe
Tecumseh Downtown Historic District,42.00409815400001,-83.94517681799994,district,2012,,,https://catalog.archives.gov/id/25339878,Lenawee,Tecumseh
West Saint Clair Street Historic District,42.9204732280001,-83.04779205799997,district,2012,,,https://catalog.archives.gov/id/25339804,Lapeer,Almont
Downtown Holly Commercial District,42.792292985000074,-83.62726165899994,district,2012,,,https://catalog.archives.gov/id/25340250,Oakland,Holly
North Ann Arbor Street Historic District,42.16996165200004,-83.78351367899995,district,2012,,,https://catalog.archives.gov/id/25338521,Washtenaw,Saline
St. Charles Borromeo Roman Catholic Parish Complex,42.35495072200012,-83.0018693589999,district,2012,,,https://catalog.archives.gov/id/25340982,Wayne,Detroit
Tecumseh Historic District (Boundary Increase),42.00372898200004,-83.95602597499993,district,2012,,,https://catalog.archives.gov/id/25338277,Lenawee,Tecumseh
Assumption of the Blessed Virgin Mary Church Complex,42.42789648000018,-82.98109451599998,district,2012,,,https://catalog.archives.gov/id/25340788,Wayne,Detroit
Palmer Park Boulevard Apartments District,42.41729100600003,-83.12077285099997,district,2012,,,https://catalog.archives.gov/id/25341076,Wayne,Highland Park
Saint Joseph Roman Catholic Parish Complex (Boundary Increase),42.34570304200002,-83.03605346699999,district,2012,,,https://catalog.archives.gov/id/25340852,Wayne,Detroit
Beverly Road Historic District,42.388359606000044,-82.90149126799999,district,2012,,,https://catalog.archives.gov/id/25340942,Wayne,Grosse Pointe Farms
St. Augustine Catholic Church and Cemetery,42.70598180600006,-83.82214006199995,district,2012,,,https://catalog.archives.gov/id/25339941,Livingston,Hartland
Park Avenue Historic District,42.3366579030001,-83.06343675099998,district,2012,,,https://catalog.archives.gov/id/25340904,Wayne,Detroit
"Fuerst, Jacob and Rebecca, Farmstead",42.46516863100003,-83.4933804499999,district,2012,,,https://catalog.archives.gov/id/25340192,Oakland,Novi
West Canfield Historic District (Boundary Increase),42.35071395100016,-83.06802481099999,district,2012,,,https://catalog.archives.gov/id/25338697,Wayne,Detroit
Jefferson Intermediate School,42.34665070200014,-83.06861991699994,district,2012,,,https://catalog.archives.gov/id/25338601,Wayne,Detroit
Cass--Davenport Historic District,42.346246242000056,-83.06107974999998,district,2012,,,https://catalog.archives.gov/id/25338695,Wayne,Detroit
Lower Woodward Avenue Historic District,42.33421900500013,-83.04879153099995,district,2012,,,https://catalog.archives.gov/id/25340926,Wayne,Detroit
Main Street Historic District,42.084815920000096,-83.68343383599994,district,2012,,,https://catalog.archives.gov/id/25340641,Washtenaw,Milan
"Fischer, John and Edna Trusdell, Farmstead",42.26939971400003,-83.47652728099989,district,2012,,,https://catalog.archives.gov/id/25338532,Wayne,Sheldon
Grand Circus Park Historic District (Boundary Increase),42.33759356500008,-83.05145025899992,district,2012,,,https://catalog.archives.gov/id/25341176,Wayne,Detroit
"Reuther, Walter P. and May Wolf, House",42.74124163400017,-83.17180496499998,district,2012,,,https://catalog.archives.gov/id/25340330,Oakland,Rochester
West Vernor--Lawndale Historic District,42.30927638700012,-83.13254896499996,district,2012,,,https://catalog.archives.gov/id/25338633,Wayne,Detroit
Sugar Hill Historic District,42.35453304600003,-83.06098650299998,district,2012,,,https://catalog.archives.gov/id/25341142,Wayne,Detroit
Broadway Avenue Historic District,42.33507672400014,-83.04614903299989,district,2012,,,https://catalog.archives.gov/id/25340916,Wayne,Detroit
"Sutherland, Landgford and Lydia McMichael, Farmstead",42.1993681620001,-83.74035748599994,district,2012,,,https://catalog.archives.gov/id/25340671,Washtenaw,Pittsfield Charter Township
Midtown Woodward Historic District,42.34497685500008,-83.05654647899996,district,2012,,,https://catalog.archives.gov/id/25340912,Wayne,Detroit
Dry Dock Engine Works--Detroit Dry Dock Company Complex,42.332815807000024,-83.02641277599992,district,2012,,,https://catalog.archives.gov/id/25341126,Wayne,Detroit
Clinton Downtown Historic District,42.07200067200005,-83.97297392099995,district,2012,,,https://catalog.archives.gov/id/25339880,Lenawee,Clinton
Marine City Water Works,42.71677545700009,-82.49129735299992,district,2012,,,https://catalog.archives.gov/id/25340519,St. Clair,Marine City
"Rentschler, Emanuel and Elizabeth, Farmstead",42.17587852700012,-83.761126248,district,2014,,,,Washtenaw,Saline
"Redstone, Louis G., Residential Historic District",42.43308714700003,-83.1721254759999,district,2014,,,,Wayne,Detroit
Williamston Downtown Historic District,42.68918340199996,-84.28314976399992,district,2014,,,https://catalog.archives.gov/id/25339487,Ingham,Williamston
Dearborn City Hall Complex,42.32116196800007,-83.17714180999991,district,2017,,,,Wayne,Dearborn
Saint Matthew Parish,42.41150400000009,-82.94248299999991,district,2024,,,,Wayne,Detroit
Lakewood Farm,42.804856000000136,-86.20981099999993,district,2024,,,,Ottawa,Park Township
St. Ignace Mission,45.87162409199998,-84.74398468099997,site,2012,,,https://catalog.archives.gov/id/25338761,Mackinac,St. Ignace
"Brooks, Harold C., House (Boundary Increase)",42.27456131500014,-84.96383709999998,site,2012,,,https://catalog.archives.gov/id/25339024,Calhoun,Marshall
Gros Cap Cemetery,45.870360343000186,-84.79918331099998,site,2012,,,,Mackinac,Gros Cap
Ardis Furnace,45.836891412000156,-88.0487397689999,site,2012,,,https://catalog.archives.gov/id/25339230,Dickinson,Iron Mountain
Jackson Mine,46.49854518000012,-87.62291989799996,site,2012,,,https://catalog.archives.gov/id/25340087,Marquette,Negaunee
Jackson Iron Company Site,46.52134876500014,-87.56581724199992,site,2012,,,https://catalog.archives.gov/id/25340085,Marquette,Negaunee
Schoolcraft Furnace Site,46.42386122800013,-86.62275728599991,site,2012,,,https://catalog.archives.gov/id/25338807,Alger,Munising
Hebrew Cemetery,42.25513825800003,-84.42274418199997,site,2012,,,https://catalog.archives.gov/id/25339615,Jackson,Jackson
"Stafford, W. R., Planing Mill Site",43.941274554000074,-82.70734696099998,site,2012,,,https://catalog.archives.gov/id/25337941,Huron,Port Hope
"Stafford, W. R., Saw Mill Site",43.943682031000094,-82.70891126599997,site,2012,,,https://catalog.archives.gov/id/25337939,Huron,Port Hope
Keweenaw National Historical Park,47.155556140000144,-88.55764761999994,site,2012,,,https://catalog.archives.gov/id/25339443,Houghton,Calumet
Morgan West Wheatland Cemetery,43.61526200000002,-85.19377099999993,site,2024,,,,Mecosta,Wheatland Township
COASTER II,48.002197887000136,-122.22156240599996,structure,2012,,,https://catalog.archives.gov/id/25340041,Marquette,Marquette
Main Street--Black River Bridge,46.47371508300011,-90.00151385399994,structure,2012,,,https://catalog.archives.gov/id/25337905,Gogebic,Bessemer Township
Caspian Mine Headframe,46.067604962000075,-88.62542589199997,structure,2012,,,https://catalog.archives.gov/id/25338127,Iron,Caspian
Crystal Falls Dam and Power Plant,46.10619480999997,-88.33491689699991,structure,2012,,,https://catalog.archives.gov/id/25338113,Iron,Crystal Falls
"Moores, J.H., Memorial Natatorium",42.716945708000026,-84.5563335729999,structure,2012,,,https://catalog.archives.gov/id/25339523,Ingham,Lansing
Chapin Mine Steam Pump Engine,45.82492888100012,-88.07018133899993,structure,2012,,,https://catalog.archives.gov/id/25339228,Dickinson,Iron Mountain
Manistique Pumping Station,45.963055429000185,-86.25187828599991,structure,2012,,,https://catalog.archives.gov/id/25340458,Schoolcraft,Manistique
Bay Furnace,46.440750258000094,-86.7059538229999,structure,2012,,,https://catalog.archives.gov/id/25338805,Alger,Christmas
Second Street Bridge,42.53113310400005,-85.84816713299995,structure,2012,,,https://catalog.archives.gov/id/25338833,Allegan,Allegan
Croton Hydroelectric Plant,43.43707543100014,-85.6654522479999,structure,2012,,,https://catalog.archives.gov/id/25340186,Newaygo,Croton
West Mitchell Street Bridge,45.3739778150001,-84.96092349099996,structure,2012,,,https://catalog.archives.gov/id/25337805,Emmet,Petoskey
Skillagalee Light Station,45.67638699000001,-85.17172008999988,structure,2012,,,https://catalog.archives.gov/id/28891084,Emmet,Cross Village
ALVIN CLARK (schooner),45.1042248180001,-87.6202563459999,structure,2012,,,https://catalog.archives.gov/id/25340123,Menominee,Menominee
S.S. VALLEY CAMP,46.49951611000016,-84.33497139199987,structure,2012,,,https://catalog.archives.gov/id/25339166,Chippewa,Sault Ste. Marie
Shay Locomotive,44.24487148000003,-85.39884831699999,structure,2012,,,https://catalog.archives.gov/id/25341194,Wexford,Cadillac
Mineral Well Park,45.375318057000136,-84.96036444799995,structure,2012,,,https://catalog.archives.gov/id/25337803,Emmet,Petoskey
U.S.S. SILVERSIDES,43.227407561,-86.33880875599993,structure,2012,,,https://catalog.archives.gov/id/25340177,Muskegon,Muskegon
Thornapple River Drive Bridge,42.93965805400013,-85.49127986999997,structure,2012,,,https://catalog.archives.gov/id/25339740,Kent,Cascade Township
Manistee North Pier,44.251150027000165,-86.34500619399995,structure,2012,,,https://catalog.archives.gov/id/25340035,Manistee,Manistee
US 12 St. Joseph River Bridge,41.80000917500012,-85.75684724699994,structure,2012,,,https://catalog.archives.gov/id/25340549,St. Joseph,Mottville
Martin Road Bridge,42.96890527200014,-84.05591730799995,structure,2012,,,https://catalog.archives.gov/id/25340480,Shiawassee,Corunna
"Eesley, J. F., Milling Co. Flour Mill--Elevator",42.44306539800004,-85.63164158799998,structure,2012,,,https://catalog.archives.gov/id/25337654,Allegan,Plainwell
CITY OF MILWAUKEE,44.629679987000024,-86.23752347799996,structure,2012,,,https://catalog.archives.gov/id/25338734,Benzie,Manistee
Pere Marquette Railway Steam Locomotive No. 1225,42.993261298000036,-84.1646597309999,structure,2012,,,https://catalog.archives.gov/id/25340482,Shiawassee,Owosso
Parshallburg Bridge,43.14406845600007,-84.13519801099994,structure,2012,,,https://catalog.archives.gov/id/25340432,Saginaw,Oakley
"Navigation Structures at South Haven Harbor, Michigan",42.402508093000144,-86.2818919799999,structure,2012,,,https://catalog.archives.gov/id/25340591,Van Buren,South Haven
"Piers and Revetments at Grand Haven, Michigan",43.05888041100007,-86.25603065499995,structure,2012,,,https://catalog.archives.gov/id/25340388,Ottawa,Grand Haven
"Piers and Revetments at Grand Haven, Michigan",43.062892742000145,-86.23897292999999,structure,2012,,,https://catalog.archives.gov/id/25340388,Ottawa,Grand Haven
"Manistee Harbor, South Breakwater",44.25149336700013,-86.34995003799992,structure,2012,,,https://catalog.archives.gov/id/25340033,Manistee,Manistee
"Manistee Harbor, South Breakwater",44.24709925300003,-86.34511368199998,structure,2012,,,https://catalog.archives.gov/id/25340033,Manistee,Manistee
Udell Lookout Tower,44.20806908500009,-86.09990761099994,structure,2012,,,https://catalog.archives.gov/id/25340031,Manistee,Wellston
Center Road--Tittabawassee River Bridge,43.39364389700018,-84.01493551999988,structure,2012,,,https://catalog.archives.gov/id/25338414,Saginaw,James Township
M-28--Sand River Bridge,46.495070465000126,-87.10751855499988,structure,2012,,,https://catalog.archives.gov/id/25337648,Alger,Onota Township
M-94 (old)--Au Train River Bridge,46.433135107000176,-86.83641093999995,structure,2012,,,https://catalog.archives.gov/id/25337650,Alger,Au Train Township
King Road--Whitefish River Bridge,46.26344008700004,-87.09292199699996,structure,2012,,,https://catalog.archives.gov/id/25337652,Alger,Limestone Township
Canyon Falls Bridge,46.62525715900018,-88.47027544199995,structure,2012,,,https://catalog.archives.gov/id/25337694,Missaukee,L'Anse Township
M-28--Tahquamenon River Bridge,46.34603498100018,-84.95900318499997,structure,2012,,,https://catalog.archives.gov/id/25337718,Chippewa,Chippawa Township
Stony Creek Bridge,42.9150132040001,-84.58000735699989,structure,2012,,,https://catalog.archives.gov/id/25337722,Clinton,Olive Township
US-41 (old)--Backwater Creek Bridge,46.75425501000018,-88.49498845899996,structure,2012,,,https://catalog.archives.gov/id/25337696,Baraga,Barage Township
Cheboyan Bascule Bridge,45.64577944600012,-84.47278973299991,structure,2012,,,https://catalog.archives.gov/id/25337716,Cheboygan,Cheboyan
M-27--Au Sable River Bridge,44.659691622000125,-84.71227689599989,structure,2012,,,https://catalog.archives.gov/id/25337724,Crawford,Grayling
County Road I-39-- Rapid River Bridge,46.022643955000085,-86.97908343299991,structure,2012,,,https://catalog.archives.gov/id/25337726,Delta,Masonville Township
Planter Road--Jackson Creek Bridge,46.513344103000065,-89.97017847099988,structure,2012,,,https://catalog.archives.gov/id/25337903,Gogebic,Wakefield Township
Lincoln Road--Pine River Bridge,43.37926812100017,-84.83296108699983,structure,2012,,,https://catalog.archives.gov/id/25337911,Gratiot,Seville
County Road C11--Pike River Bridge,47.01850636700004,-88.53951411099996,structure,2012,,,https://catalog.archives.gov/id/25337915,Houghton,Chassell
US 2--Iron River Bridge,46.101897834000106,-88.50014765999998,structure,2012,,,https://catalog.archives.gov/id/25338117,Iron,Iron River
Mansfield Road--Michigamme River Bridge,46.113453793000126,-88.2166199319999,structure,2012,,,https://catalog.archives.gov/id/25338115,Iron,Mansfield Township
Forest Route 157--Tamarack River Bridge,46.247084158000064,-88.97825160799988,structure,2012,,,https://catalog.archives.gov/id/25338119,Iron,Stambaugh Township
Chicagon Mine Road--Chicagon Creek Bridge,46.09534832500008,-88.50884425499993,structure,2012,,,https://catalog.archives.gov/id/25338111,Iron,Bates Township
Business Route M-21--Plaster Creek Bridge,42.93594751800009,-85.6872797019999,structure,2012,,,https://catalog.archives.gov/id/25338212,Kent,Wyoming
Division Avenue--Plaster Creek Bridge,42.91818751500011,-85.66603095699992,structure,2012,,,https://catalog.archives.gov/id/25338214,Kent,Grand Rapids
US 41--Fanny Hooe Creek Bridge,47.466843063000105,-87.87189169699991,structure,2012,,,https://catalog.archives.gov/id/25338227,Keweenaw,Grant Township
North Watervliet Road--Paw Paw Lake Outlet Bridge,42.20777663200016,-86.25005488699988,structure,2012,,,https://catalog.archives.gov/id/25337700,Berrien,Watervliet
Blossomland Bridge,42.112402023000016,-86.47785252899996,structure,2012,,,https://catalog.archives.gov/id/25337704,Berrien,Saint Joseph
M 26--Cedar Creek Culvert,47.45535342900018,-88.15009191799999,structure,2012,,,https://catalog.archives.gov/id/25338229,Keweenaw,Eagle Harbor Township
Avery Road--Galien River Bridge,41.874231144000134,-86.55486912899993,structure,2012,,,https://catalog.archives.gov/id/25337702,Berrien,New Troy
M26--Silver River Culvert,47.46294250900013,-88.07243949999992,structure,2012,,,https://catalog.archives.gov/id/25338231,Keweenaw,Eagle Harbor Township
Mackinac Trail--Carp River Bridge,46.018457109000046,-84.71831679299993,structure,2012,,,https://catalog.archives.gov/id/25338285,Mackinac,St. Ignace Township
County Road 557--West Branch Escanaba River Bridge,46.14662300400017,-87.46265271099999,structure,2012,,,https://catalog.archives.gov/id/25338289,Marquette,Wells Township
Truck Line Bridge No. 1,46.52824401400016,-88.00386085499991,structure,2012,,,https://catalog.archives.gov/id/25338291,Marquette,Michigamme Township
M 95 (old)--Michigamme River  Bridge,46.24647855900014,-88.01278361499993,structure,2012,,,https://catalog.archives.gov/id/25338287,Marquette,Republic Township
North Saginaw Road--Salt River Bridge,43.67821936900008,-84.39436171299997,structure,2012,,,https://catalog.archives.gov/id/25338335,Midland,Jerome Township
Ball Road--Little Salt Creek Bridge,43.51685792500006,-84.55875731299989,structure,2012,,,https://catalog.archives.gov/id/25338337,Midland,Jasper Township
US 31--Pentwater River Bridge,43.741437937000114,-86.38957564399993,structure,2012,,,https://catalog.archives.gov/id/25338357,Oceana,Weare Township
Fruitport Road--Pettys Bayou Bridge,43.08943963000018,-86.17522263199999,structure,2012,,,https://catalog.archives.gov/id/25338359,Ottawa,Spring Lake Township
Ocqueoc Falls Highway--Ocqueoc River Bridge,45.38923720899999,-84.05921988199998,structure,2012,,,https://catalog.archives.gov/id/25338361,Presque Isle,Ocqueoc
Ten Curves Road--Manistique River Bridge,46.24702104200002,-85.92468673899998,structure,2012,,,https://catalog.archives.gov/id/25338430,Schoolcraft,Gemfask Township
Second Street--Gun River Bridge,42.515529590000014,-85.56286799999994,structure,2012,,,https://catalog.archives.gov/id/25337688,Allegan,Hooper
M--88--Intermediate River Bridge,44.97856469200013,-85.21014023099991,structure,2012,,,https://catalog.archives.gov/id/25337692,Antrim,Bellaire
South Union Street--Boardman River Bridge,44.76194183699999,-85.62371344199993,structure,2012,,,https://catalog.archives.gov/id/25337909,Grand Traverse,Traverse City
Residential Drive--Townline Brook Bridge,42.477531849000165,-84.95301774899997,structure,2012,,,https://catalog.archives.gov/id/25337728,Eaton,Walton Township
Powers Highway--Battle Creek Bridge,42.454380793000084,-84.80662405799985,structure,2012,,,https://catalog.archives.gov/id/25337730,Eaton,Brookfield Township
Stancer--Road--North Coldwater River Bridge,42.02152003300011,-85.09076856899998,structure,2012,,,https://catalog.archives.gov/id/25337708,Branch,Union Township
US-12--Coldwater River Bridge,41.94458910300007,-85.03105657899987,structure,2012,,,https://catalog.archives.gov/id/25337706,Branch,Coldwater
12 Mile road-- Kalamazoo River Bridge,42.27004012600008,-85.06147161699995,structure,2012,,,https://catalog.archives.gov/id/25337710,Calhoun,Marshall
23 Mile Road--Kalamazoo River Bridge,42.268299999000085,-84.8478810659999,structure,2012,,,https://catalog.archives.gov/id/25337712,Calhoun,Marengo
Thompson Road--Air Line Railroad Bridge,41.893169065000045,-86.19466984199994,structure,2012,,,https://catalog.archives.gov/id/25337714,Cass,Howard
American Legion Memorial Bridge,44.76136833700019,-85.62094720499994,structure,2012,,,https://catalog.archives.gov/id/25337907,Grand Traverse,Traverse City
Trunk Line Bridge No. 237,41.769749591000036,-84.57323824799994,structure,2012,,,https://catalog.archives.gov/id/25337913,Hillsdale,Ransom
Ash Street--Sycamore Creek Bridge,42.579224459000166,-84.4474251549999,structure,2012,,,https://catalog.archives.gov/id/25337987,Ingham,Mason
M-50--Sandstone Creek Bridge,42.37306498500009,-84.54493138499993,structure,2012,,,https://catalog.archives.gov/id/25338149,Jackson,Tompkins
Mill Street--South Branch Raisin River Bridge,42.11005785000014,-84.24548558599992,structure,2012,,,https://catalog.archives.gov/id/25338147,Jackson,Brooklyn
Denton Road--Sparks Foundation Park Pond Bridge,42.227309045000084,-84.43183661899991,structure,2012,,,https://catalog.archives.gov/id/25338151,Jackson,Jackson
Lake Leelanau Narrows Bridge,44.98145096600018,-85.71182922899987,structure,2012,,,https://catalog.archives.gov/id/25338260,Leelanau,Leland Township
Parker Road--Charlotte River Bridge,46.36259605900017,-84.28989809399997,structure,2012,,,https://catalog.archives.gov/id/25337720,Chippewa,Burce Township
M-86--Prarie River Bridge,41.918921532000184,-85.48164711599998,structure,2012,,,https://catalog.archives.gov/id/25338428,St. Joseph,Nottawa
Pere Marquette Railway Locomotive #1223,43.067758426000005,-86.22998379899997,structure,2012,,,https://catalog.archives.gov/id/25340390,Ottawa,Grand Haven
Whitefish Point Lighthouse,46.77111235900008,-84.95446057299989,structure,2012,,,https://catalog.archives.gov/id/25339180,Chippewa,Shelldrake
Marantette Bridge,41.9990388640001,-85.45837451199998,structure,2012,,,https://catalog.archives.gov/id/25340547,St. Joseph,Mendon
Porter Hollow Embankment and Culvert,43.16593035800008,-85.56692059399995,structure,2012,,,https://catalog.archives.gov/id/25339734,Kent,Algoma Township
Marshall Avenue Bridge,42.267188321000106,-84.95437431799996,structure,2012,,,https://catalog.archives.gov/id/25339064,Calhoun,Marshall
Charlevoiz South Pierhead Light,45.32018764400003,-85.26512679899992,structure,2012,,,https://catalog.archives.gov/id/75324987,Charlevoix,Charlevoix
Menominee Pierhead Light Station,45.09720529599996,-87.5859294469999,structure,2012,,,https://catalog.archives.gov/id/75325107,Menominee,Menominee
Nahma and Northern Railway Locomotive #5,45.84080478900007,-86.66430256599988,structure,2012,,,https://catalog.archives.gov/id/25339213,Delta,Nahma Township
S.S. BADGER (carferry),43.948927476000044,-86.4513898219999,structure,2012,,,https://catalog.archives.gov/id/25340103,Mason,Ludington
Bay de Noquet Lumber Company Waste Burner,45.83539261800018,-86.66021465499995,structure,2012,,,https://catalog.archives.gov/id/25339211,Delta,Nahma
Pointe Aux Barques Lighthouse,44.023552822000106,-82.75562718399993,structure,2012,,,https://catalog.archives.gov/id/25339471,Huron,Huron City
Hurlbut Memorial Gate,42.360979617000055,-82.98141739999994,structure,2012,,,https://catalog.archives.gov/id/25340746,Wayne,Detroit
Ypsilanti Water Works Stand Pipe,42.24557089799998,-83.62467260499994,structure,2012,,,https://catalog.archives.gov/id/25340710,Washtenaw,Ypsilanti
"Stafford, W. R., Flour Mill and Elevator",43.94189519500003,-82.70798777999988,structure,2012,,,https://catalog.archives.gov/id/25337917,Huron,Port Hope
Tiger Stadium,42.33259716800012,-83.06888714999991,structure,2012,,,https://catalog.archives.gov/id/25341128,Wayne,Detroit
St. Clair Flats South Channel Range Lights,42.53749372200013,-82.69473788899997,structure,2012,,,https://catalog.archives.gov/id/25340525,St. Clair,Algonac
Morseville Bridge,43.236630764000154,-83.86833958899992,structure,2012,,,https://catalog.archives.gov/id/25340436,Saginaw,Taymouth Township
STE. CLAIRE (steamer),42.326565306000184,-83.04368836999987,structure,2012,,,https://catalog.archives.gov/id/25341132,Wayne,Detroit
St. Clair River Tunnel,42.958291296000134,-82.41042034699996,structure,2012,,,https://catalog.archives.gov/id/25340515,St. Clair,Port Huron
St. Clair River Tunnel,42.960083063000184,-82.43289846899995,structure,2012,,,https://catalog.archives.gov/id/25340515,St. Clair,Port Huron
State Street Bridge,43.35818954600005,-83.8824574659999,structure,2012,,,https://catalog.archives.gov/id/25340430,Saginaw,Bridgeport
Bay City Bascule Bridge,43.57960587900009,-83.89970093999995,structure,2012,,,https://catalog.archives.gov/id/25337698,Bay,Bay City
West Second Street--Swartz Creek Bridge,43.01064127600012,-83.69938408099995,structure,2012,,,https://catalog.archives.gov/id/25337899,Genesee,Flint
Beach-Garland Street--Flint River Bridge,43.01972174200005,-83.69424774599997,structure,2012,,,https://catalog.archives.gov/id/25337901,Genesee,Flint
Mower Road--Cole Drain Bridge,43.32744653900016,-83.96844621699994,structure,2012,,,https://catalog.archives.gov/id/25338412,Saginaw,Spaulding Township
Gillespie Street--Clinton River Bridge,42.626043314000185,-83.29759741199996,structure,2012,,,https://catalog.archives.gov/id/25338351,Oakland,Pontiac
Masters Road--Belle River Bridge,43.839977255000186,-82.85795524299994,structure,2012,,,https://catalog.archives.gov/id/25338424,St. Clair,Riley Township
Derby Street--Grand Trunk Western Railroad Bridge,42.55415080100015,-83.20299424999995,structure,2012,,,https://catalog.archives.gov/id/25338355,Oakland,Birmingham
Trowbridge Road--Grand Trunk Western Railroad Bridge,42.58062926300004,-83.23073547799999,structure,2012,,,https://catalog.archives.gov/id/25338353,Oakland,Bloomfield Hills
Vernier Street--Swan Creek Bridge,42.680584673000055,-82.65810713799993,structure,2012,,,https://catalog.archives.gov/id/25338416,St. Clair,Ira Township
Indian Trail Road--Belle River Bridge,42.77504369899997,-82.54926969399992,structure,2012,,,https://catalog.archives.gov/id/25338426,St. Clair,China Township
Jeddo Road--South Branch Mill Creek Drain Bridge,43.143496879000104,-82.83695719099984,structure,2012,,,https://catalog.archives.gov/id/25338422,St. Clair,Brookway Township
Wadhams Road--Pine River Bridge,42.87146400600017,-82.55768151599995,structure,2012,,,https://catalog.archives.gov/id/25338418,St. Clair,Saint Clair Township
US 12 Bridges,42.326580393000135,-83.16068325099997,structure,2012,,,https://catalog.archives.gov/id/25338720,Wayne,Dearborn
US 12 Bridges,42.32619752900007,-83.16188376099996,structure,2012,,,https://catalog.archives.gov/id/25338720,Wayne,Dearborn
East River Road-- North Hickory Canal Bridge,42.09613668600008,-83.15054156399992,structure,2012,,,https://catalog.archives.gov/id/25338712,Wayne,Grosse Ile
Parke Lane Road--Thorofare Canal Bridge,42.16803667400013,-83.14389668599989,structure,2012,,,https://catalog.archives.gov/id/25338708,Wayne,Grosse Ile
Seventh Street--Black River Bridge,42.97626923900004,-82.42751074199998,structure,2012,,,https://catalog.archives.gov/id/25338420,St. Clair,Port Huron
Lilley Road--Lower Rouge River,42.279555408000064,-83.45655197699995,structure,2012,,,https://catalog.archives.gov/id/25338704,Wayne,Canton Township
West Jefferson Avenue--Rouge River Bridge,42.28071058900019,-83.12867400099998,structure,2012,,,https://catalog.archives.gov/id/25338716,Wayne,River Rouge
Jefferson Avenue--Huron River and Harbin Drive--Silver Creek Canal Bridges,42.0424170060001,-83.21445486699992,structure,2012,,,https://catalog.archives.gov/id/25338528,Wayne,Brownstone
Jefferson Avenue--Huron River and Harbin Drive--Silver Creek Canal Bridges,42.042959322000065,-83.21435288499993,structure,2012,,,https://catalog.archives.gov/id/25338528,Wayne,Brownstone
Waltz Road--Huron River Bridge,42.16110211900018,-83.40281835199994,structure,2012,,,https://catalog.archives.gov/id/25338706,Wayne,Huron Township
Gibraltar Road--Waterway Canal Bridge,42.09492975500018,-83.1905254529999,structure,2012,,,https://catalog.archives.gov/id/25338710,Wayne,Gibraltar
Antietam Street--Grand Trunk Railroad,42.34536888600012,-83.03458587299997,structure,2012,,,https://catalog.archives.gov/id/25338730,Wayne,Detroit
Chestnut Street--Grand Trunk Railroad,42.344657467000154,-83.03407731699991,structure,2012,,,https://catalog.archives.gov/id/25338732,Wayne,Detroit
Fort Street--Pleasant Street and Norfolk & Western Railroad Viaduct,42.28448645300017,-83.14832769599995,structure,2012,,,https://catalog.archives.gov/id/25338718,Wayne,Detroit
South Pointe Drive--Frenchman's Creek Bridge,42.10248130500002,-83.17228245399997,structure,2012,,,https://catalog.archives.gov/id/25338726,Wayne,Grosse Ile
Ferry Street--Thorofare Canal Bridge,42.13799729700002,-83.15619301099997,structure,2012,,,https://catalog.archives.gov/id/25338714,Wayne,Grosse Ile
Jackson Branch Bridge No. 15,41.9432912630001,-83.94599326799994,structure,2012,,,https://catalog.archives.gov/id/25339908,Lenawee,Raisin Township
Fishing Tug Katherine V,45.08146798400014,-83.44909547499992,structure,2012,,,https://catalog.archives.gov/id/25338845,Alpena,Alpena
Indian Lake Road Stone Arch Bridge,42.79743461500011,-83.24634375099998,structure,2012,,,https://catalog.archives.gov/id/25340316,Oakland,Orion
Griggs Brothers--Rochester Elevator Company Grain Elevator,42.68152862800008,-83.14366281499993,structure,2012,,,https://catalog.archives.gov/id/25340200,Oakland,Rochester
Port Austin Reef Light,44.08201627900012,-82.98230070999995,structure,2012,,,https://catalog.archives.gov/id/75325037,Huron,Port Austin
Clinton-Kalamazoo Canal,42.654816588000074,-83.05264224199999,structure,2012,,,https://catalog.archives.gov/id/25340006,Macomb,Yates
Grand Marais Harbor of Refuge Inner and Outer Lights,46.67867227800008,-85.97129889899998,structure,2013,,,https://catalog.archives.gov/id/75324931,Alger,Grand Marais
Grand Marais Harbor of Refuge Inner and Outer Lights,46.685744378000095,-85.97214585599988,structure,2013,,,https://catalog.archives.gov/id/75324931,Alger,Grand Marais
USCGC BRAMBLE (cutter),42.96193102000001,-82.42553571699989,structure,2013,,,https://catalog.archives.gov/id/25340521,St. Clair,Port Huron
Upper Twin Falls Bridge,45.87797613800013,-88.07700585399994,structure,2014,,,https://catalog.archives.gov/id/25339226,Dickinson,Iron Mountain
Fountain of the Pioneers,42.2900990220001,-85.5885750399999,structure,2017,,,,Kalamazoo,Kalamazoo
Keweenaw Waterway Lower Entrance Light,46.96691194000015,-88.43101958499989,structure,2017,,,,Houghton,Torch Lake Township
Ishpeming Fire Tower,47.99203518500003,-88.91547370199999,structure,2024,,,,Keweenaw,Houghton
New Feldtmann Fire Tower,47.86102040300005,-89.09297550199987,structure,2024,,,,Keweenaw,Houghton
Ojibway Fire Tower,48.10863823400018,-88.60994565799996,structure,2024,,,,Keweenaw,Houghton
Saugatuck Gap Filler Annex,42.66125000000016,-86.20908299999991,structure,2024,,,,Allegan,Saugatuck
Saginaw County Fairgrounds Main Gate,43.40729900000013,-83.91708399999999,structure,2024,,,,Saginaw,Saginaw
Grand Trunk Western Railroad Grand Haven Coal Tipple,43.06765000000013,-86.23007899999993,structure,2024,,,,Ottawa,Grand Haven
